Sensor: NV Lab (ID: TS00NAHQ2A),Created: 2026-09-04 15:22:37 ,Start: 2026-08-05 15:22:34 ,End: 2026-09-04 15:22:34 

Timestamp,Temperature,Humidity,Heat Index,Dew Point,Battery,Connection Quality (RSSI),Seconds to Connect,
2026-08-05 15:33:22 ,24.8,49.5,25,13.5,71,-55,1,
2026-08-05 15:48:22 ,24.8,49.7,24.4,13.5,73,-57,1,
2026-08-05 16:03:22 ,24.8,49.8,24.4,13.5,71,-56,1,
2026-08-05 16:18:22 ,24.7,50,24.4,13.6,73,-57,1,
2026-08-05 16:33:22 ,24.7,50,24.4,13.5,71,-55,1,
2026-08-05 16:48:22 ,24.6,50.1,24.4,13.5,73,-55,1,
2026-08-05 17:03:22 ,24.6,50.3,24.4,13.5,71,-51,1,
2026-08-05 17:18:22 ,24.5,50.3,24.4,13.5,71,-55,1,
2026-08-05 17:33:22 ,24.5,50.5,24.4,13.5,73,-53,1,
2026-08-05 17:48:22 ,24.5,50.5,24.4,13.5,73,-53,1,
2026-08-05 18:03:22 ,24.5,50.5,24.4,13.5,73,-50,1,
2026-08-05 18:18:22 ,24.5,50.5,24.4,13.5,73,-55,1,
2026-08-05 18:33:22 ,24.5,50.5,24.4,13.5,73,-54,1,
2026-08-05 18:48:22 ,24.5,50.5,24.4,13.5,73,-52,1,
2026-08-05 19:03:22 ,24.5,50.6,24.4,13.5,73,-51,1,
2026-08-05 19:18:22 ,24.5,50.5,24.4,13.5,71,-52,1,
2026-08-05 19:33:22 ,24.5,50.5,24.4,13.5,71,-52,1,
2026-08-05 19:48:22 ,24.4,50.4,24.4,13.5,73,-50,1,
2026-08-05 20:03:22 ,24.4,50.4,24.4,13.5,73,-52,1,
2026-08-05 20:18:22 ,24.4,50.4,24.4,13.4,73,-49,1,
2026-08-05 20:33:22 ,24.4,50.4,24.4,13.4,73,-53,1,
2026-08-05 20:48:22 ,24.4,50.4,24.4,13.4,73,-52,1,
2026-08-05 21:03:22 ,24.4,50.3,24.4,13.4,73,-52,1,
2026-08-05 21:18:22 ,24.4,50.3,24.4,13.4,73,-51,1,
2026-08-05 21:33:22 ,24.4,50.2,24.4,13.4,73,-54,1,
2026-08-05 21:48:22 ,24.4,50.1,24.4,13.3,73,-52,1,
2026-08-05 22:03:22 ,24.4,49.9,24.4,13.2,71,-52,1,
2026-08-05 22:18:22 ,24.4,49.8,24.4,13.2,71,-53,1,
2026-08-05 22:33:22 ,24.4,49.7,24.4,13.2,71,-53,1,
2026-08-05 22:48:22 ,24.4,49.7,24.4,13.2,73,-51,1,
2026-08-05 23:03:22 ,24.4,49.5,24.4,13.1,73,-52,1,
2026-08-05 23:18:22 ,24.3,49.4,24.4,13,73,-52,1,
2026-08-05 23:33:22 ,24.3,49.4,24.4,13,71,-52,1,
2026-08-05 23:48:22 ,24.4,49.4,24.4,13.1,73,-53,1,
2026-08-06 00:03:22 ,24.4,49.4,24.4,13.1,73,-52,1,
2026-08-06 00:18:22 ,24.4,49.4,24.4,13.1,71,-52,1,
2026-08-06 00:33:22 ,24.4,49.6,24.4,13.1,71,-53,1,
2026-08-06 00:48:22 ,24.4,49.6,24.4,13.1,71,-51,1,
2026-08-06 01:03:22 ,24.3,49.5,24.4,13.1,71,-52,1,
2026-08-06 01:18:22 ,24.3,49.5,24.4,13.1,71,-51,1,
2026-08-06 01:33:22 ,24.3,49.5,24.4,13.1,73,-52,1,
2026-08-06 01:48:22 ,24.3,49.6,24.4,13.1,71,-51,1,
2026-08-06 02:03:22 ,24.3,49.7,24.4,13.1,71,-52,1,
2026-08-06 02:18:22 ,24.3,49.8,24.4,13.2,71,-52,1,
2026-08-06 02:33:22 ,24.3,49.9,24.4,13.2,71,-52,1,
2026-08-06 02:48:22 ,24.3,49.9,24.4,13.2,71,-52,1,
2026-08-06 03:03:22 ,24.3,49.9,24.4,13.2,71,-52,1,
2026-08-06 03:18:22 ,24.3,49.9,24.4,13.2,71,-53,1,
2026-08-06 03:33:22 ,24.3,50,24.4,13.2,71,-55,1,
2026-08-06 03:48:22 ,24.3,49.9,24.4,13.2,71,-52,1,
2026-08-06 04:03:22 ,24.3,49.9,24.4,13.2,71,-51,1,
2026-08-06 04:18:22 ,24.3,50,24.4,13.2,71,-53,1,
2026-08-06 04:33:22 ,24.3,50,24.4,13.2,73,-48,1,
2026-08-06 04:48:22 ,24.3,50,24.4,13.2,73,-52,1,
2026-08-06 05:03:22 ,24.3,49.9,24.4,13.2,71,-53,1,
2026-08-06 05:18:22 ,24.3,49.9,24.4,13.1,73,-52,1,
2026-08-06 05:33:22 ,24.3,50,24.4,13.1,71,-52,1,
2026-08-06 05:48:22 ,24.3,50,24.4,13.2,71,-52,1,
2026-08-06 06:03:22 ,24.3,50,24.4,13.2,71,-52,1,
2026-08-06 06:18:22 ,24.3,50,24.4,13.2,71,-51,1,
2026-08-06 06:33:22 ,24.3,49.9,24.4,13.1,71,-52,1,
2026-08-06 06:48:22 ,24.3,49.8,24.4,13.1,71,-51,1,
2026-08-06 07:03:22 ,24.3,49.7,24.4,13.1,71,-52,1,
2026-08-06 07:18:22 ,24.2,49.6,23.9,13,71,-52,1,
2026-08-06 07:33:22 ,24.2,49.6,23.9,13,71,-52,1,
2026-08-06 07:48:22 ,24.3,49.6,24.4,13,71,-53,1,
2026-08-06 08:03:22 ,24.2,49.6,23.9,13,71,-51,1,
2026-08-06 08:18:22 ,24.2,49.5,23.9,13,71,-49,1,
2026-08-06 08:33:22 ,24.2,49.3,23.9,12.9,71,-55,1,
2026-08-06 08:48:22 ,24.3,49.3,23.9,12.9,71,-53,1,
2026-08-06 09:03:22 ,24.2,49.2,23.9,12.9,73,-53,1,
2026-08-06 09:18:22 ,24.2,49.2,23.9,12.9,71,-52,1,
2026-08-06 09:33:22 ,24.3,49.2,23.9,12.9,71,-54,1,
2026-08-06 09:48:22 ,24.3,49.2,23.9,12.9,71,-54,1,
2026-08-06 10:03:22 ,24.3,49.2,23.9,12.9,71,-53,1,
2026-08-06 10:18:22 ,24.3,49.4,23.9,13,71,-51,1,
2026-08-06 10:33:22 ,24.3,49.6,24.4,13,71,-50,1,
2026-08-06 10:48:22 ,24.3,49.8,24.4,13.1,71,-52,1,
2026-08-06 11:03:22 ,24.3,49.9,24.4,13.2,71,-50,1,
2026-08-06 11:18:22 ,24.4,49.9,24.4,13.2,71,-52,1,
2026-08-06 11:33:22 ,24.5,49.9,24.4,13.3,71,-48,1,
2026-08-06 11:48:22 ,24.5,49.9,24.4,13.4,71,-52,1,
2026-08-06 12:03:22 ,24.6,49.8,24.4,13.4,71,-48,1,
2026-08-06 12:18:22 ,24.7,49.7,24.4,13.4,71,-47,1,
2026-08-06 12:33:22 ,24.8,49.7,24.4,13.5,73,-48,1,
2026-08-06 12:48:22 ,24.8,49.7,24.4,13.5,71,-49,1,
2026-08-06 13:03:22 ,24.8,49.8,25,13.6,71,-48,1,
2026-08-06 13:18:22 ,24.9,49.7,25,13.6,71,-50,1,
2026-08-06 13:33:22 ,24.9,49.7,25,13.7,71,-47,1,
2026-08-06 13:48:22 ,24.9,49.6,25,13.7,71,-50,1,
2026-08-06 14:03:22 ,25,49.5,25,13.7,71,-49,1,
2026-08-06 14:18:22 ,25,49.4,25,13.7,71,-48,1,
2026-08-06 14:33:22 ,25.1,49.4,25,13.7,71,-50,1,
2026-08-06 14:48:22 ,25.1,49.4,25,13.7,71,-47,1,
2026-08-06 15:03:22 ,25.1,49.1,25,13.7,71,-49,1,
2026-08-06 15:18:22 ,25.1,48.8,25,13.6,71,-47,1,
2026-08-06 15:33:22 ,25.1,48.7,25,13.6,71,-50,1,
2026-08-06 15:48:22 ,25.1,48.7,25,13.5,71,-51,1,
2026-08-06 16:03:22 ,25.1,48.8,25,13.5,71,-48,1,
2026-08-06 16:18:22 ,25.1,48.8,25,13.5,71,-47,1,
2026-08-06 16:33:22 ,25,48.7,25,13.4,71,-51,1,
2026-08-06 16:48:22 ,25,48.6,25,13.4,71,-48,1,
2026-08-06 17:03:22 ,25,48.6,25,13.4,71,-51,1,
2026-08-06 17:18:22 ,25,48.6,25,13.4,71,-52,1,
2026-08-06 17:33:22 ,25,48.7,25,13.4,71,-50,1,
2026-08-06 17:48:22 ,24.9,48.7,25,13.4,71,-54,1,
2026-08-06 18:03:22 ,24.9,48.5,25,13.3,71,-48,1,
2026-08-06 18:18:22 ,24.9,48.3,25,13.2,71,-51,1,
2026-08-06 18:33:22 ,24.9,48.3,25,13.2,71,-49,1,
2026-08-06 18:48:22 ,24.9,48.2,25,13.2,71,-48,1,
2026-08-06 19:03:22 ,24.9,48.1,25,13.1,71,-51,1,
2026-08-06 19:18:22 ,24.9,48,25,13.1,71,-55,1,
2026-08-06 19:33:22 ,24.9,47.9,25,13.1,71,-52,1,
2026-08-06 19:48:22 ,24.9,47.8,25,13.1,71,-51,1,
2026-08-06 20:03:22 ,24.9,47.7,25,13.1,71,-53,1,
2026-08-06 20:18:22 ,24.9,47.6,25,13,71,-53,1,
2026-08-06 20:33:22 ,24.9,47.6,25,13,73,-51,1,
2026-08-06 20:48:22 ,24.9,47.5,25,13,71,-52,1,
2026-08-06 21:03:22 ,24.9,47.5,25,13,71,-53,1,
2026-08-06 21:18:22 ,24.9,47.6,25,13,71,-52,1,
2026-08-06 21:33:22 ,24.9,47.6,25,13,71,-53,1,
2026-08-06 21:48:22 ,24.9,47.5,25,12.9,71,-53,1,
2026-08-06 22:03:22 ,24.8,47.4,24.4,12.9,71,-51,1,
2026-08-06 22:18:22 ,24.8,47.2,24.4,12.8,71,-50,1,
2026-08-06 22:33:22 ,24.8,47.2,24.4,12.7,71,-52,1,
2026-08-06 22:48:22 ,24.8,47.2,24.4,12.7,71,-50,1,
2026-08-06 23:03:22 ,24.8,47.2,24.4,12.7,71,-53,1,
2026-08-06 23:18:22 ,24.7,47.2,24.4,12.7,71,-51,1,
2026-08-06 23:33:22 ,24.7,47.3,24.4,12.7,71,-52,1,
2026-08-06 23:48:22 ,24.7,47.3,24.4,12.7,71,-53,1,
2026-08-07 00:03:22 ,24.7,47.4,24.4,12.7,71,-53,1,
2026-08-07 00:18:22 ,24.7,47.5,24.4,12.7,71,-52,1,
2026-08-07 00:33:22 ,24.7,47.5,24.4,12.7,71,-53,1,
2026-08-07 00:48:22 ,24.6,47.6,24.4,12.7,71,-52,1,
2026-08-07 01:03:22 ,24.6,47.7,24.4,12.7,71,-52,1,
2026-08-07 01:18:22 ,24.6,47.7,24.4,12.7,71,-51,1,
2026-08-07 01:33:22 ,24.6,47.7,24.4,12.7,71,-52,1,
2026-08-07 01:48:22 ,24.6,47.7,24.4,12.7,71,-52,1,
2026-08-07 02:03:22 ,24.6,47.8,24.4,12.7,71,-53,1,
2026-08-07 02:18:22 ,24.6,47.9,24.4,12.8,71,-53,1,
2026-08-07 02:33:22 ,24.5,48.1,24.4,12.8,71,-52,1,
2026-08-07 02:48:22 ,24.5,48.2,24.4,12.8,71,-51,1,
2026-08-07 03:03:22 ,24.5,48.4,24.4,12.9,71,-52,1,
2026-08-07 03:18:22 ,24.5,48.6,24.4,12.9,71,-53,1,
2026-08-07 03:33:22 ,24.5,48.6,24.4,12.9,71,-52,1,
2026-08-07 03:48:22 ,24.5,48.7,24.4,13,71,-52,1,
2026-08-07 04:03:22 ,24.5,48.7,24.4,13,71,-52,1,
2026-08-07 04:18:22 ,24.5,48.6,24.4,12.9,71,-52,1,
2026-08-07 04:33:22 ,24.5,48.6,24.4,12.9,73,-51,1,
2026-08-07 04:48:22 ,24.5,48.5,24.4,12.9,71,-52,1,
2026-08-07 05:03:22 ,24.5,48.5,24.4,12.9,71,-53,1,
2026-08-07 05:18:22 ,24.5,48.6,24.4,12.9,71,-52,1,
2026-08-07 05:33:22 ,24.4,48.5,24.4,12.9,71,-52,1,
2026-08-07 05:48:22 ,24.4,48.5,24.4,12.9,71,-51,1,
2026-08-07 06:03:22 ,24.4,48.3,24.4,12.8,71,-50,1,
2026-08-07 06:18:22 ,24.5,48.2,24.4,12.8,71,-52,1,
2026-08-07 06:33:22 ,24.4,48.1,24.4,12.7,71,-53,1,
2026-08-07 06:48:22 ,24.4,48,24.4,12.7,71,-51,1,
2026-08-07 07:03:22 ,24.4,47.9,24.4,12.6,71,-51,1,
2026-08-07 07:18:22 ,24.4,48,24.4,12.6,71,-51,1,
2026-08-07 07:33:22 ,24.4,48,24.4,12.6,71,-52,1,
2026-08-07 07:48:22 ,24.4,48,24.4,12.6,71,-52,1,
2026-08-07 08:03:22 ,24.4,48,24.4,12.6,71,-52,1,
2026-08-07 08:18:22 ,24.3,48,24.4,12.6,71,-51,1,
2026-08-07 08:33:22 ,24.3,48.1,24.4,12.6,71,-53,1,
2026-08-07 08:48:22 ,24.4,48.2,24.4,12.7,71,-52,1,
2026-08-07 09:03:22 ,24.3,48.3,24.4,12.7,71,-53,1,
2026-08-07 09:18:22 ,24.4,48.4,24.4,12.8,71,-52,1,
2026-08-07 09:33:22 ,24.4,48.6,24.4,12.8,71,-52,1,
2026-08-07 09:48:22 ,24.4,48.8,24.4,12.9,71,-51,2,
2026-08-07 10:03:22 ,24.4,48.9,24.4,12.9,71,-52,1,
2026-08-07 10:18:22 ,24.4,49.1,24.4,13,71,-52,1,
2026-08-07 10:33:22 ,24.5,49.2,24.4,13.1,71,-51,1,
2026-08-07 10:48:22 ,24.5,49.3,24.4,13.2,71,-50,1,
2026-08-07 11:03:22 ,24.6,49.5,24.4,13.3,71,-48,1,
2026-08-07 11:18:22 ,24.6,49.6,24.4,13.3,71,-51,1,
2026-08-07 11:33:22 ,24.6,49.7,24.4,13.4,71,-50,1,
2026-08-07 11:48:22 ,24.6,49.7,24.4,13.4,71,-52,1,
2026-08-07 12:03:22 ,24.6,49.7,24.4,13.4,71,-53,1,
2026-08-07 12:18:22 ,24.6,49.6,24.4,13.4,71,-52,1,
2026-08-07 12:33:22 ,24.6,49.5,24.4,13.3,73,-53,1,
2026-08-07 12:48:22 ,24.6,49.5,24.4,13.3,71,-53,1,
2026-08-07 13:03:22 ,24.6,49.8,24.4,13.4,71,-54,1,
2026-08-07 13:18:22 ,24.7,49.8,24.4,13.5,71,-52,1,
2026-08-07 13:33:22 ,24.7,49.8,24.4,13.5,71,-52,1,
2026-08-07 13:48:22 ,24.6,49.8,24.4,13.4,71,-53,1,
2026-08-07 14:03:22 ,24.6,49.8,24.4,13.4,71,-47,1,
2026-08-07 14:18:22 ,24.6,49.7,24.4,13.4,71,-53,1,
2026-08-07 14:33:22 ,24.7,49.7,24.4,13.4,71,-52,1,
2026-08-07 14:48:22 ,24.7,49.8,24.4,13.5,71,-49,1,
2026-08-07 15:03:22 ,24.7,50,24.4,13.6,71,-54,1,
2026-08-07 15:18:22 ,24.7,50.1,24.4,13.6,71,-48,1,
2026-08-07 15:33:22 ,24.6,50.2,24.4,13.5,71,-53,1,
2026-08-07 15:48:22 ,24.6,50.1,24.4,13.5,71,-51,1,
2026-08-07 16:03:22 ,24.5,49.9,24.4,13.4,71,-50,1,
2026-08-07 16:18:22 ,24.5,49.7,24.4,13.3,71,-52,1,
2026-08-07 16:33:22 ,24.5,49.8,24.4,13.3,71,-58,1,
2026-08-07 16:48:22 ,24.5,50,24.4,13.3,71,-53,1,
2026-08-07 17:03:22 ,24.5,50.3,24.4,13.4,71,-54,1,
2026-08-07 17:18:22 ,24.4,50.5,24.4,13.5,71,-51,1,
2026-08-07 17:33:22 ,24.4,50.6,24.4,13.5,71,-54,1,
2026-08-07 17:48:22 ,24.4,50.6,24.4,13.5,71,-53,1,
2026-08-07 18:03:22 ,24.4,50.6,24.4,13.5,71,-51,1,
2026-08-07 18:18:22 ,24.4,50.5,24.4,13.5,71,-53,1,
2026-08-07 18:33:22 ,24.4,50.6,24.4,13.5,71,-53,1,
2026-08-07 18:48:22 ,24.5,50.4,24.4,13.5,71,-55,1,
2026-08-07 19:03:22 ,24.5,50.4,24.4,13.5,71,-49,1,
2026-08-07 19:18:22 ,24.5,50.2,24.4,13.5,71,-53,1,
2026-08-07 19:33:22 ,24.5,50.1,24.4,13.4,71,-53,1,
2026-08-07 19:48:22 ,24.6,49.8,24.4,13.4,71,-52,1,
2026-08-07 20:03:22 ,24.5,49.6,24.4,13.3,71,-52,1,
2026-08-07 20:18:22 ,24.5,49.4,24.4,13.2,71,-52,1,
2026-08-07 20:33:22 ,24.5,49.5,24.4,13.2,71,-51,1,
2026-08-07 20:48:22 ,24.5,49.5,24.4,13.2,71,-54,1,
2026-08-07 21:03:22 ,24.5,49.4,24.4,13.2,71,-54,1,
2026-08-07 21:18:22 ,24.4,49.3,24.4,13.1,71,-53,1,
2026-08-07 21:33:22 ,24.5,49.1,24.4,13.1,71,-55,1,
2026-08-07 21:48:22 ,24.4,49.1,24.4,13,71,-57,1,
2026-08-07 22:03:22 ,24.4,49,24.4,13,71,-57,1,
2026-08-07 22:18:22 ,24.4,49,24.4,13,71,-56,1,
2026-08-07 22:33:22 ,24.4,48.9,24.4,12.9,71,-57,1,
2026-08-07 22:48:22 ,24.4,48.8,24.4,12.9,71,-57,1,
2026-08-07 23:03:22 ,24.3,48.9,24.4,12.9,71,-58,1,
2026-08-07 23:18:22 ,24.4,48.9,24.4,12.9,71,-57,1,
2026-08-07 23:33:22 ,24.3,49,24.4,12.9,71,-57,1,
2026-08-07 23:48:22 ,24.3,49,24.4,12.9,71,-57,1,
2026-08-08 00:03:22 ,24.3,49,24.4,12.9,71,-57,1,
2026-08-08 00:18:22 ,24.3,49,23.9,12.9,71,-57,1,
2026-08-08 00:33:22 ,24.3,49,23.9,12.9,71,-56,1,
2026-08-08 00:48:22 ,24.3,49,23.9,12.8,71,-53,1,
2026-08-08 01:03:22 ,24.3,49.1,23.9,12.9,71,-58,1,
2026-08-08 01:18:22 ,24.2,49.1,23.9,12.8,71,-57,1,
2026-08-08 01:33:22 ,24.2,49.1,23.9,12.8,71,-57,1,
2026-08-08 01:48:22 ,24.2,49.2,23.9,12.8,71,-56,1,
2026-08-08 02:03:22 ,24.2,49.2,23.9,12.8,71,-57,1,
2026-08-08 02:18:22 ,24.2,49.2,23.9,12.8,71,-58,1,
2026-08-08 02:33:22 ,24.2,49.2,23.9,12.8,71,-57,1,
2026-08-08 02:48:22 ,24.2,49.3,23.9,12.8,71,-56,1,
2026-08-08 03:03:22 ,24.2,49.3,23.9,12.9,71,-58,1,
2026-08-08 03:18:22 ,24.1,49.4,23.9,12.9,71,-56,1,
2026-08-08 03:33:22 ,24.2,49.4,23.9,12.9,71,-57,1,
2026-08-08 03:48:22 ,24.2,49.3,23.9,12.8,71,-56,1,
2026-08-08 04:03:22 ,24.1,49.3,23.9,12.8,71,-57,1,
2026-08-08 04:18:22 ,24.2,49.3,23.9,12.8,71,-57,1,
2026-08-08 04:33:22 ,24.2,49.3,23.9,12.8,71,-58,1,
2026-08-08 04:48:22 ,24.1,49.3,23.9,12.8,71,-56,1,
2026-08-08 05:03:22 ,24.1,49.3,23.9,12.8,71,-57,1,
2026-08-08 05:18:22 ,24.1,49.3,23.9,12.8,71,-58,1,
2026-08-08 05:33:22 ,24.1,49.4,23.9,12.8,71,-57,1,
2026-08-08 05:48:22 ,24.1,49.5,23.9,12.8,71,-56,1,
2026-08-08 06:03:22 ,24.1,49.5,23.9,12.9,71,-57,1,
2026-08-08 06:18:22 ,24.1,49.5,23.9,12.8,71,-57,1,
2026-08-08 06:33:22 ,24.1,49.5,23.9,12.8,71,-57,1,
2026-08-08 06:48:22 ,24.1,49.5,23.9,12.8,71,-57,1,
2026-08-08 07:03:22 ,24.1,49.5,23.9,12.8,71,-57,1,
2026-08-08 07:18:22 ,24.1,49.5,23.9,12.8,71,-57,1,
2026-08-08 07:33:22 ,24.1,49.5,23.9,12.8,71,-57,1,
2026-08-08 07:48:22 ,24.1,49.5,23.9,12.8,71,-57,1,
2026-08-08 08:03:22 ,24.1,49.5,23.9,12.8,71,-57,1,
2026-08-08 08:18:22 ,24.1,49.6,23.9,12.9,71,-57,1,
2026-08-08 08:33:22 ,24.1,49.8,23.9,12.9,71,-56,1,
2026-08-08 08:48:22 ,24.1,49.8,23.9,12.9,71,-57,1,
2026-08-08 09:03:22 ,24.1,49.9,23.9,13,71,-53,1,
2026-08-08 09:18:22 ,24.1,49.9,23.9,13,71,-57,1,
2026-08-08 09:33:22 ,24.1,49.9,23.9,13,71,-56,1,
2026-08-08 09:48:22 ,24.1,50,23.9,13,71,-57,1,
2026-08-08 10:03:22 ,24.1,50,23.9,13,71,-56,1,
2026-08-08 10:18:22 ,24.1,50.1,23.9,13.1,71,-57,1,
2026-08-08 10:33:22 ,24.2,50.1,23.9,13.1,71,-56,1,
2026-08-08 10:48:22 ,24.2,50.1,23.9,13.1,71,-52,1,
2026-08-08 11:03:22 ,24.2,50.2,23.9,13.2,71,-54,1,
2026-08-08 11:18:22 ,24.2,50.2,23.9,13.2,71,-54,1,
2026-08-08 11:33:22 ,24.2,50.3,23.9,13.2,71,-55,1,
2026-08-08 11:48:22 ,24.3,50.7,24.4,13.4,71,-56,1,
2026-08-08 12:03:22 ,24.3,50.8,24.4,13.4,71,-54,1,
2026-08-08 12:18:22 ,24.3,51,24.4,13.5,71,-53,1,
2026-08-08 12:33:22 ,24.3,51,24.4,13.5,71,-56,1,
2026-08-08 12:48:22 ,24.3,50.9,24.4,13.5,71,-55,1,
2026-08-08 13:03:22 ,24.3,50.8,24.4,13.4,71,-56,1,
2026-08-08 13:18:22 ,24.3,50.6,24.4,13.4,71,-54,1,
2026-08-08 13:33:22 ,24.3,50.6,24.4,13.4,71,-52,1,
2026-08-08 13:48:22 ,24.3,50.5,24.4,13.4,71,-55,1,
2026-08-08 14:03:22 ,24.3,50.5,24.4,13.4,71,-55,1,
2026-08-08 14:18:22 ,24.3,50.4,24.4,13.3,71,-55,1,
2026-08-08 14:33:22 ,24.3,50.3,24.4,13.3,71,-55,1,
2026-08-08 14:48:22 ,24.3,50.3,24.4,13.3,71,-52,1,
2026-08-08 15:03:22 ,24.3,50.4,24.4,13.3,71,-58,1,
2026-08-08 15:18:22 ,24.3,50.3,24.4,13.3,71,-56,1,
2026-08-08 15:33:22 ,24.3,50.2,24.4,13.3,71,-58,1,
2026-08-08 15:48:22 ,24.3,50.3,24.4,13.3,71,-53,1,
2026-08-08 16:03:22 ,24.4,50.4,24.4,13.4,71,-56,1,
2026-08-08 16:18:22 ,24.4,50.3,24.4,13.4,71,-54,1,
2026-08-08 16:33:22 ,24.4,50.4,24.4,13.4,71,-53,1,
2026-08-08 16:48:22 ,24.4,50.2,24.4,13.3,71,-55,1,
2026-08-08 17:03:22 ,24.4,50.1,24.4,13.3,71,-55,1,
2026-08-08 17:18:22 ,24.4,49.9,24.4,13.2,71,-54,1,
2026-08-08 17:33:22 ,24.4,49.8,24.4,13.2,71,-55,1,
2026-08-08 17:48:22 ,24.4,49.8,24.4,13.2,71,-57,1,
2026-08-08 18:03:22 ,24.4,49.6,24.4,13.1,71,-58,1,
2026-08-08 18:18:22 ,24.4,49.6,24.4,13.2,71,-56,1,
2026-08-08 18:33:22 ,24.4,49.7,24.4,13.2,71,-55,1,
2026-08-08 18:48:22 ,24.4,49.7,24.4,13.2,71,-55,1,
2026-08-08 19:03:22 ,24.4,49.7,24.4,13.2,71,-56,1,
2026-08-08 19:18:22 ,24.4,49.7,24.4,13.2,71,-56,1,
2026-08-08 19:33:22 ,24.4,49.7,24.4,13.2,71,-57,1,
2026-08-08 19:48:22 ,24.4,49.7,24.4,13.2,71,-56,1,
2026-08-08 20:03:22 ,24.4,49.7,24.4,13.2,71,-55,1,
2026-08-08 20:18:22 ,24.3,49.7,24.4,13.1,71,-57,1,
2026-08-08 20:33:22 ,24.4,49.7,24.4,13.2,71,-57,1,
2026-08-08 20:48:22 ,24.3,49.6,24.4,13.1,71,-56,1,
2026-08-08 21:03:22 ,24.3,49.6,24.4,13.1,71,-55,1,
2026-08-08 21:18:22 ,24.3,49.5,24.4,13.1,71,-58,1,
2026-08-08 21:33:22 ,24.3,49.4,23.9,13,71,-56,1,
2026-08-08 21:48:22 ,24.3,49.4,24.4,13,71,-55,1,
2026-08-08 22:03:22 ,24.3,49.4,23.9,13,71,-56,1,
2026-08-08 22:18:22 ,24.3,49.5,23.9,13,71,-54,1,
2026-08-08 22:33:22 ,24.3,49.4,23.9,13,71,-58,1,
2026-08-08 22:48:22 ,24.3,49.4,23.9,13,71,-56,1,
2026-08-08 23:03:22 ,24.2,49.5,23.9,12.9,71,-57,1,
2026-08-08 23:18:22 ,24.2,49.5,23.9,13,71,-56,1,
2026-08-08 23:33:22 ,24.2,49.6,23.9,13,71,-56,1,
2026-08-08 23:48:22 ,24.2,49.7,23.9,13,71,-57,1,
2026-08-09 00:03:22 ,24.2,49.7,23.9,13,71,-55,1,
2026-08-09 00:18:22 ,24.2,49.7,23.9,13,71,-55,1,
2026-08-09 00:33:22 ,24.2,49.8,23.9,13,71,-56,1,
2026-08-09 00:48:22 ,24.2,49.8,23.9,13,71,-54,1,
2026-08-09 01:03:22 ,24.2,49.9,23.9,13,71,-55,1,
2026-08-09 01:18:22 ,24.2,49.9,23.9,13,71,-54,1,
2026-08-09 01:33:22 ,24.2,49.9,23.9,13,71,-57,1,
2026-08-09 01:48:22 ,24.2,49.8,23.9,13,71,-57,1,
2026-08-09 02:03:22 ,24.2,49.6,23.9,12.9,71,-56,1,
2026-08-09 02:18:22 ,24.1,49.5,23.9,12.9,71,-57,1,
2026-08-09 02:33:22 ,24.1,49.5,23.9,12.8,71,-57,1,
2026-08-09 02:48:22 ,24.1,49.4,23.9,12.8,71,-56,1,
2026-08-09 03:03:22 ,24.1,49.3,23.9,12.8,71,-57,1,
2026-08-09 03:18:22 ,24.1,49.3,23.9,12.8,71,-58,1,
2026-08-09 03:33:22 ,24.1,49.2,23.9,12.7,71,-57,1,
2026-08-09 03:48:22 ,24.1,49.3,23.9,12.8,71,-60,1,
2026-08-09 04:03:22 ,24.1,49.3,23.9,12.8,71,-57,1,
2026-08-09 04:18:22 ,24.1,49.3,23.9,12.8,71,-57,1,
2026-08-09 04:33:22 ,24.1,49.3,23.9,12.8,71,-56,1,
2026-08-09 04:48:22 ,24.1,49.3,23.9,12.7,71,-57,1,
2026-08-09 05:03:22 ,24.1,49.4,23.9,12.8,71,-56,1,
2026-08-09 05:18:22 ,24,49.4,23.9,12.8,71,-57,1,
2026-08-09 05:33:22 ,24,49.7,23.9,12.8,71,-57,1,
2026-08-09 05:48:22 ,24.1,50,23.9,13,71,-56,1,
2026-08-09 06:03:22 ,24.1,50.3,23.9,13.1,70,-56,1,
2026-08-09 06:18:22 ,24,50.5,23.9,13.1,71,-57,1,
2026-08-09 06:33:22 ,24.1,50.8,23.9,13.2,71,-57,1,
2026-08-09 06:48:22 ,24.1,51.1,23.9,13.3,71,-57,1,
2026-08-09 07:03:22 ,24.1,51.4,23.9,13.4,71,-57,1,
2026-08-09 07:18:22 ,24.1,51.6,23.9,13.5,71,-57,1,
2026-08-09 07:33:22 ,24.1,51.8,23.9,13.5,71,-56,1,
2026-08-09 07:48:22 ,24.1,51.8,23.9,13.5,71,-57,1,
2026-08-09 08:03:22 ,24.1,51.8,23.9,13.5,71,-56,1,
2026-08-09 08:18:22 ,24.1,51.8,23.9,13.5,71,-56,1,
2026-08-09 08:33:22 ,24.1,51.8,23.9,13.5,71,-57,1,
2026-08-09 08:48:22 ,24.1,51.9,23.9,13.5,71,-56,1,
2026-08-09 09:03:22 ,24.1,52,23.9,13.6,71,-56,1,
2026-08-09 09:18:22 ,24.1,52.3,23.9,13.7,71,-57,1,
2026-08-09 09:33:22 ,24.2,52.4,23.9,13.8,71,-57,1,
2026-08-09 09:48:22 ,24.2,52.6,23.9,13.9,71,-58,1,
2026-08-09 10:03:22 ,24.2,52.7,23.9,13.9,71,-57,1,
2026-08-09 10:18:22 ,24.2,52.7,23.9,13.9,71,-54,1,
2026-08-09 10:33:22 ,24.2,52.7,23.9,13.9,71,-57,1,
2026-08-09 10:48:22 ,24.2,52.7,23.9,13.9,71,-57,1,
2026-08-09 11:03:22 ,24.3,52.8,24.4,14,71,-57,1,
2026-08-09 11:18:22 ,24.3,52.8,24.4,14,71,-57,1,
2026-08-09 11:33:22 ,24.3,52.9,24.4,14,71,-56,1,
2026-08-09 11:48:22 ,24.3,53,24.4,14,71,-57,1,
2026-08-09 12:03:22 ,24.3,53.2,24.4,14.1,71,-58,1,
2026-08-09 12:18:22 ,24.3,53.2,24.4,14.1,71,-56,1,
2026-08-09 12:33:22 ,24.3,53.3,24.4,14.1,71,-57,1,
2026-08-09 12:48:22 ,24.3,53.4,24.4,14.2,71,-57,1,
2026-08-09 13:03:22 ,24.3,53.5,24.4,14.2,71,-56,1,
2026-08-09 13:18:22 ,24.3,53.6,24.4,14.2,71,-56,1,
2026-08-09 13:33:22 ,24.3,53.7,24.4,14.3,71,-57,1,
2026-08-09 13:48:22 ,24.3,53.7,24.4,14.3,71,-57,1,
2026-08-09 14:03:22 ,24.3,53.7,24.4,14.3,71,-55,1,
2026-08-09 14:18:22 ,24.3,53.7,24.4,14.3,71,-57,1,
2026-08-09 14:33:22 ,24.3,53.6,24.4,14.2,71,-56,1,
2026-08-09 14:48:22 ,24.3,53.6,24.4,14.3,71,-54,1,
2026-08-09 15:03:22 ,24.3,53.5,24.4,14.2,71,-55,1,
2026-08-09 15:18:22 ,24.3,53.6,24.4,14.3,71,-55,1,
2026-08-09 15:33:22 ,24.3,53.5,24.4,14.2,71,-52,1,
2026-08-09 15:48:22 ,24.3,53.4,24.4,14.2,71,-54,1,
2026-08-09 16:03:22 ,24.3,53.3,24.4,14.2,71,-57,1,
2026-08-09 16:18:22 ,24.3,53.1,24.4,14.1,71,-54,1,
2026-08-09 16:33:22 ,24.3,52.9,24.4,14.1,71,-56,1,
2026-08-09 16:48:22 ,24.3,52.7,24.4,14,71,-55,1,
2026-08-09 17:03:22 ,24.3,52.4,24.4,13.9,71,-56,1,
2026-08-09 17:18:22 ,24.3,52.1,24.4,13.9,71,-55,1,
2026-08-09 17:33:22 ,24.3,51.8,24.4,13.8,71,-59,1,
2026-08-09 17:48:22 ,24.3,51.5,24.4,13.7,71,-51,1,
2026-08-09 18:03:22 ,24.3,51.1,24.4,13.5,71,-52,1,
2026-08-09 18:18:22 ,24.3,50.7,24.4,13.4,71,-51,1,
2026-08-09 18:33:22 ,24.3,50.3,24.4,13.3,71,-52,1,
2026-08-09 18:48:22 ,24.3,49.9,24.4,13.2,71,-52,1,
2026-08-09 19:03:22 ,24.3,49.7,24.4,13.1,71,-53,1,
2026-08-09 19:18:22 ,24.3,49.4,24.4,13,71,-50,1,
2026-08-09 19:33:22 ,24.3,49.3,24.4,13,71,-53,1,
2026-08-09 19:48:22 ,24.3,49.2,24.4,13,71,-56,1,
2026-08-09 20:03:22 ,24.4,49.1,24.4,13,71,-54,1,
2026-08-09 20:18:22 ,24.4,48.8,24.4,12.9,71,-55,1,
2026-08-09 20:33:22 ,24.4,48.6,24.4,12.8,71,-54,1,
2026-08-09 20:48:22 ,24.4,48.4,24.4,12.8,71,-52,1,
2026-08-09 21:03:22 ,24.4,48.3,24.4,12.7,71,-58,1,
2026-08-09 21:18:22 ,24.3,48.2,24.4,12.6,71,-52,1,
2026-08-09 21:33:22 ,24.3,48.2,24.4,12.7,71,-52,1,
2026-08-09 21:48:22 ,24.3,48.3,24.4,12.7,71,-55,1,
2026-08-09 22:03:22 ,24.3,48.3,23.9,12.7,71,-54,1,
2026-08-09 22:18:22 ,24.3,48.2,24.4,12.7,71,-52,1,
2026-08-09 22:33:22 ,24.3,48.2,24.4,12.6,71,-53,1,
2026-08-09 22:48:22 ,24.3,48.3,24.4,12.7,71,-52,1,
2026-08-09 23:03:22 ,24.3,48.3,24.4,12.7,70,-56,1,
2026-08-09 23:18:22 ,24.3,48.3,24.4,12.7,71,-55,1,
2026-08-09 23:33:22 ,24.3,48.2,24.4,12.6,71,-54,1,
2026-08-09 23:48:22 ,24.3,48.2,24.4,12.6,70,-55,1,
2026-08-10 00:03:22 ,24.3,48.3,24.4,12.7,71,-54,1,
2026-08-10 00:18:22 ,24.3,48.3,23.9,12.7,71,-55,1,
2026-08-10 00:33:22 ,24.3,48.4,23.9,12.7,70,-55,1,
2026-08-10 00:48:22 ,24.3,48.4,24.4,12.7,70,-54,1,
2026-08-10 01:03:22 ,24.3,48.4,24.4,12.7,71,-56,1,
2026-08-10 01:18:22 ,24.3,48.6,24.4,12.8,71,-57,1,
2026-08-10 01:33:22 ,24.3,48.7,23.9,12.8,71,-55,1,
2026-08-10 01:48:22 ,24.3,48.7,23.9,12.8,70,-55,1,
2026-08-10 02:03:22 ,24.3,48.7,23.9,12.8,71,-54,1,
2026-08-10 02:18:22 ,24.3,48.9,23.9,12.8,71,-54,1,
2026-08-10 02:33:22 ,24.3,49,23.9,12.9,70,-55,1,
2026-08-10 02:48:22 ,24.3,49.2,23.9,12.9,70,-55,1,
2026-08-10 03:03:22 ,24.3,49.3,23.9,13,71,-55,1,
2026-08-10 03:18:22 ,24.3,49.3,23.9,12.9,71,-62,1,
2026-08-10 03:33:22 ,24.3,49.2,23.9,12.9,71,-56,1,
2026-08-10 03:48:22 ,24.3,49.3,23.9,13,70,-56,1,
2026-08-10 04:03:22 ,24.3,49.3,23.9,13,71,-55,1,
2026-08-10 04:18:22 ,24.3,49.2,23.9,12.9,71,-55,1,
2026-08-10 04:33:22 ,24.3,49.2,23.9,12.9,71,-55,1,
2026-08-10 04:48:22 ,24.2,49.2,23.9,12.9,70,-55,1,
2026-08-10 05:03:22 ,24.3,49.2,23.9,12.9,70,-55,1,
2026-08-10 05:18:22 ,24.2,49.2,23.9,12.9,71,-55,1,
2026-08-10 05:33:22 ,24.2,49.1,23.9,12.8,70,-55,1,
2026-08-10 05:48:22 ,24.3,49.1,23.9,12.9,71,-55,1,
2026-08-10 06:03:22 ,24.2,49.1,23.9,12.8,71,-54,1,
2026-08-10 06:18:22 ,24.3,49.2,23.9,12.9,70,-56,1,
2026-08-10 06:33:22 ,24.3,49.2,23.9,12.9,70,-55,1,
2026-08-10 06:48:22 ,24.3,49.3,23.9,12.9,70,-55,1,
2026-08-10 07:03:22 ,24.2,49.2,23.9,12.9,70,-55,1,
2026-08-10 07:18:22 ,24.3,49.2,23.9,12.9,70,-55,1,
2026-08-10 07:33:22 ,24.2,49.3,23.9,12.9,71,-55,1,
2026-08-10 07:48:22 ,24.2,49.5,23.9,13,70,-54,1,
2026-08-10 08:03:22 ,24.3,49.5,23.9,13,70,-55,1,
2026-08-10 08:18:22 ,24.3,49.5,23.9,13,71,-56,1,
2026-08-10 08:33:22 ,24.3,49.5,23.9,13,71,-52,1,
2026-08-10 08:48:22 ,24.3,49.5,23.9,13,70,-54,1,
2026-08-10 09:03:22 ,24.3,49.5,24.4,13,70,-56,1,
2026-08-10 09:18:22 ,24.3,49.5,23.9,13,70,-55,1,
2026-08-10 09:33:22 ,24.3,49.7,24.4,13.1,70,-55,1,
2026-08-10 09:48:22 ,24.3,49.9,24.4,13.2,70,-53,1,
2026-08-10 10:03:22 ,24.3,50,24.4,13.2,70,-54,1,
2026-08-10 10:18:22 ,24.3,50,24.4,13.2,71,-53,1,
2026-08-10 10:33:22 ,24.3,50.1,24.4,13.2,70,-55,1,
2026-08-10 10:48:22 ,24.3,50.2,24.4,13.3,71,-54,1,
2026-08-10 11:03:22 ,24.3,50.3,24.4,13.3,71,-56,1,
2026-08-10 11:18:22 ,24.4,50.4,24.4,13.4,70,-54,1,
2026-08-10 11:33:22 ,24.4,50.5,24.4,13.4,70,-56,1,
2026-08-10 11:48:22 ,24.4,50.4,24.4,13.4,70,-53,1,
2026-08-10 12:03:22 ,24.4,50.4,24.4,13.4,71,-54,1,
2026-08-10 12:18:22 ,24.4,50.5,24.4,13.4,71,-55,1,
2026-08-10 12:33:22 ,24.4,50.6,24.4,13.5,71,-58,1,
2026-08-10 12:48:22 ,24.4,50.6,24.4,13.5,71,-55,1,
2026-08-10 13:03:22 ,24.4,50.7,24.4,13.5,70,-54,1,
2026-08-10 13:18:22 ,24.4,50.8,24.4,13.5,70,-55,1,
2026-08-10 13:33:22 ,24.4,50.8,24.4,13.5,71,-55,1,
2026-08-10 13:48:22 ,24.5,50.8,24.4,13.6,70,-54,1,
2026-08-10 14:03:22 ,24.5,50.7,24.4,13.6,70,-55,1,
2026-08-10 14:18:22 ,24.4,50.7,24.4,13.5,70,-56,1,
2026-08-10 14:33:22 ,24.5,50.7,24.4,13.6,70,-60,1,
2026-08-10 14:48:22 ,24.5,50.7,24.4,13.6,70,-60,1,
2026-08-10 15:03:22 ,24.6,50.6,24.4,13.6,70,-67,1,
2026-08-10 15:18:22 ,24.6,50.4,24.4,13.6,70,-61,1,
2026-08-10 15:33:22 ,24.6,50.3,24.4,13.5,70,-61,1,
2026-08-10 15:48:22 ,24.6,50,24.4,13.5,70,-62,1,
2026-08-10 16:03:22 ,24.6,49.9,24.4,13.5,70,-61,1,
2026-08-10 16:18:22 ,24.6,49.7,24.4,13.4,70,-61,1,
2026-08-10 16:33:22 ,24.7,49.5,24.4,13.4,70,-65,1,
2026-08-10 16:48:22 ,24.7,49.4,24.4,13.4,70,-61,1,
2026-08-10 17:03:22 ,24.8,49.3,24.4,13.4,70,-62,1,
2026-08-10 17:18:22 ,24.8,49.1,24.4,13.3,70,-60,1,
2026-08-10 17:33:22 ,24.8,48.9,24.4,13.3,70,-64,1,
2026-08-10 17:48:22 ,24.8,48.6,24.4,13.2,70,-61,1,
2026-08-10 18:03:22 ,24.7,48.5,24.4,13.1,70,-61,1,
2026-08-10 18:18:22 ,24.7,48.4,24.4,13.1,70,-64,1,
2026-08-10 18:33:22 ,24.7,48.5,24.4,13.1,70,-62,1,
2026-08-10 18:48:22 ,24.7,48.4,24.4,13.1,70,-62,1,
2026-08-10 19:03:22 ,24.8,48.4,24.4,13.1,70,-61,1,
2026-08-10 19:18:22 ,24.7,48.3,24.4,13,70,-62,1,
2026-08-10 19:33:22 ,24.7,48.3,24.4,13,70,-62,1,
2026-08-10 19:48:22 ,24.6,48.3,24.4,13,70,-61,1,
2026-08-10 20:03:22 ,24.6,48.2,24.4,12.9,70,-64,1,
2026-08-10 20:18:22 ,24.6,48.1,24.4,12.9,70,-66,1,
2026-08-10 20:33:22 ,24.5,48,24.4,12.8,70,-64,1,
2026-08-10 20:48:22 ,24.5,48,24.4,12.8,70,-65,1,
2026-08-10 21:03:22 ,24.5,48,24.4,12.7,70,-64,1,
2026-08-10 21:18:22 ,24.4,47.8,24.4,12.6,70,-68,1,
2026-08-10 21:33:22 ,24.4,47.6,24.4,12.5,70,-66,1,
2026-08-10 21:48:22 ,24.4,47.5,24.4,12.5,70,-59,1,
2026-08-10 22:03:22 ,24.4,47.6,24.4,12.5,70,-59,1,
2026-08-10 22:18:22 ,24.4,47.6,24.4,12.5,70,-59,1,
2026-08-10 22:33:22 ,24.3,47.7,24.4,12.5,70,-59,1,
2026-08-10 22:48:22 ,24.3,47.8,24.4,12.5,70,-59,1,
2026-08-10 23:03:22 ,24.3,47.8,24.4,12.5,70,-59,1,
2026-08-10 23:18:22 ,24.3,48,23.9,12.5,70,-58,1,
2026-08-10 23:33:22 ,24.3,48.2,23.9,12.6,70,-59,1,
2026-08-10 23:48:22 ,24.3,48.3,23.9,12.6,70,-58,1,
2026-08-11 00:03:22 ,24.3,48.3,23.9,12.6,70,-58,1,
2026-08-11 00:18:22 ,24.3,48.3,23.9,12.6,70,-59,1,
2026-08-11 00:33:22 ,24.2,48.3,23.9,12.6,70,-59,1,
2026-08-11 00:48:22 ,24.2,48.3,23.9,12.6,70,-58,1,
2026-08-11 01:03:22 ,24.2,48.2,23.9,12.6,70,-59,1,
2026-08-11 01:18:22 ,24.2,48.1,23.9,12.5,70,-59,1,
2026-08-11 01:33:22 ,24.2,48,23.9,12.5,70,-58,1,
2026-08-11 01:48:22 ,24.2,47.8,23.9,12.4,70,-58,1,
2026-08-11 02:03:22 ,24.2,47.7,23.9,12.4,70,-59,1,
2026-08-11 02:18:22 ,24.2,47.7,23.9,12.3,70,-58,1,
2026-08-11 02:33:22 ,24.2,47.7,23.9,12.3,70,-59,1,
2026-08-11 02:48:22 ,24.1,47.8,23.9,12.3,70,-58,1,
2026-08-11 03:03:22 ,24.1,47.8,23.9,12.3,70,-58,1,
2026-08-11 03:18:22 ,24.2,47.9,23.9,12.4,70,-59,1,
2026-08-11 03:33:22 ,24.2,47.9,23.9,12.4,70,-58,1,
2026-08-11 03:48:22 ,24.2,47.9,23.9,12.4,70,-59,1,
2026-08-11 04:03:22 ,24.1,47.9,23.9,12.4,70,-59,1,
2026-08-11 04:18:22 ,24.1,48,23.9,12.4,70,-59,1,
2026-08-11 04:33:22 ,24.2,48.1,23.9,12.5,70,-59,1,
2026-08-11 04:48:22 ,24.1,48.3,23.9,12.5,70,-59,1,
2026-08-11 05:03:22 ,24.1,48.2,23.9,12.5,70,-58,1,
2026-08-11 05:18:22 ,24.1,48.3,23.9,12.5,70,-59,1,
2026-08-11 05:33:22 ,24.1,48.4,23.9,12.5,70,-58,1,
2026-08-11 05:48:22 ,24.2,48.5,23.9,12.6,70,-59,1,
2026-08-11 06:03:22 ,24.1,48.6,23.9,12.6,70,-58,1,
2026-08-11 06:18:22 ,24.1,48.6,23.9,12.6,70,-58,1,
2026-08-11 06:33:22 ,24.1,48.6,23.9,12.6,70,-58,1,
2026-08-11 06:48:22 ,24.1,48.6,23.9,12.6,70,-59,1,
2026-08-11 07:03:22 ,24.1,48.6,23.9,12.6,70,-64,1,
2026-08-11 07:18:22 ,24.2,48.6,23.9,12.6,70,-59,1,
2026-08-11 07:33:22 ,24.1,48.5,23.9,12.6,70,-58,1,
2026-08-11 07:48:22 ,24.2,48.5,23.9,12.6,70,-58,1,
2026-08-11 08:03:22 ,24.2,48.4,23.9,12.6,70,-58,1,
2026-08-11 08:18:22 ,24.2,48.4,23.9,12.6,70,-58,1,
2026-08-11 08:33:22 ,24.2,48.4,23.9,12.6,70,-59,1,
2026-08-11 08:48:22 ,24.2,48.4,23.9,12.6,70,-58,1,
2026-08-11 09:03:22 ,24.2,48.5,23.9,12.6,70,-59,1,
2026-08-11 09:18:22 ,24.2,48.5,23.9,12.7,70,-59,1,
2026-08-11 09:33:22 ,24.2,48.6,23.9,12.7,70,-58,1,
2026-08-11 09:48:22 ,24.3,48.7,23.9,12.7,70,-57,1,
2026-08-11 10:03:22 ,24.3,48.9,23.9,12.8,70,-61,1,
2026-08-11 10:18:22 ,24.3,49.2,23.9,12.9,70,-57,1,
2026-08-11 10:33:22 ,24.3,49.5,23.9,13,70,-57,2,
2026-08-11 10:48:22 ,24.3,49.8,24.4,13.1,70,-58,1,
2026-08-11 11:03:22 ,24.3,50,24.4,13.2,70,-58,1,
2026-08-11 11:18:22 ,24.3,50.1,24.4,13.2,70,-58,1,
2026-08-11 11:33:22 ,24.3,50.2,24.4,13.3,70,-54,1,
2026-08-11 11:48:22 ,24.3,50.2,24.4,13.3,70,-58,1,
2026-08-11 12:03:22 ,24.3,50.3,24.4,13.3,70,-60,1,
2026-08-11 12:18:22 ,24.3,50.4,24.4,13.3,70,-58,1,
2026-08-11 12:33:22 ,24.4,50.4,24.4,13.4,70,-57,1,
2026-08-11 12:48:22 ,24.4,50.4,24.4,13.4,70,-58,1,
2026-08-11 13:03:22 ,24.3,50.3,24.4,13.3,70,-58,1,
2026-08-11 13:18:22 ,24.4,50.3,24.4,13.3,70,-58,1,
2026-08-11 13:33:22 ,24.4,50.2,24.4,13.3,70,-64,1,
2026-08-11 13:48:22 ,24.4,50.1,24.4,13.3,70,-56,1,
2026-08-11 14:03:22 ,24.4,50.1,24.4,13.3,70,-57,1,
2026-08-11 14:18:22 ,24.4,50.1,24.4,13.3,70,-58,1,
2026-08-11 14:33:22 ,24.4,50.1,24.4,13.3,70,-57,1,
2026-08-11 14:48:22 ,24.4,50.2,24.4,13.3,70,-57,1,
2026-08-11 15:03:22 ,24.4,50.1,24.4,13.3,70,-55,1,
2026-08-11 15:18:22 ,24.4,50.2,24.4,13.4,70,-60,1,
2026-08-11 15:33:22 ,24.5,50.2,24.4,13.4,70,-61,1,
2026-08-11 15:48:22 ,24.5,50.2,24.4,13.4,70,-61,1,
2026-08-11 16:03:22 ,24.5,50,24.4,13.4,70,-61,1,
2026-08-11 16:18:22 ,24.4,50,24.4,13.3,70,-62,1,
2026-08-11 16:33:22 ,24.5,49.9,24.4,13.4,70,-62,1,
2026-08-11 16:48:22 ,24.5,49.9,24.4,13.4,70,-62,1,
2026-08-11 17:03:22 ,24.5,49.8,24.4,13.3,70,-58,1,
2026-08-11 17:18:22 ,24.6,49.7,24.4,13.3,70,-63,1,
2026-08-11 17:33:22 ,24.6,49.6,24.4,13.3,70,-60,1,
2026-08-11 17:48:22 ,24.6,49.5,24.4,13.3,70,-57,1,
2026-08-11 18:03:22 ,24.6,49.3,24.4,13.3,70,-59,1,
2026-08-11 18:18:22 ,24.6,49.1,24.4,13.2,70,-59,1,
2026-08-11 18:33:22 ,24.6,48.9,24.4,13.2,70,-62,1,
2026-08-11 18:48:22 ,24.6,48.8,24.4,13.1,70,-59,1,
2026-08-11 19:03:22 ,24.6,48.6,24.4,13,70,-60,1,
2026-08-11 19:18:22 ,24.6,48.5,24.4,13,70,-59,1,
2026-08-11 19:33:22 ,24.5,48.4,24.4,12.9,70,-55,1,
2026-08-11 19:48:22 ,24.5,48.4,24.4,12.9,70,-57,1,
2026-08-11 20:03:22 ,24.5,48.3,24.4,12.8,70,-57,1,
2026-08-11 20:18:22 ,24.5,48.2,24.4,12.8,70,-56,1,
2026-08-11 20:33:22 ,24.4,48.1,24.4,12.7,70,-56,1,
2026-08-11 20:48:22 ,24.4,48.1,24.4,12.7,70,-55,1,
2026-08-11 21:03:22 ,24.4,48,24.4,12.7,70,-57,1,
2026-08-11 21:18:22 ,24.4,48,24.4,12.6,70,-56,1,
2026-08-11 21:33:22 ,24.4,47.8,24.4,12.6,70,-55,1,
2026-08-11 21:48:22 ,24.4,47.8,24.4,12.6,70,-56,1,
2026-08-11 22:03:22 ,24.4,47.8,24.4,12.6,70,-54,1,
2026-08-11 22:18:22 ,24.3,47.8,24.4,12.5,70,-56,1,
2026-08-11 22:33:22 ,24.3,47.9,24.4,12.5,70,-56,1,
2026-08-11 22:48:22 ,24.3,47.8,23.9,12.5,70,-56,1,
2026-08-11 23:03:22 ,24.3,47.6,23.9,12.4,70,-57,1,
2026-08-11 23:18:22 ,24.3,47.7,23.9,12.4,70,-57,1,
2026-08-11 23:33:22 ,24.3,47.7,23.9,12.4,70,-57,1,
2026-08-11 23:48:22 ,24.2,47.8,23.9,12.4,70,-57,1,
2026-08-12 00:03:22 ,24.2,47.9,23.9,12.5,70,-56,1,
2026-08-12 00:18:22 ,24.2,47.9,23.9,12.5,70,-56,1,
2026-08-12 00:33:22 ,24.2,47.9,23.9,12.5,70,-58,1,
2026-08-12 00:48:22 ,24.2,47.9,23.9,12.4,70,-58,1,
2026-08-12 01:03:22 ,24.2,47.9,23.9,12.4,70,-56,1,
2026-08-12 01:18:22 ,24.2,47.9,23.9,12.4,70,-57,1,
2026-08-12 01:33:22 ,24.2,48,23.9,12.5,70,-56,1,
2026-08-12 01:48:22 ,24.2,48.1,23.9,12.5,70,-56,1,
2026-08-12 02:03:22 ,24.2,48.1,23.9,12.5,70,-57,1,
2026-08-12 02:18:22 ,24.2,48.2,23.9,12.5,70,-60,1,
2026-08-12 02:33:22 ,24.2,48.3,23.9,12.5,70,-57,1,
2026-08-12 02:48:22 ,24.2,48.3,23.9,12.5,70,-57,1,
2026-08-12 03:03:22 ,24.1,48.3,23.9,12.5,70,-59,1,
2026-08-12 03:18:22 ,24.2,48.4,23.9,12.6,70,-57,1,
2026-08-12 03:33:22 ,24.1,48.3,23.9,12.5,70,-55,1,
2026-08-12 03:48:22 ,24.1,48.3,23.9,12.5,70,-57,1,
2026-08-12 04:03:22 ,24.1,48.3,23.9,12.5,70,-56,1,
2026-08-12 04:18:22 ,24.1,48.4,23.9,12.5,70,-57,1,
2026-08-12 04:33:22 ,24.1,48.4,23.9,12.5,70,-56,1,
2026-08-12 04:48:22 ,24.1,48.4,23.9,12.5,70,-56,1,
2026-08-12 05:03:22 ,24.1,48.4,23.9,12.5,70,-57,1,
2026-08-12 05:18:22 ,24.1,48.4,23.9,12.5,70,-57,1,
2026-08-12 05:33:22 ,24.1,48.4,23.9,12.5,70,-56,1,
2026-08-12 05:48:22 ,24.1,48.4,23.9,12.5,70,-56,1,
2026-08-12 06:03:22 ,24.1,48.4,23.9,12.5,70,-58,1,
2026-08-12 06:18:22 ,24.1,48.5,23.9,12.5,70,-57,1,
2026-08-12 06:33:22 ,24.1,48.5,23.9,12.5,70,-57,1,
2026-08-12 06:48:22 ,24.1,48.5,23.9,12.5,70,-57,1,
2026-08-12 07:03:22 ,24.1,48.5,23.9,12.5,70,-59,1,
2026-08-12 07:18:22 ,24.1,48.5,23.9,12.5,70,-57,1,
2026-08-12 07:33:22 ,24.1,48.5,23.9,12.6,70,-58,1,
2026-08-12 07:48:22 ,24.1,48.5,23.9,12.5,70,-57,1,
2026-08-12 08:03:22 ,24.1,48.5,23.9,12.5,70,-57,1,
2026-08-12 08:18:22 ,24.1,48.5,23.9,12.6,70,-56,1,
2026-08-12 08:33:22 ,24.2,48.6,23.9,12.6,70,-56,1,
2026-08-12 08:48:22 ,24.2,48.7,23.9,12.7,70,-58,1,
2026-08-12 09:03:22 ,24.2,48.9,23.9,12.7,70,-56,1,
2026-08-12 09:18:22 ,24.2,49,23.9,12.8,70,-57,1,
2026-08-12 09:33:22 ,24.2,49,23.9,12.8,70,-57,1,
2026-08-12 09:48:22 ,24.2,49.1,23.9,12.8,70,-57,1,
2026-08-12 10:03:22 ,24.2,49.3,23.9,12.9,70,-60,1,
2026-08-12 10:18:22 ,24.2,49.2,23.9,12.8,70,-57,1,
2026-08-12 10:33:22 ,24.2,49.4,23.9,12.9,70,-55,1,
2026-08-12 10:48:22 ,24.2,49.5,23.9,13,70,-55,1,
2026-08-12 11:03:22 ,24.2,49.6,23.9,13,70,-55,1,
2026-08-12 11:18:22 ,24.3,49.6,24.4,13,70,-56,1,
2026-08-12 11:33:22 ,24.3,49.6,24.4,13,70,-55,1,
2026-08-12 11:48:22 ,24.2,49.7,23.9,13,70,-56,1,
2026-08-12 12:03:22 ,24.3,49.6,24.4,13,70,-57,1,
2026-08-12 12:18:22 ,24.3,49.6,24.4,13.1,70,-56,1,
2026-08-12 12:33:22 ,24.4,49.8,24.4,13.2,70,-61,1,
2026-08-12 12:48:22 ,24.4,50,24.4,13.3,70,-57,1,
2026-08-12 13:03:22 ,24.5,50,24.4,13.4,70,-55,1,
2026-08-12 13:18:22 ,24.5,50,24.4,13.4,70,-58,1,
2026-08-12 13:33:22 ,24.5,50.2,24.4,13.4,70,-57,1,
2026-08-12 13:48:22 ,24.6,50.2,24.4,13.5,70,-57,1,
2026-08-12 14:03:22 ,24.6,50.2,24.4,13.5,70,-58,1,
2026-08-12 14:18:22 ,24.6,50.4,24.4,13.6,70,-56,1,
2026-08-12 14:33:22 ,24.6,50.5,24.4,13.6,70,-59,1,
2026-08-12 14:48:22 ,24.6,50.6,24.4,13.6,70,-58,1,
2026-08-12 15:03:22 ,24.5,50.7,24.4,13.6,70,-60,1,
2026-08-12 15:18:22 ,24.5,50.7,24.4,13.6,70,-59,1,
2026-08-12 15:33:22 ,24.5,50.6,24.4,13.6,70,-62,1,
2026-08-12 15:48:22 ,24.4,50.5,24.4,13.4,70,-59,1,
2026-08-12 16:03:22 ,24.4,50.5,24.4,13.5,70,-59,1,
2026-08-12 16:18:22 ,24.4,50.4,24.4,13.4,70,-58,1,
2026-08-12 16:33:22 ,24.4,50.2,24.4,13.4,70,-60,1,
2026-08-12 16:48:22 ,24.4,50.4,24.4,13.4,70,-60,1,
2026-08-12 17:03:22 ,24.4,50.6,24.4,13.5,70,-59,1,
2026-08-12 17:18:22 ,24.4,50.6,24.4,13.5,70,-53,1,
2026-08-12 17:33:22 ,24.4,50.6,24.4,13.5,70,-58,1,
2026-08-12 17:48:22 ,24.4,50.5,24.4,13.5,70,-57,1,
2026-08-12 18:03:22 ,24.4,50.6,24.4,13.5,70,-59,1,
2026-08-12 18:18:22 ,24.4,50.6,24.4,13.5,70,-58,1,
2026-08-12 18:33:22 ,24.4,50.5,24.4,13.4,69,-60,1,
2026-08-12 18:48:22 ,24.4,50.5,24.4,13.5,70,-57,1,
2026-08-12 19:03:22 ,24.4,50.3,24.4,13.4,70,-57,1,
2026-08-12 19:18:22 ,24.4,50.2,24.4,13.4,70,-59,1,
2026-08-12 19:33:22 ,24.4,50.1,24.4,13.3,70,-58,1,
2026-08-12 19:48:22 ,24.4,50,24.4,13.3,70,-59,1,
2026-08-12 20:03:22 ,24.4,49.8,24.4,13.2,70,-59,1,
2026-08-12 20:18:22 ,24.4,49.7,24.4,13.2,69,-58,1,
2026-08-12 20:33:22 ,24.4,49.7,24.4,13.2,70,-57,1,
2026-08-12 20:48:22 ,24.3,49.6,24.4,13.1,70,-57,1,
2026-08-12 21:03:22 ,24.3,49.5,23.9,13,70,-58,1,
2026-08-12 21:18:22 ,24.3,49.5,23.9,13,70,-58,1,
2026-08-12 21:33:22 ,24.3,49.4,23.9,13,70,-58,1,
2026-08-12 21:48:22 ,24.2,49.4,23.9,12.9,70,-56,1,
2026-08-12 22:03:22 ,24.2,49.4,23.9,12.9,70,-57,1,
2026-08-12 22:18:22 ,24.2,49.4,23.9,12.9,70,-58,1,
2026-08-12 22:33:22 ,24.2,49.3,23.9,12.9,69,-58,1,
2026-08-12 22:48:22 ,24.2,49.3,23.9,12.9,70,-61,1,
2026-08-12 23:03:22 ,24.2,49.3,23.9,12.9,70,-60,1,
2026-08-12 23:18:22 ,24.2,49.3,23.9,12.9,70,-59,1,
2026-08-12 23:33:22 ,24.2,49.4,23.9,12.9,70,-61,1,
2026-08-12 23:48:22 ,24.2,49.5,23.9,12.9,70,-61,1,
2026-08-13 00:03:22 ,24.2,49.4,23.9,12.9,70,-59,1,
2026-08-13 00:18:22 ,24.2,49.3,23.9,12.9,70,-58,1,
2026-08-13 00:33:22 ,24.2,49.3,23.9,12.9,70,-57,1,
2026-08-13 00:48:22 ,24.2,49.3,23.9,12.9,69,-58,1,
2026-08-13 01:03:22 ,24.2,49.3,23.9,12.9,70,-57,1,
2026-08-13 01:18:22 ,24.2,49.3,23.9,12.9,70,-59,1,
2026-08-13 01:33:22 ,24.2,49.4,23.9,12.9,70,-58,1,
2026-08-13 01:48:22 ,24.2,49.4,23.9,12.9,70,-58,1,
2026-08-13 02:03:22 ,24.2,49.5,23.9,13,70,-61,1,
2026-08-13 02:18:22 ,24.2,49.6,23.9,13,70,-62,1,
2026-08-13 02:33:22 ,24.2,49.6,23.9,13,70,-58,1,
2026-08-13 02:48:22 ,24.2,49.8,23.9,13,70,-61,1,
2026-08-13 03:03:22 ,24.2,49.9,23.9,13.1,70,-62,1,
2026-08-13 03:18:22 ,24.2,49.9,23.9,13.1,70,-61,1,
2026-08-13 03:33:22 ,24.2,49.8,23.9,13,70,-59,1,
2026-08-13 03:48:22 ,24.2,49.8,23.9,13,69,-58,1,
2026-08-13 04:03:22 ,24.2,49.8,23.9,13,70,-58,1,
2026-08-13 04:18:22 ,24.2,49.8,23.9,13,70,-61,1,
2026-08-13 04:33:22 ,24.2,49.9,23.9,13.1,70,-58,1,
2026-08-13 04:48:22 ,24.2,50,23.9,13.1,70,-57,1,
2026-08-13 05:03:22 ,24.2,50,23.9,13.1,70,-58,1,
2026-08-13 05:18:22 ,24.2,49.9,23.9,13.1,70,-61,1,
2026-08-13 05:33:22 ,24.2,49.7,23.9,13,70,-60,1,
2026-08-13 05:48:22 ,24.2,49.6,23.9,13,69,-58,1,
2026-08-13 06:03:22 ,24.2,49.3,23.9,12.9,69,-58,1,
2026-08-13 06:18:22 ,24.2,49.2,23.9,12.8,69,-61,1,
2026-08-13 06:33:22 ,24.2,49.1,23.9,12.8,69,-61,1,
2026-08-13 06:48:22 ,24.2,49.2,23.9,12.9,69,-67,1,
2026-08-13 07:03:22 ,24.2,49.4,23.9,12.9,69,-57,1,
2026-08-13 07:18:22 ,24.2,49.4,23.9,12.9,69,-58,1,
2026-08-13 07:33:22 ,24.2,49.5,23.9,12.9,70,-58,1,
2026-08-13 07:48:22 ,24.2,49.6,23.9,13,70,-58,1,
2026-08-13 08:03:22 ,24.2,49.7,23.9,13,70,-59,1,
2026-08-13 08:18:22 ,24.2,49.7,23.9,13,69,-61,1,
2026-08-13 08:33:22 ,24.2,49.6,23.9,12.9,70,-60,1,
2026-08-13 08:48:22 ,24.2,49.6,23.9,13,69,-61,1,
2026-08-13 09:03:22 ,24.2,49.7,23.9,13,69,-57,1,
2026-08-13 09:18:22 ,24.2,49.8,23.9,13,70,-59,1,
2026-08-13 09:33:22 ,24.2,49.8,23.9,13.1,69,-58,1,
2026-08-13 09:48:22 ,24.2,49.7,23.9,13,69,-58,1,
2026-08-13 10:03:22 ,24.2,49.5,23.9,12.9,69,-61,1,
2026-08-13 10:18:22 ,24.2,49.6,23.9,13,69,-61,1,
2026-08-13 10:33:22 ,24.2,49.7,23.9,13,69,-57,1,
2026-08-13 10:48:22 ,24.3,49.8,24.4,13.1,69,-58,1,
2026-08-13 11:03:22 ,24.3,50.2,24.4,13.2,69,-57,1,
2026-08-13 11:18:22 ,24.3,50.7,24.4,13.4,69,-58,1,
2026-08-13 11:33:22 ,24.2,50.9,23.9,13.4,70,-65,1,
2026-08-13 11:48:22 ,24.3,51.1,24.4,13.5,69,-61,1,
2026-08-13 12:03:22 ,24.3,50.9,24.4,13.4,69,-62,1,
2026-08-13 12:18:22 ,24.3,50.8,24.4,13.4,69,-58,1,
2026-08-13 12:33:22 ,24.3,50.4,24.4,13.3,70,-60,1,
2026-08-13 12:48:22 ,24.3,50.1,24.4,13.2,70,-55,1,
2026-08-13 13:03:22 ,24.3,50,24.4,13.2,70,-58,1,
2026-08-13 13:18:22 ,24.3,49.9,24.4,13.2,70,-62,1,
2026-08-13 13:33:22 ,24.3,49.8,24.4,13.1,69,-59,1,
2026-08-13 13:48:22 ,24.3,49.8,24.4,13.1,69,-58,1,
2026-08-13 14:03:22 ,24.3,49.8,24.4,13.1,69,-61,1,
2026-08-13 14:18:22 ,24.3,49.8,24.4,13.2,69,-57,1,
2026-08-13 14:33:22 ,24.3,49.8,24.4,13.2,69,-62,1,
2026-08-13 14:48:22 ,24.4,49.7,24.4,13.2,69,-60,1,
2026-08-13 15:03:22 ,24.4,49.5,24.4,13.1,69,-62,1,
2026-08-13 15:18:22 ,24.4,49.3,24.4,13.1,69,-60,1,
2026-08-13 15:33:22 ,24.4,49.1,24.4,13,69,-57,1,
2026-08-13 15:48:22 ,24.4,49.2,24.4,13,69,-58,1,
2026-08-13 16:03:22 ,24.4,49.1,24.4,13,69,-61,1,
2026-08-13 16:18:22 ,24.4,49.1,24.4,13,69,-57,1,
2026-08-13 16:33:22 ,24.4,49.3,24.4,13.1,69,-62,1,
2026-08-13 16:48:22 ,24.4,49.7,24.4,13.2,69,-59,1,
2026-08-13 17:03:22 ,24.4,49.9,24.4,13.3,69,-59,1,
2026-08-13 17:18:22 ,24.5,49.9,24.4,13.3,69,-60,1,
2026-08-13 17:33:22 ,24.4,49.8,24.4,13.3,69,-61,1,
2026-08-13 17:48:22 ,24.4,49.5,24.4,13.2,69,-59,1,
2026-08-13 18:03:22 ,24.5,49.4,24.4,13.2,69,-63,1,
2026-08-13 18:18:22 ,24.5,49.3,24.4,13.1,69,-60,1,
2026-08-13 18:33:22 ,24.4,49.4,24.4,13.1,69,-60,1,
2026-08-13 18:48:22 ,24.4,49.5,24.4,13.1,70,-62,1,
2026-08-13 19:03:22 ,24.4,49.5,24.4,13.2,69,-59,1,
2026-08-13 19:18:22 ,24.4,49.6,24.4,13.2,69,-65,1,
2026-08-13 19:33:22 ,24.4,49.6,24.4,13.2,69,-61,1,
2026-08-13 19:48:22 ,24.4,49.6,24.4,13.2,69,-60,1,
2026-08-13 20:03:22 ,24.4,49.5,24.4,13.1,69,-60,1,
2026-08-13 20:18:22 ,24.4,49.1,24.4,13,70,-60,1,
2026-08-13 20:33:22 ,24.4,48.8,24.4,12.9,70,-59,1,
2026-08-13 20:48:22 ,24.4,48.7,24.4,12.9,70,-60,1,
2026-08-13 21:03:22 ,24.4,48.6,24.4,12.9,69,-59,1,
2026-08-13 21:18:22 ,24.4,48.6,24.4,12.8,69,-57,1,
2026-08-13 21:33:22 ,24.4,48.6,24.4,12.8,69,-59,1,
2026-08-13 21:48:22 ,24.4,48.6,24.4,12.8,69,-58,1,
2026-08-13 22:03:22 ,24.4,48.7,24.4,12.9,69,-58,1,
2026-08-13 22:18:22 ,24.4,48.8,24.4,12.9,69,-57,1,
2026-08-13 22:33:22 ,24.4,49.1,24.4,13,69,-58,1,
2026-08-13 22:48:22 ,24.4,49.4,24.4,13.1,69,-58,1,
2026-08-13 23:03:22 ,24.4,49.6,24.4,13.1,69,-57,1,
2026-08-13 23:18:22 ,24.4,49.8,24.4,13.2,69,-58,1,
2026-08-13 23:33:22 ,24.4,49.9,24.4,13.3,69,-56,1,
2026-08-13 23:48:22 ,24.4,50,24.4,13.3,69,-58,1,
2026-08-14 00:03:22 ,24.4,50.1,24.4,13.3,69,-58,1,
2026-08-14 00:18:22 ,24.4,50,24.4,13.3,69,-57,1,
2026-08-14 00:33:22 ,24.4,50,24.4,13.3,69,-56,1,
2026-08-14 00:48:22 ,24.4,50.1,24.4,13.3,69,-58,1,
2026-08-14 01:03:22 ,24.3,50.2,24.4,13.3,69,-58,1,
2026-08-14 01:18:22 ,24.3,50.3,24.4,13.3,69,-58,1,
2026-08-14 01:33:22 ,24.3,50.4,24.4,13.3,69,-57,1,
2026-08-14 01:48:22 ,24.3,50.6,24.4,13.4,69,-57,1,
2026-08-14 02:03:22 ,24.3,50.9,24.4,13.5,69,-57,1,
2026-08-14 02:18:22 ,24.3,51.1,24.4,13.6,69,-57,1,
2026-08-14 02:33:22 ,24.3,51.4,24.4,13.6,69,-57,1,
2026-08-14 02:48:22 ,24.3,51.8,24.4,13.8,69,-58,1,
2026-08-14 03:03:22 ,24.3,52.2,24.4,13.9,69,-58,1,
2026-08-14 03:18:22 ,24.3,52.5,24.4,14,69,-59,1,
2026-08-14 03:33:22 ,24.3,52.6,24.4,14,69,-57,1,
2026-08-14 03:48:22 ,24.4,52.5,24.4,14,69,-59,1,
2026-08-14 04:03:22 ,24.3,52.5,24.4,14,69,-57,1,
2026-08-14 04:18:22 ,24.3,52.5,24.4,14,69,-57,1,
2026-08-14 04:33:22 ,24.4,52.6,24.4,14,70,-58,1,
2026-08-14 04:48:22 ,24.3,52.6,24.4,14,69,-58,1,
2026-08-14 05:03:22 ,24.3,52.7,24.4,14,69,-57,1,
2026-08-14 05:18:22 ,24.3,52.7,24.4,14,69,-58,1,
2026-08-14 05:33:22 ,24.3,52.9,24.4,14.1,69,-57,1,
2026-08-14 05:48:22 ,24.3,52.9,24.4,14.1,67,-57,1,
2026-08-14 06:03:22 ,24.3,53.1,24.4,14.1,69,-59,1,
2026-08-14 06:18:22 ,24.3,53.2,24.4,14.2,69,-59,1,
2026-08-14 06:33:22 ,24.3,53.3,24.4,14.2,69,-57,1,
2026-08-14 06:48:22 ,24.3,53.3,24.4,14.2,69,-58,1,
2026-08-14 07:03:22 ,24.3,53.2,24.4,14.2,69,-59,1,
2026-08-14 07:18:22 ,24.3,53.2,24.4,14.2,69,-58,1,
2026-08-14 07:33:22 ,24.3,53.3,24.4,14.2,69,-58,1,
2026-08-14 07:48:22 ,24.3,53.4,24.4,14.2,69,-58,1,
2026-08-14 08:03:22 ,24.3,53.2,24.4,14.2,69,-57,1,
2026-08-14 08:18:22 ,24.3,53,24.4,14.1,69,-58,1,
2026-08-14 08:33:22 ,24.3,53,24.4,14.1,69,-57,1,
2026-08-14 08:48:22 ,24.3,52.9,24.4,14.1,69,-58,1,
2026-08-14 09:03:22 ,24.3,52.7,24.4,14,69,-57,1,
2026-08-14 09:18:22 ,24.3,53,24.4,14.1,69,-58,1,
2026-08-14 09:33:22 ,24.3,53.2,24.4,14.1,69,-61,1,
2026-08-14 09:48:22 ,24.3,53.2,24.4,14.1,69,-59,1,
2026-08-14 10:03:22 ,24.3,53.1,24.4,14.1,69,-56,1,
2026-08-14 10:18:22 ,24.3,53,24.4,14.1,69,-57,1,
2026-08-14 10:33:22 ,24.3,53,24.4,14.1,69,-59,1,
2026-08-14 10:48:22 ,24.3,52.8,24.4,14,69,-58,1,
2026-08-14 11:03:22 ,24.3,52.7,24.4,14,69,-57,1,
2026-08-14 11:18:22 ,24.3,52.6,24.4,14,69,-61,1,
2026-08-14 11:33:22 ,24.4,52.6,24.4,14,69,-58,1,
2026-08-14 11:48:22 ,24.3,52.5,24.4,14,69,-60,1,
2026-08-14 12:03:22 ,24.3,52.2,24.4,13.9,69,-61,1,
2026-08-14 12:18:22 ,24.3,51.9,24.4,13.8,69,-58,1,
2026-08-14 12:33:22 ,24.4,51.7,24.4,13.8,70,-59,1,
2026-08-14 12:48:22 ,24.4,51.3,24.4,13.6,69,-57,1,
2026-08-14 13:03:22 ,24.3,51.3,24.4,13.6,69,-59,1,
2026-08-14 13:18:22 ,24.3,51.5,24.4,13.7,69,-61,1,
2026-08-14 13:33:22 ,24.3,51.6,24.4,13.7,69,-58,1,
2026-08-14 13:48:22 ,24.3,51.7,24.4,13.7,69,-61,1,
2026-08-14 14:03:22 ,24.3,51.7,24.4,13.7,69,-59,1,
2026-08-14 14:18:22 ,24.3,51.7,24.4,13.7,69,-57,1,
2026-08-14 14:33:22 ,24.3,51.6,24.4,13.7,69,-56,1,
2026-08-14 14:48:22 ,24.4,51.7,24.4,13.8,69,-60,1,
2026-08-14 15:03:22 ,24.4,51.6,24.4,13.7,69,-56,1,
2026-08-14 15:18:22 ,24.4,51.7,24.4,13.8,69,-61,1,
2026-08-14 15:33:22 ,24.3,51.5,24.4,13.7,69,-58,1,
2026-08-14 15:48:22 ,24.4,51.5,24.4,13.7,69,-58,1,
2026-08-14 16:03:22 ,24.4,51.5,24.4,13.7,69,-63,1,
2026-08-14 16:18:22 ,24.4,51.6,24.4,13.7,69,-58,1,
2026-08-14 16:33:22 ,24.4,51.6,24.4,13.8,69,-61,1,
2026-08-14 16:48:22 ,24.4,51.5,24.4,13.7,69,-58,1,
2026-08-14 17:03:22 ,24.4,51.6,24.4,13.8,69,-60,1,
2026-08-14 17:18:22 ,24.4,51.5,24.4,13.7,69,-59,1,
2026-08-14 17:33:22 ,24.4,51.3,24.4,13.7,69,-58,1,
2026-08-14 17:48:22 ,24.4,51.1,24.4,13.6,69,-57,1,
2026-08-14 18:03:22 ,24.4,51.3,24.4,13.7,69,-59,1,
2026-08-14 18:18:22 ,24.4,51.2,24.4,13.7,69,-59,1,
2026-08-14 18:33:22 ,24.4,51.3,24.4,13.7,69,-62,1,
2026-08-14 18:48:22 ,24.4,51.3,24.4,13.7,69,-60,1,
2026-08-14 19:03:22 ,24.4,51.1,24.4,13.6,69,-61,1,
2026-08-14 19:18:22 ,24.4,50.9,24.4,13.6,69,-60,1,
2026-08-14 19:33:22 ,24.4,50.5,24.4,13.4,69,-60,1,
2026-08-14 19:48:22 ,24.4,50.4,24.4,13.4,69,-59,1,
2026-08-14 20:03:22 ,24.4,50.4,24.4,13.4,69,-60,1,
2026-08-14 20:18:22 ,24.4,50.4,24.4,13.4,69,-62,1,
2026-08-14 20:33:22 ,24.4,50.4,24.4,13.4,70,-62,1,
2026-08-14 20:48:22 ,24.4,50.2,24.4,13.3,69,-61,1,
2026-08-14 21:03:22 ,24.4,50,24.4,13.2,69,-63,1,
2026-08-14 21:18:22 ,24.3,50,24.4,13.2,69,-64,1,
2026-08-14 21:33:22 ,24.4,49.9,24.4,13.2,70,-60,1,
2026-08-14 21:48:22 ,24.4,49.9,24.4,13.2,69,-59,1,
2026-08-14 22:03:22 ,24.4,49.9,24.4,13.2,69,-61,1,
2026-08-14 22:18:22 ,24.3,49.9,24.4,13.2,69,-63,1,
2026-08-14 22:33:22 ,24.3,49.9,24.4,13.2,69,-59,1,
2026-08-14 22:48:22 ,24.3,49.9,24.4,13.2,69,-60,1,
2026-08-14 23:03:22 ,24.3,49.8,24.4,13.2,69,-56,1,
2026-08-14 23:18:22 ,24.3,49.9,24.4,13.2,69,-59,2,
2026-08-14 23:33:22 ,24.3,50,24.4,13.2,69,-58,1,
2026-08-14 23:48:22 ,24.3,50,24.4,13.2,69,-58,1,
2026-08-15 00:03:22 ,24.3,50.1,24.4,13.2,69,-58,1,
2026-08-15 00:18:22 ,24.3,50.2,24.4,13.3,69,-60,1,
2026-08-15 00:33:22 ,24.3,50.3,24.4,13.3,69,-59,1,
2026-08-15 00:48:22 ,24.3,50.4,24.4,13.3,69,-60,1,
2026-08-15 01:03:22 ,24.3,50.3,24.4,13.3,69,-58,1,
2026-08-15 01:18:22 ,24.3,50.2,24.4,13.3,69,-62,1,
2026-08-15 01:33:22 ,24.3,50,24.4,13.2,69,-58,1,
2026-08-15 01:48:22 ,24.3,50,24.4,13.2,69,-61,1,
2026-08-15 02:03:22 ,24.3,50,24.4,13.2,69,-62,1,
2026-08-15 02:18:22 ,24.3,50.1,24.4,13.2,69,-60,1,
2026-08-15 02:33:22 ,24.3,50.1,24.4,13.2,69,-61,1,
2026-08-15 02:48:22 ,24.3,50.2,24.4,13.2,69,-62,1,
2026-08-15 03:03:22 ,24.3,50.3,24.4,13.3,69,-60,1,
2026-08-15 03:18:22 ,24.3,50.3,24.4,13.3,69,-60,1,
2026-08-15 03:33:22 ,24.3,50.4,24.4,13.3,69,-61,1,
2026-08-15 03:48:22 ,24.3,50.4,24.4,13.3,69,-60,1,
2026-08-15 04:03:22 ,24.2,50.4,23.9,13.2,69,-60,1,
2026-08-15 04:18:22 ,24.2,50.6,23.9,13.3,69,-62,1,
2026-08-15 04:33:22 ,24.2,50.7,23.9,13.3,69,-61,1,
2026-08-15 04:48:22 ,24.2,50.8,23.9,13.3,69,-60,1,
2026-08-15 05:03:22 ,24.2,50.6,23.9,13.3,69,-61,1,
2026-08-15 05:18:22 ,24.2,50.6,23.9,13.3,69,-62,1,
2026-08-15 05:33:22 ,24.2,50.7,23.9,13.3,69,-61,1,
2026-08-15 05:48:22 ,24.2,50.7,23.9,13.3,69,-60,1,
2026-08-15 06:03:22 ,24.2,50.7,23.9,13.3,69,-60,1,
2026-08-15 06:18:22 ,24.2,50.9,23.9,13.3,69,-60,1,
2026-08-15 06:33:22 ,24.1,51,23.9,13.3,69,-60,1,
2026-08-15 06:48:22 ,24.1,51.2,23.9,13.4,69,-60,1,
2026-08-15 07:03:22 ,24.1,51.3,23.9,13.4,69,-60,1,
2026-08-15 07:18:22 ,24.1,51.3,23.9,13.4,69,-61,1,
2026-08-15 07:33:22 ,24.1,51.2,23.9,13.4,69,-62,1,
2026-08-15 07:48:22 ,24.1,51.1,23.9,13.3,69,-62,1,
2026-08-15 08:03:22 ,24.1,50.9,23.9,13.3,69,-61,1,
2026-08-15 08:18:22 ,24.1,50.6,23.9,13.2,69,-62,1,
2026-08-15 08:33:22 ,24.1,50.4,23.9,13.1,69,-61,1,
2026-08-15 08:48:22 ,24.1,50.3,23.9,13.1,69,-61,1,
2026-08-15 09:03:22 ,24.1,50.4,23.9,13.1,69,-60,1,
2026-08-15 09:18:22 ,24.1,50.4,23.9,13.1,69,-61,1,
2026-08-15 09:33:22 ,24.1,50.2,23.9,13.1,69,-60,1,
2026-08-15 09:48:22 ,24.2,50.1,23.9,13.1,69,-61,1,
2026-08-15 10:03:22 ,24.2,50,23.9,13.1,69,-62,1,
2026-08-15 10:18:22 ,24.2,50.1,23.9,13.1,69,-64,1,
2026-08-15 10:33:22 ,24.2,50.1,23.9,13.1,69,-62,1,
2026-08-15 10:48:22 ,24.2,50,23.9,13.1,69,-61,1,
2026-08-15 11:03:22 ,24.2,50,23.9,13.1,69,-60,1,
2026-08-15 11:18:22 ,24.2,50.1,23.9,13.1,69,-61,1,
2026-08-15 11:33:22 ,24.2,50.2,23.9,13.2,69,-61,1,
2026-08-15 11:48:22 ,24.2,50.3,23.9,13.2,69,-62,1,
2026-08-15 12:03:22 ,24.2,50.2,23.9,13.2,69,-62,1,
2026-08-15 12:18:22 ,24.2,50.1,23.9,13.1,69,-61,1,
2026-08-15 12:33:22 ,24.2,50.1,23.9,13.2,69,-62,1,
2026-08-15 12:48:22 ,24.2,50.2,23.9,13.2,69,-59,1,
2026-08-15 13:03:22 ,24.2,50.4,23.9,13.2,69,-59,1,
2026-08-15 13:18:22 ,24.3,50.5,24.4,13.3,69,-60,1,
2026-08-15 13:33:22 ,24.3,50.8,24.4,13.4,69,-60,1,
2026-08-15 13:48:22 ,24.2,50.9,23.9,13.4,69,-62,1,
2026-08-15 14:03:22 ,24.3,51.1,24.4,13.5,69,-65,1,
2026-08-15 14:18:22 ,24.2,51.1,23.9,13.5,69,-61,1,
2026-08-15 14:33:22 ,24.3,51.1,24.4,13.5,69,-60,1,
2026-08-15 14:48:22 ,24.2,51,23.9,13.4,69,-61,1,
2026-08-15 15:03:22 ,24.2,51,23.9,13.4,69,-61,1,
2026-08-15 15:18:22 ,24.2,50.9,23.9,13.4,69,-60,1,
2026-08-15 15:33:22 ,24.3,50.8,24.4,13.4,69,-61,1,
2026-08-15 15:48:22 ,24.3,50.7,24.4,13.4,69,-60,1,
2026-08-15 16:03:22 ,24.2,50.5,23.9,13.3,69,-60,1,
2026-08-15 16:18:22 ,24.2,50.4,23.9,13.2,69,-62,1,
2026-08-15 16:33:22 ,24.2,50.4,23.9,13.2,69,-61,1,
2026-08-15 16:48:22 ,24.2,50.5,23.9,13.3,69,-61,1,
2026-08-15 17:03:22 ,24.2,50.5,23.9,13.3,69,-60,1,
2026-08-15 17:18:22 ,24.3,50.5,24.4,13.3,69,-61,1,
2026-08-15 17:33:22 ,24.3,50.6,24.4,13.3,69,-62,1,
2026-08-15 17:48:22 ,24.3,50.6,24.4,13.3,69,-61,1,
2026-08-15 18:03:22 ,24.2,50.7,23.9,13.3,69,-59,1,
2026-08-15 18:18:22 ,24.3,50.8,24.4,13.4,69,-61,1,
2026-08-15 18:33:22 ,24.3,50.8,24.4,13.4,69,-60,1,
2026-08-15 18:48:22 ,24.2,50.9,23.9,13.4,69,-62,1,
2026-08-15 19:03:22 ,24.3,50.9,24.4,13.4,69,-61,1,
2026-08-15 19:18:22 ,24.3,50.9,24.4,13.4,69,-63,1,
2026-08-15 19:33:22 ,24.3,50.9,24.4,13.4,69,-61,1,
2026-08-15 19:48:22 ,24.3,50.8,24.4,13.4,69,-60,1,
2026-08-15 20:03:22 ,24.3,50.8,24.4,13.4,69,-60,1,
2026-08-15 20:18:22 ,24.3,50.7,24.4,13.4,69,-61,1,
2026-08-15 20:33:22 ,24.3,50.7,24.4,13.4,69,-61,1,
2026-08-15 20:48:22 ,24.3,50.7,24.4,13.4,69,-61,1,
2026-08-15 21:03:22 ,24.3,50.6,24.4,13.3,69,-61,1,
2026-08-15 21:18:22 ,24.3,50.7,24.4,13.4,69,-62,1,
2026-08-15 21:33:22 ,24.3,50.8,24.4,13.4,69,-61,1,
2026-08-15 21:48:22 ,24.3,50.8,24.4,13.4,69,-61,1,
2026-08-15 22:03:22 ,24.3,50.9,24.4,13.4,69,-59,1,
2026-08-15 22:18:22 ,24.3,50.9,24.4,13.4,69,-62,1,
2026-08-15 22:33:22 ,24.3,50.9,24.4,13.4,69,-59,1,
2026-08-15 22:48:22 ,24.3,51,24.4,13.4,69,-60,1,
2026-08-15 23:03:22 ,24.3,51,24.4,13.4,69,-61,1,
2026-08-15 23:18:22 ,24.2,51,23.9,13.4,69,-63,1,
2026-08-15 23:33:22 ,24.2,50.9,23.9,13.4,69,-60,1,
2026-08-15 23:48:22 ,24.2,50.8,23.9,13.4,69,-61,1,
2026-08-16 00:03:22 ,24.2,50.7,23.9,13.3,69,-61,1,
2026-08-16 00:18:22 ,24.2,50.7,23.9,13.3,69,-61,1,
2026-08-16 00:33:22 ,24.2,50.6,23.9,13.3,69,-60,1,
2026-08-16 00:48:22 ,24.2,50.6,23.9,13.3,69,-61,1,
2026-08-16 01:03:22 ,24.2,50.5,23.9,13.2,69,-61,1,
2026-08-16 01:18:22 ,24.2,50.5,23.9,13.2,69,-60,1,
2026-08-16 01:33:22 ,24.2,50.6,23.9,13.2,69,-61,1,
2026-08-16 01:48:22 ,24.1,50.5,23.9,13.2,69,-60,1,
2026-08-16 02:03:22 ,24.1,50.6,23.9,13.2,69,-60,1,
2026-08-16 02:18:22 ,24.1,50.7,23.9,13.2,69,-61,1,
2026-08-16 02:33:22 ,24.1,50.6,23.9,13.2,69,-60,1,
2026-08-16 02:48:22 ,24.1,50.6,23.9,13.2,69,-59,1,
2026-08-16 03:03:22 ,24.1,50.6,23.9,13.2,69,-61,1,
2026-08-16 03:18:22 ,24.1,50.6,23.9,13.2,69,-62,1,
2026-08-16 03:33:22 ,24.1,50.4,23.9,13.1,69,-60,1,
2026-08-16 03:48:22 ,24.1,50.3,23.9,13.1,69,-62,1,
2026-08-16 04:03:22 ,24.1,50.3,23.9,13,69,-60,1,
2026-08-16 04:18:22 ,24.1,50.4,23.9,13.1,69,-61,1,
2026-08-16 04:33:22 ,24,50.4,23.9,13.1,69,-63,1,
2026-08-16 04:48:22 ,24.1,50.4,23.9,13.1,69,-60,1,
2026-08-16 05:03:22 ,24.1,50.4,23.9,13.1,69,-62,1,
2026-08-16 05:18:22 ,24,50.4,23.9,13.1,69,-61,1,
2026-08-16 05:33:22 ,24,50.4,23.9,13.1,69,-61,1,
2026-08-16 05:48:22 ,24,50.4,23.9,13,69,-61,1,
2026-08-16 06:03:22 ,24,50.5,23.9,13.1,69,-62,1,
2026-08-16 06:18:22 ,24,50.5,23.9,13.1,69,-62,1,
2026-08-16 06:33:22 ,24,50.5,23.9,13.1,69,-61,1,
2026-08-16 06:48:22 ,24,50.4,23.9,13,69,-62,1,
2026-08-16 07:03:22 ,24,50.3,23.9,13,69,-62,1,
2026-08-16 07:18:22 ,24,50.3,23.9,13,69,-61,1,
2026-08-16 07:33:22 ,24,50.2,23.9,12.9,69,-61,1,
2026-08-16 07:48:22 ,23.9,50.2,23.9,12.9,69,-61,1,
2026-08-16 08:03:22 ,24,50.3,23.9,13,69,-61,1,
2026-08-16 08:18:22 ,23.9,50.4,23.9,13,69,-61,1,
2026-08-16 08:33:22 ,24,50.6,23.9,13.1,69,-62,1,
2026-08-16 08:48:22 ,23.9,50.7,23.9,13.1,69,-62,1,
2026-08-16 09:03:22 ,24,50.8,23.9,13.1,69,-61,1,
2026-08-16 09:18:22 ,24,50.8,23.9,13.1,69,-61,1,
2026-08-16 09:33:22 ,24,51,23.9,13.2,69,-61,1,
2026-08-16 09:48:22 ,24,51,23.9,13.2,69,-61,1,
2026-08-16 10:03:22 ,24,51.1,23.9,13.3,69,-61,1,
2026-08-16 10:18:22 ,24.1,51.2,23.9,13.3,69,-62,1,
2026-08-16 10:33:22 ,24.1,51.3,23.9,13.4,69,-63,1,
2026-08-16 10:48:22 ,24.1,51.4,23.9,13.5,69,-61,1,
2026-08-16 11:03:22 ,24.1,51.6,23.9,13.5,69,-63,1,
2026-08-16 11:18:22 ,24.2,51.7,23.9,13.6,69,-62,1,
2026-08-16 11:33:22 ,24.1,51.8,23.9,13.6,69,-62,1,
2026-08-16 11:48:22 ,24.2,52,23.9,13.7,69,-61,1,
2026-08-16 12:03:22 ,24.2,52.3,23.9,13.8,69,-61,1,
2026-08-16 12:18:22 ,24.2,52.4,23.9,13.8,69,-61,1,
2026-08-16 12:33:22 ,24.2,52.5,23.9,13.9,69,-64,1,
2026-08-16 12:48:22 ,24.2,52.6,23.9,13.9,69,-61,1,
2026-08-16 13:03:22 ,24.2,52.7,23.9,13.9,69,-61,1,
2026-08-16 13:18:22 ,24.2,52.9,23.9,14,69,-62,1,
2026-08-16 13:33:22 ,24.2,52.8,23.9,13.9,69,-66,1,
2026-08-16 13:48:22 ,24.2,53,23.9,14,69,-61,1,
2026-08-16 14:03:22 ,24.2,52.9,23.9,13.9,69,-61,1,
2026-08-16 14:18:22 ,24.2,52.9,23.9,13.9,69,-62,1,
2026-08-16 14:33:22 ,24.2,52.8,23.9,13.9,69,-61,1,
2026-08-16 14:48:22 ,24.2,52.6,23.9,13.8,69,-60,1,
2026-08-16 15:03:22 ,24.2,52.4,23.9,13.8,69,-62,1,
2026-08-16 15:18:22 ,24.2,52,23.9,13.7,69,-63,1,
2026-08-16 15:33:22 ,24.1,51.8,23.9,13.6,69,-64,1,
2026-08-16 15:48:22 ,24.2,51.8,23.9,13.6,69,-62,1,
2026-08-16 16:03:22 ,24.2,51.8,23.9,13.6,69,-60,1,
2026-08-16 16:18:22 ,24.2,51.9,23.9,13.6,69,-61,1,
2026-08-16 16:33:22 ,24.2,52,23.9,13.7,69,-61,1,
2026-08-16 16:48:22 ,24.2,52,23.9,13.7,67,-63,1,
2026-08-16 17:03:22 ,24.2,52,23.9,13.7,69,-62,1,
2026-08-16 17:18:22 ,24.2,52.1,23.9,13.7,69,-63,1,
2026-08-16 17:33:22 ,24.2,52.2,23.9,13.7,69,-61,1,
2026-08-16 17:48:22 ,24.2,52.2,23.9,13.8,69,-59,1,
2026-08-16 18:03:22 ,24.2,52.1,23.9,13.7,69,-61,1,
2026-08-16 18:18:22 ,24.2,52.1,23.9,13.7,69,-60,1,
2026-08-16 18:33:22 ,24.2,52.1,23.9,13.7,69,-60,1,
2026-08-16 18:48:22 ,24.2,52.1,23.9,13.7,69,-62,1,
2026-08-16 19:03:22 ,24.2,52,23.9,13.7,69,-61,1,
2026-08-16 19:18:23 ,24.2,52,23.9,13.7,69,-60,1,
2026-08-16 19:33:22 ,24.2,51.8,23.9,13.6,69,-61,1,
2026-08-16 19:48:22 ,24.2,51.7,23.9,13.6,69,-61,1,
2026-08-16 20:03:22 ,24.2,51.5,23.9,13.5,69,-60,1,
2026-08-16 20:18:22 ,24.2,51.4,23.9,13.5,69,-60,1,
2026-08-16 20:33:22 ,24.2,51.3,23.9,13.5,69,-60,1,
2026-08-16 20:48:22 ,24.2,51.2,23.9,13.4,69,-60,1,
2026-08-16 21:03:22 ,24.2,51.2,23.9,13.4,69,-60,1,
2026-08-16 21:18:22 ,24.2,51.2,23.9,13.4,69,-61,1,
2026-08-16 21:33:22 ,24.2,51.3,23.9,13.5,69,-60,1,
2026-08-16 21:48:22 ,24.1,51.3,23.9,13.4,69,-60,1,
2026-08-16 22:03:22 ,24.2,51.2,23.9,13.4,69,-61,1,
2026-08-16 22:18:22 ,24.1,51.1,23.9,13.4,69,-61,1,
2026-08-16 22:33:22 ,24.1,51,23.9,13.3,69,-61,1,
2026-08-16 22:48:22 ,24.1,51,23.9,13.3,69,-61,1,
2026-08-16 23:03:22 ,24.1,51,23.9,13.3,69,-61,1,
2026-08-16 23:18:22 ,24.1,51,23.9,13.3,69,-62,1,
2026-08-16 23:33:22 ,24.1,50.9,23.9,13.3,69,-61,1,
2026-08-16 23:48:22 ,24.1,50.9,23.9,13.3,69,-61,1,
2026-08-17 00:03:22 ,24.1,51,23.9,13.3,69,-60,1,
2026-08-17 00:18:22 ,24.1,50.9,23.9,13.3,67,-61,1,
2026-08-17 00:33:22 ,24.1,50.9,23.9,13.3,69,-61,1,
2026-08-17 00:48:22 ,24.1,51,23.9,13.3,69,-61,1,
2026-08-17 01:03:22 ,24.1,51,23.9,13.3,69,-60,1,
2026-08-17 01:18:22 ,24.1,51,23.9,13.3,69,-61,1,
2026-08-17 01:33:22 ,24.1,51,23.9,13.3,69,-63,1,
2026-08-17 01:48:22 ,24.1,51,23.9,13.3,69,-61,1,
2026-08-17 02:03:22 ,24.1,51.1,23.9,13.3,67,-61,1,
2026-08-17 02:18:22 ,24.1,51,23.9,13.3,67,-61,1,
2026-08-17 02:33:22 ,24.1,51.1,23.9,13.3,67,-61,1,
2026-08-17 02:48:22 ,24.1,51,23.9,13.3,69,-61,1,
2026-08-17 03:03:22 ,24.1,50.9,23.9,13.2,67,-61,1,
2026-08-17 03:18:22 ,24,50.9,23.9,13.2,69,-61,1,
2026-08-17 03:33:22 ,24,50.9,23.9,13.2,67,-62,1,
2026-08-17 03:48:22 ,24,50.8,23.9,13.2,67,-62,1,
2026-08-17 04:03:22 ,24,50.8,23.9,13.2,67,-60,1,
2026-08-17 04:18:22 ,24,50.8,23.9,13.2,67,-60,1,
2026-08-17 04:33:22 ,24,50.8,23.9,13.2,69,-61,1,
2026-08-17 04:48:22 ,24,50.9,23.9,13.2,69,-61,1,
2026-08-17 05:03:22 ,24,51,23.9,13.2,69,-61,1,
2026-08-17 05:18:22 ,23.9,51,23.9,13.2,67,-60,1,
2026-08-17 05:33:22 ,23.9,51,23.9,13.2,67,-61,1,
2026-08-17 05:48:22 ,23.9,51,23.9,13.2,67,-61,1,
2026-08-17 06:03:22 ,23.9,51.1,23.9,13.2,67,-62,1,
2026-08-17 06:18:22 ,23.9,51.2,23.9,13.2,67,-61,1,
2026-08-17 06:33:22 ,23.9,51.3,23.9,13.2,67,-61,1,
2026-08-17 06:48:22 ,23.9,51.3,23.9,13.2,67,-60,1,
2026-08-17 07:03:22 ,23.9,51.4,23.9,13.2,67,-60,1,
2026-08-17 07:18:22 ,23.9,51.4,23.9,13.2,67,-61,1,
2026-08-17 07:33:22 ,23.9,51.4,23.9,13.3,69,-62,1,
2026-08-17 07:48:22 ,23.9,51.4,23.9,13.3,67,-61,1,
2026-08-17 08:03:22 ,23.9,51.4,23.9,13.3,67,-62,1,
2026-08-17 08:18:22 ,23.9,51.5,23.9,13.3,67,-61,1,
2026-08-17 08:33:22 ,23.9,51.4,23.9,13.3,67,-61,1,
2026-08-17 08:48:22 ,24,51.4,23.9,13.3,67,-64,1,
2026-08-17 09:03:22 ,24,51.5,23.9,13.3,67,-61,1,
2026-08-17 09:18:22 ,24,51.7,23.9,13.4,67,-64,1,
2026-08-17 09:33:22 ,24,51.9,23.9,13.5,67,-61,1,
2026-08-17 09:48:22 ,24.1,52,23.9,13.6,67,-63,1,
2026-08-17 10:03:22 ,24.1,52.1,23.9,13.6,67,-60,1,
2026-08-17 10:18:22 ,24.1,52.3,23.9,13.7,67,-59,1,
2026-08-17 10:33:22 ,24.1,52.4,23.9,13.7,67,-61,1,
2026-08-17 10:48:22 ,24.1,52.4,23.9,13.7,67,-59,1,
2026-08-17 11:03:22 ,24.1,52.5,23.9,13.7,67,-59,1,
2026-08-17 11:18:22 ,24.1,52.6,23.9,13.8,67,-59,1,
2026-08-17 11:33:22 ,24.1,52.7,23.9,13.8,67,-60,1,
2026-08-17 11:48:22 ,24.1,52.6,23.9,13.8,67,-63,1,
2026-08-17 12:03:22 ,24.1,52.7,23.9,13.8,67,-60,1,
2026-08-17 12:18:22 ,24.1,52.8,23.9,13.9,67,-57,1,
2026-08-17 12:33:22 ,24.1,52.8,23.9,13.9,69,-58,1,
2026-08-17 12:48:22 ,24.1,52.8,23.9,13.8,67,-56,1,
2026-08-17 13:03:22 ,24.1,52.7,23.9,13.8,69,-56,1,
2026-08-17 13:18:22 ,24.1,52.9,23.9,13.9,67,-58,1,
2026-08-17 13:33:22 ,24.1,53.1,23.9,14,67,-60,1,
2026-08-17 13:48:22 ,24.1,53.2,23.9,14,67,-59,1,
2026-08-17 14:03:22 ,24.1,53.2,23.9,14,67,-60,1,
2026-08-17 14:18:22 ,24.1,53,23.9,13.9,67,-59,1,
2026-08-17 14:33:22 ,24.1,52.9,23.9,13.9,67,-57,1,
2026-08-17 14:48:22 ,24.2,52.9,23.9,13.9,67,-59,1,
2026-08-17 15:03:22 ,24.2,52.8,23.9,13.9,67,-63,1,
2026-08-17 15:18:22 ,24.2,52.8,23.9,13.9,67,-59,1,
2026-08-17 15:33:22 ,24.2,52.8,23.9,13.9,67,-60,1,
2026-08-17 15:48:22 ,24.2,52.8,23.9,13.9,67,-59,1,
2026-08-17 16:03:22 ,24.2,52.9,23.9,13.9,67,-59,1,
2026-08-17 16:18:22 ,24.2,52.8,23.9,13.9,67,-58,1,
2026-08-17 16:33:22 ,24.2,52.8,23.9,13.9,67,-60,1,
2026-08-17 16:48:22 ,24.2,52.7,23.9,13.9,67,-59,1,
2026-08-17 17:03:22 ,24.1,52.6,23.9,13.8,67,-60,1,
2026-08-17 17:18:22 ,24.2,52.4,23.9,13.8,67,-59,1,
2026-08-17 17:33:23 ,24.2,52.3,23.9,13.8,67,-59,1,
2026-08-17 17:48:22 ,24.2,52.1,23.9,13.7,67,-61,1,
2026-08-17 18:03:22 ,24.2,52.1,23.9,13.7,67,-61,1,
2026-08-17 18:03:24 ,24.2,52.1,23.9,13.7,64,-61,1,
2026-08-17 18:08:24 ,24.2,52.1,23.9,13.7,69,-61,1,
2026-08-17 18:23:24 ,24.2,52,23.9,13.7,69,-58,1,
2026-08-17 18:38:24 ,24.2,51.9,23.9,13.7,67,-59,1,
2026-08-17 18:53:24 ,24.2,51.7,23.9,13.6,67,-59,1,
2026-08-17 19:08:24 ,24.2,51.5,23.9,13.6,67,-58,1,
2026-08-17 19:23:24 ,24.2,51.3,23.9,13.5,67,-60,1,
2026-08-17 19:38:24 ,24.2,51.3,23.9,13.5,67,-59,1,
2026-08-17 19:53:24 ,24.2,51.3,23.9,13.5,67,-60,1,
2026-08-17 20:08:24 ,24.2,51.3,23.9,13.5,67,-59,1,
2026-08-17 20:23:24 ,24.2,51.3,23.9,13.5,67,-60,1,
2026-08-17 20:38:24 ,24.2,51.1,23.9,13.4,67,-59,1,
2026-08-17 20:53:24 ,24.2,51,23.9,13.4,67,-60,1,
2026-08-17 21:08:24 ,24.2,51.1,23.9,13.4,67,-59,1,
2026-08-17 21:23:24 ,24.2,51,23.9,13.4,67,-57,1,
2026-08-17 21:38:24 ,24.2,50.9,23.9,13.3,67,-59,1,
2026-08-17 21:53:24 ,24.2,50.9,23.9,13.3,67,-58,1,
2026-08-17 22:08:24 ,24.2,51,23.9,13.4,67,-58,1,
2026-08-17 22:23:24 ,24.2,51.1,23.9,13.4,67,-57,1,
2026-08-17 22:38:24 ,24.2,51.2,23.9,13.4,67,-59,1,
2026-08-17 22:53:24 ,24.2,51.2,23.9,13.4,67,-59,1,
2026-08-17 23:08:24 ,24.2,51.1,23.9,13.4,67,-58,1,
2026-08-17 23:23:24 ,24.1,51,23.9,13.3,67,-57,1,
2026-08-17 23:38:24 ,24.1,51,23.9,13.3,67,-58,1,
2026-08-17 23:53:24 ,24.1,50.9,23.9,13.3,67,-59,1,
2026-08-18 00:08:24 ,24.1,50.9,23.9,13.3,67,-60,1,
2026-08-18 00:23:24 ,24.1,50.9,23.9,13.3,67,-58,1,
2026-08-18 00:38:24 ,24.1,50.7,23.9,13.2,67,-60,1,
2026-08-18 00:53:24 ,24.1,50.6,23.9,13.2,67,-60,1,
2026-08-18 01:08:24 ,24.1,50.5,23.9,13.1,67,-59,1,
2026-08-18 01:23:24 ,24.1,50.4,23.9,13.1,67,-59,1,
2026-08-18 01:38:24 ,24.1,50.5,23.9,13.1,67,-60,1,
2026-08-18 01:53:24 ,24.1,50.6,23.9,13.2,67,-58,1,
2026-08-18 02:08:24 ,24.1,50.6,23.9,13.2,67,-58,1,
2026-08-18 02:23:24 ,24.1,50.6,23.9,13.2,67,-59,1,
2026-08-18 02:38:24 ,24.1,50.5,23.9,13.1,67,-59,1,
2026-08-18 02:53:24 ,24.1,50.3,23.9,13,67,-60,1,
2026-08-18 03:08:24 ,24,50.1,23.9,13,67,-60,1,
2026-08-18 03:23:24 ,24.1,50.1,23.9,13,67,-60,1,
2026-08-18 03:38:24 ,24,50.1,23.9,13,67,-59,1,
2026-08-18 03:53:24 ,24,49.9,23.9,12.9,67,-59,1,
2026-08-18 04:08:24 ,24,49.7,23.9,12.8,67,-60,1,
2026-08-18 04:23:24 ,23.9,49.6,23.9,12.7,67,-59,1,
2026-08-18 04:38:24 ,24,49.5,23.9,12.7,67,-60,1,
2026-08-18 04:53:24 ,23.9,49.4,23.9,12.7,67,-59,1,
2026-08-18 05:08:24 ,23.9,49.3,23.9,12.6,67,-59,1,
2026-08-18 05:23:24 ,23.9,49.1,23.9,12.5,67,-59,1,
2026-08-18 05:38:24 ,23.9,49.1,23.9,12.5,67,-59,1,
2026-08-18 05:53:24 ,23.9,49.1,23.9,12.6,67,-59,1,
2026-08-18 06:08:24 ,23.9,49.2,23.9,12.6,67,-59,1,
2026-08-18 06:23:24 ,23.9,49.3,23.9,12.6,67,-58,1,
2026-08-18 06:38:24 ,23.8,49.4,23.9,12.6,67,-59,1,
2026-08-18 06:53:24 ,23.8,49.5,23.9,12.6,67,-59,1,
2026-08-18 07:08:24 ,23.9,49.5,23.9,12.6,67,-59,1,
2026-08-18 07:23:24 ,23.8,49.5,23.9,12.6,67,-60,1,
2026-08-18 07:38:24 ,23.8,49.6,23.9,12.6,67,-59,1,
2026-08-18 07:53:24 ,23.8,49.7,23.9,12.7,67,-59,1,
2026-08-18 08:08:24 ,23.8,49.8,23.9,12.7,67,-59,1,
2026-08-18 08:23:24 ,23.9,49.9,23.9,12.8,67,-59,1,
2026-08-18 08:38:24 ,23.8,49.9,23.9,12.7,67,-61,1,
2026-08-18 08:53:24 ,23.9,50,23.9,12.8,67,-59,1,
2026-08-18 09:08:24 ,23.9,50.1,23.9,12.8,67,-59,1,
2026-08-18 09:23:24 ,23.9,50.1,23.9,12.9,67,-59,1,
2026-08-18 09:38:24 ,23.9,50.2,23.9,12.9,67,-59,1,
2026-08-18 09:53:24 ,23.9,50.1,23.9,12.9,67,-59,1,
2026-08-18 10:08:24 ,23.9,50.2,23.9,12.9,67,-56,1,
2026-08-18 10:23:24 ,24,50.4,23.9,13,67,-57,1,
2026-08-18 10:38:24 ,24,50.5,23.9,13.1,67,-59,1,
2026-08-18 10:53:24 ,24,50.6,23.9,13.1,67,-57,1,
2026-08-18 11:08:24 ,24,50.8,23.9,13.2,67,-60,1,
2026-08-18 11:23:24 ,24,50.9,23.9,13.2,67,-57,1,
2026-08-18 11:38:24 ,24.1,51.3,23.9,13.4,67,-58,1,
2026-08-18 11:53:24 ,24.1,51.5,23.9,13.4,67,-59,1,
2026-08-18 12:08:24 ,24.1,51.6,23.9,13.5,67,-58,1,
2026-08-18 12:23:24 ,24.1,51.8,23.9,13.6,67,-57,1,
2026-08-18 12:38:24 ,24.1,51.7,23.9,13.5,67,-59,1,
2026-08-18 12:53:24 ,24.1,51.7,23.9,13.6,67,-57,1,
2026-08-18 13:08:24 ,24.1,51.7,23.9,13.5,67,-59,1,
2026-08-18 13:23:24 ,24.2,51.8,23.9,13.6,67,-57,1,
2026-08-18 13:38:24 ,24.2,51.8,23.9,13.7,67,-59,1,
2026-08-18 13:53:24 ,24.3,51.8,24.4,13.7,67,-54,1,
2026-08-18 14:08:24 ,24.3,51.8,24.4,13.7,67,-58,1,
2026-08-18 14:23:24 ,24.3,51.9,24.4,13.7,67,-59,1,
2026-08-18 14:38:24 ,24.2,51.8,23.9,13.7,67,-59,1,
2026-08-18 14:53:24 ,24.2,51.8,23.9,13.7,67,-57,1,
2026-08-18 15:08:24 ,24.2,51.9,23.9,13.7,67,-58,1,
2026-08-18 15:23:24 ,24.3,52.4,24.4,13.9,67,-60,1,
2026-08-18 15:38:24 ,24.3,52.5,24.4,13.9,67,-64,1,
2026-08-18 15:53:24 ,24.3,52.7,24.4,14,67,-59,1,
2026-08-18 16:08:24 ,24.2,52.6,23.9,13.9,67,-58,1,
2026-08-18 16:23:24 ,24.2,52.5,23.9,13.9,67,-58,1,
2026-08-18 16:38:24 ,24.2,52.5,23.9,13.8,67,-58,1,
2026-08-18 16:53:24 ,24.2,52.6,23.9,13.9,67,-58,1,
2026-08-18 17:08:24 ,24.2,52.5,23.9,13.9,67,-59,1,
2026-08-18 17:23:24 ,24.3,52.3,24.4,13.9,67,-59,1,
2026-08-18 17:38:24 ,24.3,52,24.4,13.7,67,-56,1,
2026-08-18 17:53:24 ,24.3,51.9,24.4,13.7,67,-55,1,
2026-08-18 18:08:24 ,24.3,51.6,24.4,13.7,67,-58,1,
2026-08-18 18:23:24 ,24.3,51.6,24.4,13.7,67,-56,1,
2026-08-18 18:38:24 ,24.3,51.3,24.4,13.6,67,-60,1,
2026-08-18 18:53:24 ,24.3,51.1,24.4,13.6,67,-57,1,
2026-08-18 19:08:24 ,24.4,50.9,24.4,13.5,67,-58,1,
2026-08-18 19:23:24 ,24.3,50.9,24.4,13.5,67,-58,1,
2026-08-18 19:38:24 ,24.3,50.8,24.4,13.4,67,-58,1,
2026-08-18 19:53:24 ,24.3,50.8,24.4,13.5,67,-55,1,
2026-08-18 20:08:24 ,24.3,50.7,24.4,13.4,67,-55,1,
2026-08-18 20:23:24 ,24.3,50.6,24.4,13.4,67,-58,1,
2026-08-18 20:38:24 ,24.3,50.5,24.4,13.4,67,-59,1,
2026-08-18 20:53:24 ,24.3,50.6,24.4,13.4,67,-57,1,
2026-08-18 21:08:24 ,24.3,50.6,24.4,13.4,67,-58,1,
2026-08-18 21:23:24 ,24.3,50.6,24.4,13.4,67,-59,1,
2026-08-18 21:38:24 ,24.3,50.6,24.4,13.3,67,-58,1,
2026-08-18 21:53:24 ,24.2,50.6,23.9,13.3,67,-58,1,
2026-08-18 22:08:24 ,24.2,50.6,23.9,13.3,67,-58,1,
2026-08-18 22:23:24 ,24.3,50.7,24.4,13.4,67,-58,1,
2026-08-18 22:38:24 ,24.2,50.6,23.9,13.3,67,-58,1,
2026-08-18 22:53:24 ,24.2,50.6,23.9,13.3,67,-59,1,
2026-08-18 23:08:24 ,24.2,50.5,23.9,13.2,67,-58,1,
2026-08-18 23:23:24 ,24.2,50.5,23.9,13.2,67,-59,1,
2026-08-18 23:38:24 ,24.2,50.4,23.9,13.2,67,-58,1,
2026-08-18 23:53:24 ,24.2,50.4,23.9,13.2,67,-59,1,
2026-08-19 00:08:24 ,24.2,50.4,23.9,13.2,67,-58,1,
2026-08-19 00:23:24 ,24.2,50.5,23.9,13.2,67,-58,1,
2026-08-19 00:38:24 ,24.2,50.6,23.9,13.2,67,-58,1,
2026-08-19 00:53:24 ,24.2,50.6,23.9,13.2,67,-57,1,
2026-08-19 01:08:24 ,24.2,50.8,23.9,13.3,67,-58,1,
2026-08-19 01:23:24 ,24.2,50.9,23.9,13.3,67,-59,1,
2026-08-19 01:38:24 ,24.2,50.9,23.9,13.3,67,-58,1,
2026-08-19 01:53:24 ,24.2,51,23.9,13.4,67,-58,1,
2026-08-19 02:08:24 ,24.1,51,23.9,13.3,67,-57,1,
2026-08-19 02:23:24 ,24.1,51.1,23.9,13.3,67,-59,1,
2026-08-19 02:38:24 ,24.1,51.1,23.9,13.3,67,-59,1,
2026-08-19 02:53:24 ,24.2,51.2,23.9,13.4,67,-58,1,
2026-08-19 03:08:24 ,24.1,51.2,23.9,13.4,67,-58,1,
2026-08-19 03:23:24 ,24.1,51.2,23.9,13.4,67,-56,1,
2026-08-19 03:38:24 ,24.1,51.2,23.9,13.4,67,-57,1,
2026-08-19 03:53:24 ,24.1,51.3,23.9,13.4,67,-57,1,
2026-08-19 04:08:24 ,24.1,51.2,23.9,13.4,67,-58,1,
2026-08-19 04:23:24 ,24.1,51.1,23.9,13.3,67,-58,1,
2026-08-19 04:38:24 ,24.1,51.1,23.9,13.3,67,-58,1,
2026-08-19 04:53:24 ,24.1,51.1,23.9,13.3,67,-58,1,
2026-08-19 05:08:24 ,24.1,51.1,23.9,13.3,67,-59,1,
2026-08-19 05:23:24 ,24.1,51.1,23.9,13.3,67,-59,1,
2026-08-19 05:38:24 ,24.1,51,23.9,13.3,67,-58,1,
2026-08-19 05:53:24 ,24,51,23.9,13.2,67,-57,1,
2026-08-19 06:08:24 ,24,50.9,23.9,13.2,67,-58,1,
2026-08-19 06:23:24 ,24.1,50.9,23.9,13.2,67,-58,1,
2026-08-19 06:38:24 ,24,50.9,23.9,13.2,67,-57,1,
2026-08-19 06:53:24 ,24,50.9,23.9,13.2,67,-58,1,
2026-08-19 07:08:24 ,24,50.9,23.9,13.2,67,-58,1,
2026-08-19 07:23:24 ,24,51.1,23.9,13.2,67,-58,1,
2026-08-19 07:38:24 ,24,51.1,23.9,13.2,67,-59,1,
2026-08-19 07:53:24 ,24,51.1,23.9,13.2,67,-58,1,
2026-08-19 08:08:24 ,24,51.1,23.9,13.2,67,-58,1,
2026-08-19 08:23:24 ,24,51.3,23.9,13.3,67,-58,1,
2026-08-19 08:38:24 ,24,51.3,23.9,13.3,67,-58,1,
2026-08-19 08:53:24 ,24,51.4,23.9,13.3,67,-57,1,
2026-08-19 09:08:24 ,24,51.5,23.9,13.4,67,-58,1,
2026-08-19 09:23:24 ,24,51.5,23.9,13.4,67,-58,1,
2026-08-19 09:38:24 ,24.1,51.4,23.9,13.4,67,-59,1,
2026-08-19 09:53:24 ,24.1,51.3,23.9,13.4,67,-57,1,
2026-08-19 10:08:24 ,24.1,51.4,23.9,13.4,67,-56,1,
2026-08-19 10:23:24 ,24,51.7,23.9,13.5,67,-56,1,
2026-08-19 10:38:24 ,24.1,51.9,23.9,13.6,67,-59,1,
2026-08-19 10:53:24 ,24.1,52,23.9,13.6,67,-59,1,
2026-08-19 11:08:24 ,24.1,52,23.9,13.6,67,-58,1,
2026-08-19 11:23:24 ,24.1,52.1,23.9,13.6,67,-59,1,
2026-08-19 11:38:24 ,24.1,52,23.9,13.6,67,-55,1,
2026-08-19 11:53:24 ,24.1,52,23.9,13.6,67,-58,1,
2026-08-19 12:08:24 ,24.2,52.2,23.9,13.7,67,-58,1,
2026-08-19 12:23:24 ,24.2,52.3,23.9,13.8,67,-57,1,
2026-08-19 12:38:24 ,24.2,52.3,23.9,13.8,67,-55,1,
2026-08-19 12:53:24 ,24.2,52.4,23.9,13.8,67,-57,1,
2026-08-19 13:08:24 ,24.2,52.3,23.9,13.8,67,-59,1,
2026-08-19 13:23:24 ,24.2,52.2,23.9,13.7,67,-58,1,
2026-08-19 13:38:24 ,24.2,52.1,23.9,13.7,67,-57,1,
2026-08-19 13:53:24 ,24.2,52,23.9,13.7,67,-58,1,
2026-08-19 14:08:24 ,24.2,51.8,23.9,13.6,67,-57,1,
2026-08-19 14:23:24 ,24.1,51.8,23.9,13.6,67,-57,1,
2026-08-19 14:38:24 ,24.1,51.7,23.9,13.6,67,-58,1,
2026-08-19 14:53:24 ,24.2,51.6,23.9,13.6,67,-57,1,
2026-08-19 15:08:24 ,24.2,51.5,23.9,13.6,67,-58,1,
2026-08-19 15:23:24 ,24.2,51.3,23.9,13.5,67,-58,1,
2026-08-19 15:38:24 ,24.2,51.2,23.9,13.4,67,-57,1,
2026-08-19 15:53:24 ,24.2,51.1,23.9,13.4,67,-60,1,
2026-08-19 16:08:24 ,24.2,51,23.9,13.4,67,-58,1,
2026-08-19 16:23:24 ,24.2,50.9,23.9,13.4,67,-57,1,
2026-08-19 16:38:24 ,24.2,50.9,23.9,13.4,67,-57,1,
2026-08-19 16:53:24 ,24.2,50.8,23.9,13.4,67,-58,1,
2026-08-19 17:08:24 ,24.3,50.8,24.4,13.4,67,-58,1,
2026-08-19 17:23:24 ,24.3,50.8,24.4,13.4,67,-57,1,
2026-08-19 17:38:24 ,24.3,50.8,24.4,13.4,67,-59,1,
2026-08-19 17:53:24 ,24.3,50.6,24.4,13.3,67,-57,1,
2026-08-19 18:08:24 ,24.3,50.5,24.4,13.3,67,-58,1,
2026-08-19 18:23:24 ,24.3,50.4,24.4,13.3,67,-57,1,
2026-08-19 18:38:24 ,24.3,50.5,24.4,13.3,67,-58,1,
2026-08-19 18:53:24 ,24.2,50.5,23.9,13.3,67,-57,1,
2026-08-19 19:08:24 ,24.3,50.5,24.4,13.3,67,-58,1,
2026-08-19 19:23:24 ,24.2,50.5,23.9,13.3,67,-56,1,
2026-08-19 19:38:24 ,24.2,50.4,23.9,13.2,67,-57,1,
2026-08-19 19:53:24 ,24.2,50.2,23.9,13.2,67,-58,1,
2026-08-19 20:08:24 ,24.2,50.1,23.9,13.1,67,-56,1,
2026-08-19 20:23:24 ,24.2,49.9,23.9,13.1,67,-56,1,
2026-08-19 20:38:24 ,24.2,49.7,23.9,13,67,-57,1,
2026-08-19 20:53:24 ,24.2,49.7,23.9,13,67,-56,1,
2026-08-19 21:08:24 ,24.2,49.7,23.9,13,67,-57,1,
2026-08-19 21:23:24 ,24.2,49.7,23.9,13,67,-57,1,
2026-08-19 21:38:24 ,24.2,49.7,23.9,13,67,-58,1,
2026-08-19 21:53:24 ,24.2,49.7,23.9,13,67,-58,1,
2026-08-19 22:08:24 ,24.2,49.7,23.9,13,67,-59,1,
2026-08-19 22:23:24 ,24.1,49.8,23.9,13,67,-57,1,
2026-08-19 22:38:24 ,24.2,49.8,23.9,13,67,-58,1,
2026-08-19 22:53:24 ,24.1,49.8,23.9,13,67,-57,1,
2026-08-19 23:08:24 ,24.2,50,23.9,13.1,67,-58,1,
2026-08-19 23:23:24 ,24.1,50,23.9,13,67,-58,1,
2026-08-19 23:38:24 ,24.1,49.8,23.9,13,67,-58,1,
2026-08-19 23:53:24 ,24.1,49.8,23.9,12.9,67,-55,1,
2026-08-20 00:08:24 ,24.1,49.8,23.9,12.9,67,-58,1,
2026-08-20 00:23:24 ,24.1,49.8,23.9,12.9,67,-58,1,
2026-08-20 00:38:24 ,24.1,49.7,23.9,12.9,67,-58,1,
2026-08-20 00:53:24 ,24.1,49.6,23.9,12.9,67,-57,1,
2026-08-20 01:08:24 ,24.1,49.6,23.9,12.8,67,-58,1,
2026-08-20 01:23:24 ,24.1,49.5,23.9,12.8,67,-58,1,
2026-08-20 01:38:24 ,24.1,49.5,23.9,12.8,67,-60,1,
2026-08-20 01:53:24 ,24.1,49.5,23.9,12.8,67,-57,1,
2026-08-20 02:08:24 ,24.1,49.4,23.9,12.8,67,-60,1,
2026-08-20 02:23:24 ,24.1,49.5,23.9,12.8,67,-57,1,
2026-08-20 02:38:24 ,24.1,49.5,23.9,12.8,67,-57,1,
2026-08-20 02:53:24 ,24.1,49.5,23.9,12.8,67,-58,1,
2026-08-20 03:08:24 ,24,49.5,23.9,12.8,67,-57,1,
2026-08-20 03:23:24 ,24.1,49.3,23.9,12.7,67,-58,1,
2026-08-20 03:38:24 ,24,49.1,23.9,12.7,67,-58,1,
2026-08-20 03:53:24 ,24,48.9,23.9,12.6,67,-57,1,
2026-08-20 04:08:24 ,24,48.8,23.9,12.5,67,-57,1,
2026-08-20 04:23:24 ,24,48.6,23.9,12.5,67,-58,1,
2026-08-20 04:38:24 ,24,48.6,23.9,12.5,67,-57,1,
2026-08-20 04:53:24 ,24,48.5,23.9,12.4,67,-58,1,
2026-08-20 05:08:24 ,23.9,48.4,23.9,12.4,67,-57,1,
2026-08-20 05:23:24 ,23.9,48.4,23.9,12.4,67,-58,1,
2026-08-20 05:38:24 ,23.9,48.4,23.9,12.4,67,-58,1,
2026-08-20 05:53:24 ,23.9,48.4,23.9,12.3,67,-58,1,
2026-08-20 06:08:24 ,23.9,48.6,23.9,12.4,67,-58,1,
2026-08-20 06:23:24 ,23.9,48.6,23.9,12.4,67,-58,1,
2026-08-20 06:38:24 ,23.9,48.6,23.9,12.4,67,-57,1,
2026-08-20 06:53:24 ,23.9,48.5,23.9,12.4,67,-58,1,
2026-08-20 07:08:24 ,23.9,48.6,23.9,12.4,67,-57,1,
2026-08-20 07:23:24 ,23.9,48.8,23.9,12.5,67,-58,1,
2026-08-20 07:38:24 ,23.9,48.9,23.9,12.5,67,-58,1,
2026-08-20 07:53:24 ,23.9,49,23.9,12.5,67,-58,1,
2026-08-20 08:08:24 ,23.9,49.2,23.9,12.6,67,-59,1,
2026-08-20 08:23:24 ,23.9,49.3,23.9,12.6,67,-58,1,
2026-08-20 08:38:24 ,23.9,49.6,23.9,12.7,67,-58,1,
2026-08-20 08:53:24 ,23.9,49.6,23.9,12.7,66,-58,1,
2026-08-20 09:08:24 ,23.9,49.6,23.9,12.7,66,-58,1,
2026-08-20 09:23:24 ,23.9,49.7,23.9,12.8,67,-58,1,
2026-08-20 09:38:24 ,24,49.7,23.9,12.8,67,-58,1,
2026-08-20 09:53:24 ,24,49.8,23.9,12.8,67,-59,1,
2026-08-20 10:08:24 ,24,50,23.9,12.9,67,-58,1,
2026-08-20 10:23:24 ,24,50.1,23.9,12.9,67,-58,1,
2026-08-20 10:38:24 ,24,50.2,23.9,13,67,-56,1,
2026-08-20 10:53:24 ,24.1,50.3,23.9,13,67,-55,1,
2026-08-20 11:08:24 ,24.1,50.4,23.9,13.1,67,-58,1,
2026-08-20 11:23:24 ,24.1,50.6,23.9,13.2,67,-58,1,
2026-08-20 11:38:24 ,24.1,50.9,23.9,13.2,66,-57,1,
2026-08-20 11:53:24 ,24,51.1,23.9,13.3,67,-55,1,
2026-08-20 12:08:24 ,24.1,51.3,23.9,13.4,67,-57,1,
2026-08-20 12:23:25 ,24.1,51.5,23.9,13.5,67,-56,1,
2026-08-20 12:38:24 ,24.2,51.7,23.9,13.6,67,-54,1,
2026-08-20 12:53:24 ,24.2,51.8,23.9,13.6,67,-54,1,
2026-08-20 13:08:24 ,24.2,51.8,23.9,13.6,67,-57,1,
2026-08-20 13:23:24 ,24.2,51.8,23.9,13.6,67,-58,1,
2026-08-20 13:38:24 ,24.2,51.9,23.9,13.6,67,-58,1,
2026-08-20 13:53:24 ,24.2,52,23.9,13.7,67,-56,1,
2026-08-20 14:08:24 ,24.2,51.9,23.9,13.7,67,-55,1,
2026-08-20 14:23:24 ,24.2,51.9,23.9,13.7,67,-57,1,
2026-08-20 14:38:24 ,24.2,51.7,23.9,13.6,67,-57,1,
2026-08-20 14:53:24 ,24.2,51.6,23.9,13.6,67,-58,1,
2026-08-20 15:08:24 ,24.3,51.6,24.4,13.6,67,-56,1,
2026-08-20 15:23:24 ,24.3,51.5,24.4,13.6,67,-56,1,
2026-08-20 15:38:24 ,24.3,51.5,24.4,13.6,67,-57,1,
2026-08-20 15:53:24 ,24.3,51.4,24.4,13.6,67,-58,1,
2026-08-20 16:08:24 ,24.3,51.5,24.4,13.6,66,-55,1,
2026-08-20 16:23:24 ,24.3,51.5,24.4,13.6,66,-56,1,
2026-08-20 16:38:24 ,24.3,51.5,24.4,13.6,67,-57,1,
2026-08-20 16:53:24 ,24.3,51.4,24.4,13.6,67,-58,1,
2026-08-20 17:08:24 ,24.3,51.3,24.4,13.6,67,-58,1,
2026-08-20 17:23:24 ,24.3,51.4,24.4,13.6,67,-61,1,
2026-08-20 17:38:24 ,24.3,51.4,24.4,13.6,67,-56,1,
2026-08-20 17:53:24 ,24.3,51.3,24.4,13.6,67,-57,1,
2026-08-20 18:08:24 ,24.3,51.2,24.4,13.6,67,-58,1,
2026-08-20 18:23:24 ,24.3,51.2,24.4,13.6,67,-57,1,
2026-08-20 18:38:24 ,24.3,51.2,24.4,13.5,66,-52,1,
2026-08-20 18:53:24 ,24.3,51.2,24.4,13.6,67,-54,1,
2026-08-20 19:08:24 ,24.3,51.1,24.4,13.5,67,-54,1,
2026-08-20 19:23:24 ,24.3,51.1,24.4,13.5,67,-54,1,
2026-08-20 19:38:24 ,24.3,51,24.4,13.4,66,-54,1,
2026-08-20 19:53:24 ,24.3,50.9,24.4,13.4,67,-55,1,
2026-08-20 20:08:24 ,24.3,50.8,24.4,13.4,67,-55,1,
2026-08-20 20:23:24 ,24.3,50.7,24.4,13.4,67,-56,1,
2026-08-20 20:38:24 ,24.3,50.6,24.4,13.3,67,-55,1,
2026-08-20 20:53:24 ,24.2,50.5,23.9,13.3,67,-55,1,
2026-08-20 21:08:24 ,24.2,50.4,23.9,13.2,66,-55,1,
2026-08-20 21:23:24 ,24.2,50.5,23.9,13.2,67,-56,1,
2026-08-20 21:38:25 ,24.2,50.5,23.9,13.3,67,-55,1,
2026-08-20 21:53:24 ,24.2,50.6,23.9,13.3,67,-55,1,
2026-08-20 22:08:24 ,24.2,50.6,23.9,13.3,66,-55,1,
2026-08-20 22:23:24 ,24.2,50.6,23.9,13.3,66,-55,1,
2026-08-20 22:38:24 ,24.2,50.6,23.9,13.3,67,-55,1,
2026-08-20 22:53:25 ,24.2,50.6,23.9,13.3,67,-55,1,
2026-08-20 23:08:24 ,24.2,50.6,23.9,13.3,66,-56,1,
2026-08-20 23:23:24 ,24.2,50.5,23.9,13.2,67,-55,1,
2026-08-20 23:38:24 ,24.2,50.6,23.9,13.3,66,-55,1,
2026-08-20 23:53:24 ,24.2,50.6,23.9,13.3,67,-55,1,
2026-08-21 00:08:24 ,24.2,50.5,23.9,13.2,66,-55,1,
2026-08-21 00:23:24 ,24.2,50.4,23.9,13.2,66,-55,1,
2026-08-21 00:38:24 ,24.2,50.5,23.9,13.2,67,-55,1,
2026-08-21 00:53:24 ,24.2,50.4,23.9,13.2,67,-55,1,
2026-08-21 01:08:24 ,24.2,50.4,23.9,13.2,66,-55,1,
2026-08-21 01:23:24 ,24.1,50.3,23.9,13.1,67,-55,1,
2026-08-21 01:38:24 ,24.2,50.3,23.9,13.2,67,-57,1,
2026-08-21 01:53:24 ,24.1,50.3,23.9,13.1,66,-55,1,
2026-08-21 02:08:24 ,24.1,50.2,23.9,13.1,66,-55,1,
2026-08-21 02:23:24 ,24.1,50.2,23.9,13.1,67,-55,1,
2026-08-21 02:38:24 ,24.1,50.2,23.9,13.1,66,-55,1,
2026-08-21 02:53:24 ,24.1,50.2,23.9,13.1,66,-56,1,
2026-08-21 03:08:24 ,24.1,50.1,23.9,13,67,-55,1,
2026-08-21 03:23:24 ,24.1,50,23.9,13,66,-55,1,
2026-08-21 03:38:24 ,24.1,50,23.9,13,66,-55,1,
2026-08-21 03:53:24 ,24.1,50.1,23.9,13,66,-55,1,
2026-08-21 04:08:24 ,24.1,50.3,23.9,13,66,-55,1,
2026-08-21 04:23:24 ,24.1,50.4,23.9,13.1,66,-55,1,
2026-08-21 04:38:24 ,24.1,50.4,23.9,13.1,67,-55,1,
2026-08-21 04:53:24 ,24,50.5,23.9,13.1,66,-55,1,
2026-08-21 05:08:24 ,24.1,50.6,23.9,13.1,66,-55,1,
2026-08-21 05:23:24 ,24.1,50.7,23.9,13.2,66,-55,1,
2026-08-21 05:38:24 ,24.1,50.7,23.9,13.2,67,-56,1,
2026-08-21 05:53:24 ,24.1,50.8,23.9,13.2,66,-55,1,
2026-08-21 06:08:24 ,24,50.7,23.9,13.1,66,-57,1,
2026-08-21 06:23:24 ,24,50.7,23.9,13.2,66,-55,1,
2026-08-21 06:38:24 ,24,50.7,23.9,13.2,66,-59,1,
2026-08-21 06:53:24 ,24,50.8,23.9,13.2,66,-55,1,
2026-08-21 07:08:24 ,24,50.8,23.9,13.2,66,-55,1,
2026-08-21 07:23:24 ,24,50.9,23.9,13.2,66,-55,1,
2026-08-21 07:38:24 ,24,51,23.9,13.2,66,-55,1,
2026-08-21 07:53:24 ,24,51,23.9,13.2,66,-55,1,
2026-08-21 08:08:24 ,24,51.1,23.9,13.2,66,-55,1,
2026-08-21 08:23:24 ,24,51.2,23.9,13.3,66,-55,1,
2026-08-21 08:38:24 ,24,51.2,23.9,13.3,66,-56,1,
2026-08-21 08:53:24 ,24,51.1,23.9,13.3,66,-57,1,
2026-08-21 09:08:24 ,24,51.1,23.9,13.2,66,-55,1,
2026-08-21 09:23:24 ,24,51.1,23.9,13.3,66,-56,1,
2026-08-21 09:38:24 ,24,51,23.9,13.2,66,-56,1,
2026-08-21 09:53:24 ,24,51,23.9,13.2,66,-58,1,
2026-08-21 10:08:24 ,24,51.1,23.9,13.2,66,-57,1,
2026-08-21 10:23:24 ,24.1,51.2,23.9,13.3,66,-57,1,
2026-08-21 10:38:24 ,24.1,51.4,23.9,13.4,66,-57,1,
2026-08-21 10:53:24 ,24.1,51.4,23.9,13.4,66,-60,1,
2026-08-21 11:08:25 ,24.1,51.5,23.9,13.4,66,-64,1,
2026-08-21 11:23:24 ,24.1,51.7,23.9,13.6,66,-58,1,
2026-08-21 11:38:24 ,24.2,51.7,23.9,13.6,66,-61,1,
2026-08-21 11:53:24 ,24.1,51.8,23.9,13.6,66,-57,1,
2026-08-21 12:08:24 ,24.2,51.8,23.9,13.6,66,-57,1,
2026-08-21 12:23:24 ,24.1,51.8,23.9,13.6,66,-58,1,
2026-08-21 12:38:24 ,24.1,51.9,23.9,13.6,66,-57,1,
2026-08-21 12:53:25 ,24.1,52.3,23.9,13.7,66,-55,1,
2026-08-21 13:08:24 ,24.1,52.6,23.9,13.7,66,-57,1,
2026-08-21 13:23:24 ,24.1,52.9,23.9,13.8,66,-57,1,
2026-08-21 13:38:24 ,24,53.1,23.9,13.9,66,-57,1,
2026-08-21 13:53:24 ,24.1,53.1,23.9,13.9,66,-56,1,
2026-08-21 14:08:24 ,24.1,53.1,23.9,13.9,66,-55,1,
2026-08-21 14:23:24 ,24,53,23.9,13.8,66,-56,1,
2026-08-21 14:38:24 ,24.1,53.1,23.9,13.9,66,-61,1,
2026-08-21 14:53:24 ,24.1,53.2,23.9,14,66,-57,1,
2026-08-21 15:08:24 ,24.2,53.3,23.9,14.1,66,-60,1,
2026-08-21 15:23:24 ,24.3,53,24.4,14.1,66,-61,1,
2026-08-21 15:38:24 ,24.3,52.9,24.4,14,66,-55,1,
2026-08-21 15:53:24 ,24.3,52.8,24.4,14,66,-57,1,
2026-08-21 16:08:24 ,24.3,52.7,24.4,14,66,-56,1,
2026-08-21 16:23:24 ,24.3,52.5,24.4,13.9,66,-57,1,
2026-08-21 16:38:24 ,24.2,52.3,23.9,13.8,66,-62,1,
2026-08-21 16:53:25 ,24.2,52.2,23.9,13.8,66,-61,2,
2026-08-21 17:08:24 ,24.2,52.1,23.9,13.7,66,-59,1,
2026-08-21 17:23:24 ,24.2,52,23.9,13.7,66,-58,1,
2026-08-21 17:38:24 ,24.2,51.9,23.9,13.7,66,-57,1,
2026-08-21 17:53:24 ,24.2,51.9,23.9,13.6,66,-56,1,
2026-08-21 18:08:24 ,24.2,51.7,23.9,13.6,66,-56,1,
2026-08-21 18:23:24 ,24.2,51.6,23.9,13.5,66,-56,1,
2026-08-21 18:38:25 ,24.2,51.5,23.9,13.5,66,-56,1,
2026-08-21 18:53:24 ,24.2,51.5,23.9,13.5,66,-55,1,
2026-08-21 19:08:24 ,24.1,51.5,23.9,13.5,66,-54,1,
2026-08-21 19:23:24 ,24.1,51.5,23.9,13.4,66,-56,1,
2026-08-21 19:38:24 ,24.1,51.5,23.9,13.4,66,-54,1,
2026-08-21 19:53:24 ,24.1,51.3,23.9,13.4,66,-54,1,
2026-08-21 20:08:24 ,24.1,51.2,23.9,13.4,66,-56,1,
2026-08-21 20:23:24 ,24.1,51,23.9,13.3,66,-56,1,
2026-08-21 20:38:24 ,24.1,50.8,23.9,13.2,66,-55,1,
2026-08-21 20:53:24 ,24.1,50.8,23.9,13.2,66,-56,1,
2026-08-21 21:08:25 ,24.1,50.8,23.9,13.2,66,-55,1,
2026-08-21 21:23:24 ,24.1,50.8,23.9,13.3,66,-53,1,
2026-08-21 21:38:24 ,24.1,50.7,23.9,13.2,66,-53,1,
2026-08-21 21:53:24 ,24.1,50.7,23.9,13.2,66,-53,1,
2026-08-21 22:08:24 ,24.1,50.7,23.9,13.2,66,-54,1,
2026-08-21 22:23:25 ,24.1,50.7,23.9,13.2,66,-55,1,
2026-08-21 22:38:24 ,24.1,50.8,23.9,13.2,66,-54,1,
2026-08-21 22:53:24 ,24.1,50.8,23.9,13.2,66,-54,1,
2026-08-21 23:08:24 ,24.1,50.8,23.9,13.2,66,-55,1,
2026-08-21 23:23:24 ,24.1,50.8,23.9,13.2,66,-51,1,
2026-08-21 23:38:24 ,24.1,50.9,23.9,13.3,66,-54,1,
2026-08-21 23:53:24 ,24.1,50.8,23.9,13.2,66,-51,1,
2026-08-22 00:08:24 ,24.1,50.7,23.9,13.2,66,-54,1,
2026-08-22 00:23:24 ,24.1,50.6,23.9,13.2,66,-55,1,
2026-08-22 00:38:24 ,24.1,50.5,23.9,13.1,66,-54,1,
2026-08-22 00:53:24 ,24.1,50.4,23.9,13.1,66,-54,1,
2026-08-22 01:08:24 ,24.1,50.3,23.9,13,66,-54,1,
2026-08-22 01:23:24 ,24,50.3,23.9,13,66,-53,1,
2026-08-22 01:38:24 ,24,50.2,23.9,13,66,-54,1,
2026-08-22 01:53:24 ,24.1,50.2,23.9,13,66,-54,1,
2026-08-22 02:08:24 ,24,50.2,23.9,13,66,-54,1,
2026-08-22 02:23:24 ,24,50.2,23.9,13,66,-54,1,
2026-08-22 02:38:24 ,24,50.2,23.9,13,66,-54,1,
2026-08-22 02:53:24 ,24,50.2,23.9,13,66,-54,1,
2026-08-22 03:08:24 ,24,50.2,23.9,13,66,-55,1,
2026-08-22 03:23:24 ,24,50.2,23.9,13,66,-53,1,
2026-08-22 03:38:24 ,24,50.3,23.9,13,66,-54,1,
2026-08-22 03:53:24 ,24,50.3,23.9,13,66,-54,1,
2026-08-22 04:08:25 ,24,50.2,23.9,13,66,-54,1,
2026-08-22 04:23:24 ,24,50.2,23.9,13,66,-54,1,
2026-08-22 04:38:24 ,24,50.1,23.9,12.9,66,-54,1,
2026-08-22 04:53:24 ,24,50,23.9,12.9,66,-54,1,
2026-08-22 05:08:24 ,24,49.9,23.9,12.9,66,-54,1,
2026-08-22 05:23:24 ,24,49.8,23.9,12.9,66,-54,1,
2026-08-22 05:38:24 ,24,49.7,23.9,12.8,66,-54,1,
2026-08-22 05:53:24 ,24,49.6,23.9,12.8,66,-54,1,
2026-08-22 06:08:24 ,24,49.5,23.9,12.7,66,-54,1,
2026-08-22 06:23:24 ,24,49.5,23.9,12.7,66,-54,1,
2026-08-22 06:38:24 ,24,49.5,23.9,12.8,66,-54,1,
2026-08-22 06:53:24 ,24,49.5,23.9,12.7,66,-54,1,
2026-08-22 07:08:24 ,24,49.6,23.9,12.8,66,-54,1,
2026-08-22 07:23:24 ,24,49.6,23.9,12.8,66,-54,1,
2026-08-22 07:38:24 ,24,49.6,23.9,12.8,66,-54,1,
2026-08-22 07:53:24 ,24,49.6,23.9,12.8,66,-54,1,
2026-08-22 08:08:24 ,24,49.7,23.9,12.8,66,-54,1,
2026-08-22 08:23:24 ,24,49.8,23.9,12.9,66,-54,1,
2026-08-22 08:38:24 ,24,50,23.9,12.9,66,-54,1,
2026-08-22 08:53:24 ,24,50,23.9,12.9,66,-54,1,
2026-08-22 09:08:24 ,24,49.9,23.9,12.9,66,-54,1,
2026-08-22 09:23:24 ,24,49.9,23.9,12.9,66,-54,1,
2026-08-22 09:38:24 ,24,49.9,23.9,12.9,66,-54,1,
2026-08-22 09:53:24 ,24,50.1,23.9,12.9,66,-54,1,
2026-08-22 10:08:24 ,24,50.2,23.9,13,66,-54,1,
2026-08-22 10:23:24 ,24,50.4,23.9,13,66,-54,1,
2026-08-22 10:38:24 ,24,50.5,23.9,13.1,66,-54,1,
2026-08-22 10:53:24 ,24,50.6,23.9,13.1,66,-53,1,
2026-08-22 11:08:24 ,24.1,50.7,23.9,13.2,66,-54,1,
2026-08-22 11:23:24 ,24.1,50.8,23.9,13.2,66,-54,1,
2026-08-22 11:38:24 ,24.1,50.8,23.9,13.2,66,-54,1,
2026-08-22 11:53:24 ,24,50.9,23.9,13.2,66,-54,1,
2026-08-22 12:08:24 ,24.1,50.9,23.9,13.2,66,-54,1,
2026-08-22 12:23:24 ,24,50.8,23.9,13.2,66,-54,1,
2026-08-22 12:38:24 ,24.1,50.8,23.9,13.2,66,-54,1,
2026-08-22 12:53:24 ,24,50.8,23.9,13.2,66,-56,1,
2026-08-22 13:08:24 ,24,50.9,23.9,13.2,66,-54,1,
2026-08-22 13:23:24 ,24,51,23.9,13.2,66,-55,1,
2026-08-22 13:38:24 ,24.1,51.1,23.9,13.3,66,-55,1,
2026-08-22 13:53:24 ,24,51.1,23.9,13.3,66,-55,1,
2026-08-22 14:08:24 ,24,51.2,23.9,13.3,66,-56,1,
2026-08-22 14:23:25 ,24,51.3,23.9,13.3,66,-54,1,
2026-08-22 14:38:24 ,24,51.6,23.9,13.4,66,-55,1,
2026-08-22 14:53:24 ,24.1,51.8,23.9,13.5,66,-53,1,
2026-08-22 15:08:24 ,24,52,23.9,13.5,66,-55,1,
2026-08-22 15:23:24 ,24.1,52.1,23.9,13.6,66,-56,1,
2026-08-22 15:38:24 ,24,52.2,23.9,13.6,66,-56,1,
2026-08-22 15:53:24 ,24,52.3,23.9,13.6,66,-59,1,
2026-08-22 16:08:24 ,24,52.3,23.9,13.6,66,-60,1,
2026-08-22 16:23:24 ,24.1,52.4,23.9,13.7,66,-58,1,
2026-08-22 16:38:24 ,24.1,52.2,23.9,13.6,66,-64,1,
2026-08-22 16:53:24 ,24.2,51.6,23.9,13.5,66,-59,1,
2026-08-22 17:08:24 ,24.2,51.3,23.9,13.5,66,-58,1,
2026-08-22 17:23:25 ,24.2,51.3,23.9,13.5,66,-59,1,
2026-08-22 17:38:24 ,24.3,51,24.4,13.5,66,-61,1,
2026-08-22 17:53:24 ,24.3,50.7,24.4,13.4,66,-64,1,
2026-08-22 18:08:24 ,24.3,50.7,24.4,13.4,66,-58,1,
2026-08-22 18:23:24 ,24.3,50.7,24.4,13.4,66,-58,1,
2026-08-22 18:38:24 ,24.3,50.8,24.4,13.5,66,-57,1,
2026-08-22 18:53:24 ,24.3,50.8,24.4,13.5,66,-57,1,
2026-08-22 19:08:24 ,24.3,50.8,24.4,13.5,66,-58,1,
2026-08-22 19:23:24 ,24.3,50.9,24.4,13.5,66,-58,1,
2026-08-22 19:38:24 ,24.3,50.9,24.4,13.5,66,-58,1,
2026-08-22 19:53:24 ,24.3,50.8,24.4,13.5,66,-57,1,
2026-08-22 20:08:24 ,24.4,50.7,24.4,13.5,66,-56,1,
2026-08-22 20:23:24 ,24.3,50.6,24.4,13.4,66,-58,1,
2026-08-22 20:38:24 ,24.3,50.5,24.4,13.4,66,-60,1,
2026-08-22 20:53:24 ,24.3,50.4,24.4,13.3,66,-57,1,
2026-08-22 21:08:24 ,24.4,50.3,24.4,13.3,66,-58,1,
2026-08-22 21:23:24 ,24.3,50.3,24.4,13.3,66,-56,1,
2026-08-22 21:38:24 ,24.3,50.4,24.4,13.3,66,-59,1,
2026-08-22 21:53:24 ,24.3,50.5,24.4,13.4,66,-58,1,
2026-08-22 22:08:24 ,24.3,50.4,24.4,13.3,66,-58,1,
2026-08-22 22:23:24 ,24.3,50.5,24.4,13.4,66,-59,1,
2026-08-22 22:38:24 ,24.3,50.6,24.4,13.4,66,-59,1,
2026-08-22 22:53:24 ,24.3,50.6,24.4,13.4,66,-57,1,
2026-08-22 23:08:24 ,24.3,50.6,24.4,13.4,66,-57,1,
2026-08-22 23:23:24 ,24.3,50.5,24.4,13.4,66,-56,1,
2026-08-22 23:38:24 ,24.3,50.6,24.4,13.4,64,-56,1,
2026-08-22 23:53:24 ,24.3,50.6,24.4,13.4,66,-56,1,
2026-08-23 00:08:24 ,24.3,50.6,24.4,13.4,66,-57,1,
2026-08-23 00:23:24 ,24.3,50.7,24.4,13.4,66,-57,1,
2026-08-23 00:38:24 ,24.3,50.5,24.4,13.4,66,-56,1,
2026-08-23 00:53:24 ,24.3,50.2,24.4,13.3,66,-56,1,
2026-08-23 01:08:24 ,24.3,49.7,24.4,13.1,66,-56,1,
2026-08-23 01:23:24 ,24.4,49.3,24.4,13,66,-57,1,
2026-08-23 01:38:24 ,24.3,48.7,24.4,12.8,66,-57,1,
2026-08-23 01:53:24 ,24.3,48.3,23.9,12.7,66,-58,1,
2026-08-23 02:08:24 ,24.3,48.1,23.9,12.6,66,-57,1,
2026-08-23 02:23:24 ,24.3,48.1,24.4,12.6,66,-58,1,
2026-08-23 02:38:24 ,24.3,48,24.4,12.6,66,-57,1,
2026-08-23 02:53:24 ,24.3,47.7,24.4,12.5,66,-57,1,
2026-08-23 03:08:24 ,24.3,47.7,24.4,12.5,66,-57,1,
2026-08-23 03:23:24 ,24.3,47.6,24.4,12.5,66,-58,1,
2026-08-23 03:38:24 ,24.3,47.5,23.9,12.4,66,-57,1,
2026-08-23 03:53:24 ,24.3,47.3,23.9,12.3,66,-57,1,
2026-08-23 04:08:24 ,24.3,47.2,23.9,12.3,66,-57,1,
2026-08-23 04:23:24 ,24.3,47.1,23.9,12.2,66,-56,1,
2026-08-23 04:38:24 ,24.3,47,23.9,12.2,66,-57,1,
2026-08-23 04:53:24 ,24.2,47,23.9,12.2,66,-57,1,
2026-08-23 05:08:24 ,24.2,46.9,23.9,12.1,66,-57,1,
2026-08-23 05:23:24 ,24.2,47.1,23.9,12.2,66,-56,1,
2026-08-23 05:38:24 ,24.2,47.1,23.9,12.2,66,-56,1,
2026-08-23 05:53:24 ,24.2,47.1,23.9,12.2,66,-57,1,
2026-08-23 06:08:24 ,24.2,47.3,23.9,12.2,66,-58,1,
2026-08-23 06:23:24 ,24.2,47.4,23.9,12.3,66,-57,1,
2026-08-23 06:38:24 ,24.2,47.7,23.9,12.3,66,-57,1,
2026-08-23 06:53:24 ,24.2,48.1,23.9,12.5,66,-56,1,
2026-08-23 07:08:24 ,24.2,48.6,23.9,12.7,66,-56,1,
2026-08-23 07:23:24 ,24.2,49.1,23.9,12.8,64,-57,1,
2026-08-23 07:38:24 ,24.2,49.5,23.9,12.9,66,-57,1,
2026-08-23 07:53:24 ,24.2,49.7,23.9,13,66,-58,1,
2026-08-23 08:08:24 ,24.2,50,23.9,13.1,66,-57,1,
2026-08-23 08:23:24 ,24.2,50.3,23.9,13.2,66,-57,1,
2026-08-23 08:38:24 ,24.2,50.5,23.9,13.3,66,-57,1,
2026-08-23 08:53:24 ,24.3,50.7,24.4,13.4,66,-57,1,
2026-08-23 09:08:24 ,24.3,50.9,24.4,13.5,66,-57,1,
2026-08-23 09:23:24 ,24.3,51.2,24.4,13.5,66,-57,1,
2026-08-23 09:38:24 ,24.3,51.5,24.4,13.7,66,-56,1,
2026-08-23 09:53:24 ,24.3,51.8,24.4,13.7,66,-55,1,
2026-08-23 10:08:24 ,24.3,52,24.4,13.8,66,-56,1,
2026-08-23 10:23:24 ,24.3,52.3,24.4,13.9,66,-57,1,
2026-08-23 10:38:24 ,24.4,52.8,24.4,14.1,66,-57,1,
2026-08-23 10:53:24 ,24.3,52.9,24.4,14.1,66,-56,1,
2026-08-23 11:08:24 ,24.3,53.1,24.4,14.1,66,-56,1,
2026-08-23 11:23:24 ,24.3,53.7,24.4,14.3,66,-56,1,
2026-08-23 11:38:24 ,24.3,53.7,24.4,14.3,66,-58,1,
2026-08-23 11:53:24 ,24.3,53.8,24.4,14.3,66,-57,1,
2026-08-23 12:08:24 ,24.3,54.1,24.4,14.4,66,-57,1,
2026-08-23 12:23:24 ,24.3,54.1,24.4,14.4,66,-57,1,
2026-08-23 12:38:24 ,24.3,54.1,24.4,14.4,66,-57,1,
2026-08-23 12:53:24 ,24.4,54.2,24.4,14.5,66,-57,1,
2026-08-23 13:08:24 ,24.3,54.2,24.4,14.5,66,-56,1,
2026-08-23 13:23:24 ,24.4,54.1,24.4,14.5,64,-57,1,
2026-08-23 13:38:24 ,24.4,54.1,24.4,14.5,66,-56,1,
2026-08-23 13:53:24 ,24.3,54.2,24.4,14.5,66,-57,1,
2026-08-23 14:08:24 ,24.3,54.2,24.4,14.5,66,-57,1,
2026-08-23 14:23:24 ,24.3,54.1,24.4,14.4,66,-57,1,
2026-08-23 14:38:24 ,24.3,54.1,24.4,14.4,66,-57,1,
2026-08-23 14:53:24 ,24.3,54.1,24.4,14.4,66,-56,1,
2026-08-23 15:08:24 ,24.3,53.9,24.4,14.4,66,-57,1,
2026-08-23 15:23:24 ,24.3,53.8,24.4,14.3,66,-57,1,
2026-08-23 15:38:24 ,24.3,53.7,24.4,14.3,66,-57,1,
2026-08-23 15:53:24 ,24.3,53.5,24.4,14.3,64,-56,1,
2026-08-23 16:08:24 ,24.3,53.4,24.4,14.2,66,-57,1,
2026-08-23 16:23:24 ,24.3,53.3,24.4,14.2,66,-56,1,
2026-08-23 16:38:24 ,24.3,53.3,24.4,14.2,64,-57,1,
2026-08-23 16:53:24 ,24.3,53.1,24.4,14.1,66,-55,1,
2026-08-23 17:08:24 ,24.3,52.9,24.4,14.1,66,-56,1,
2026-08-23 17:23:24 ,24.4,52.2,24.4,13.9,66,-56,1,
2026-08-23 17:38:24 ,24.4,50.9,24.4,13.5,66,-57,1,
2026-08-23 17:53:24 ,24.4,50.3,24.4,13.3,66,-55,1,
2026-08-23 18:08:24 ,24.4,50.4,24.4,13.4,66,-57,1,
2026-08-23 18:23:24 ,24.4,50.7,24.4,13.5,66,-56,1,
2026-08-23 18:38:24 ,24.4,50.1,24.4,13.3,64,-59,1,
2026-08-23 18:53:24 ,24.3,50,24.4,13.2,66,-57,1,
2026-08-23 19:08:24 ,24.3,50.5,24.4,13.4,66,-56,1,
2026-08-23 19:23:24 ,24.4,51,24.4,13.5,66,-57,1,
2026-08-23 19:38:24 ,24.3,51.3,24.4,13.6,64,-59,1,
2026-08-23 19:53:24 ,24.4,51.7,24.4,13.8,66,-58,1,
2026-08-23 20:08:24 ,24.3,51.8,24.4,13.8,66,-59,1,
2026-08-23 20:23:24 ,24.3,51.9,24.4,13.8,66,-58,1,
2026-08-23 20:38:24 ,24.3,51.9,24.4,13.8,66,-57,1,
2026-08-23 20:53:24 ,24.3,51.9,24.4,13.8,66,-57,1,
2026-08-23 21:08:24 ,24.4,51.8,24.4,13.8,66,-57,1,
2026-08-23 21:23:24 ,24.3,51.9,24.4,13.8,64,-58,1,
2026-08-23 21:38:24 ,24.4,51.8,24.4,13.8,64,-58,1,
2026-08-23 21:53:24 ,24.3,51.7,24.4,13.7,66,-57,1,
2026-08-23 22:08:24 ,24.3,51.7,24.4,13.7,64,-58,1,
2026-08-23 22:23:24 ,24.4,51.8,24.4,13.8,64,-58,1,
2026-08-23 22:38:24 ,24.4,51.8,24.4,13.8,66,-58,1,
2026-08-23 22:53:24 ,24.4,51.8,24.4,13.8,66,-58,1,
2026-08-23 23:08:24 ,24.4,51.9,24.4,13.8,64,-57,1,
2026-08-23 23:23:24 ,24.4,52.1,24.4,13.9,64,-58,1,
2026-08-23 23:38:24 ,24.3,52.1,24.4,13.9,64,-56,1,
2026-08-23 23:53:24 ,24.4,52.1,24.4,13.9,66,-57,1,
2026-08-24 00:08:24 ,24.4,52.1,24.4,13.9,64,-58,1,
2026-08-24 00:23:24 ,24.4,52,24.4,13.8,64,-57,1,
2026-08-24 00:38:24 ,24.3,52,24.4,13.8,64,-57,1,
2026-08-24 00:53:24 ,24.3,51.9,24.4,13.8,64,-58,1,
2026-08-24 01:08:24 ,24.4,52,24.4,13.8,64,-59,1,
2026-08-24 01:23:24 ,24.4,52.1,24.4,13.9,64,-57,1,
2026-08-24 01:38:24 ,24.4,52.3,24.4,14,64,-58,1,
2026-08-24 01:53:24 ,24.4,52.3,24.4,13.9,64,-58,1,
2026-08-24 02:08:24 ,24.4,52.5,24.4,14,64,-58,1,
2026-08-24 02:23:24 ,24.3,52.6,24.4,14,64,-58,1,
2026-08-24 02:38:24 ,24.4,52.6,24.4,14,64,-57,1,
2026-08-24 02:53:24 ,24.4,52.7,24.4,14.1,64,-58,1,
2026-08-24 03:08:24 ,24.3,52.6,24.4,14,64,-57,1,
2026-08-24 03:23:24 ,24.3,52.7,24.4,14,64,-57,1,
2026-08-24 03:38:24 ,24.3,52.7,24.4,14,64,-56,1,
2026-08-24 03:53:24 ,24.4,52.6,24.4,14,64,-57,1,
2026-08-24 04:08:24 ,24.3,52.6,24.4,14,64,-57,1,
2026-08-24 04:23:24 ,24.3,52.7,24.4,14,64,-57,1,
2026-08-24 04:38:24 ,24.3,52.6,24.4,14,66,-57,1,
2026-08-24 04:53:24 ,24.4,52.6,24.4,14,64,-58,1,
2026-08-24 05:08:24 ,24.3,52.5,24.4,14,66,-59,1,
2026-08-24 05:23:24 ,24.4,52.5,24.4,14,64,-58,1,
2026-08-24 05:38:24 ,24.3,52.4,24.4,13.9,64,-57,1,
2026-08-24 05:53:24 ,24.3,52.4,24.4,13.9,64,-58,1,
2026-08-24 06:08:24 ,24.3,52.5,24.4,14,64,-58,1,
2026-08-24 06:23:24 ,24.3,52.6,24.4,14,64,-58,1,
2026-08-24 06:38:24 ,24.3,52.6,24.4,14,64,-57,1,
2026-08-24 06:53:24 ,24.3,52.6,24.4,14,64,-60,1,
2026-08-24 07:08:24 ,24.3,52.6,24.4,14,64,-57,1,
2026-08-24 07:23:24 ,24.3,52.6,24.4,14,64,-58,1,
2026-08-24 07:38:24 ,24.4,52.6,24.4,14,64,-59,1,
2026-08-24 07:53:24 ,24.3,52.6,24.4,14,64,-55,1,
2026-08-24 08:08:24 ,24.3,52.6,24.4,14,64,-58,1,
2026-08-24 08:23:24 ,24.3,52.5,24.4,14,64,-58,1,
2026-08-24 08:38:24 ,24.3,52.5,24.4,14,64,-57,1,
2026-08-24 08:53:24 ,24.3,52.5,24.4,14,64,-58,1,
2026-08-24 09:08:24 ,24.3,52.6,24.4,14,64,-58,1,
2026-08-24 09:23:24 ,24.3,52.8,24.4,14.1,64,-59,1,
2026-08-24 09:38:24 ,24.3,52.8,24.4,14,64,-56,1,
2026-08-24 09:53:24 ,24.4,52.9,24.4,14.1,64,-59,1,
2026-08-24 10:08:24 ,24.4,53.2,24.4,14.3,64,-60,1,
2026-08-24 10:23:24 ,24.5,53.5,24.4,14.4,64,-54,1,
2026-08-24 10:38:24 ,24.5,53.5,24.4,14.4,64,-55,1,
2026-08-24 10:53:24 ,24.6,53.5,24.4,14.5,64,-55,1,
2026-08-24 11:08:24 ,24.6,53.5,24.4,14.5,64,-61,1,
2026-08-24 11:23:24 ,24.6,53.7,24.4,14.6,64,-55,1,
2026-08-24 11:38:24 ,24.6,53.9,24.4,14.7,64,-56,1,
2026-08-24 11:53:24 ,24.6,53.9,24.4,14.6,64,-57,1,
2026-08-24 12:08:24 ,24.6,54,24.4,14.6,64,-59,1,
2026-08-24 12:23:24 ,24.6,53.9,24.4,14.6,64,-57,1,
2026-08-24 12:38:24 ,24.4,54.2,24.4,14.6,66,-58,1,
2026-08-24 12:53:24 ,24.5,54.3,24.4,14.6,64,-55,1,
2026-08-24 13:08:24 ,24.4,54.2,24.4,14.6,64,-56,1,
2026-08-24 13:23:24 ,24.4,54.2,24.4,14.6,64,-54,1,
2026-08-24 13:38:24 ,24.5,54.1,24.4,14.6,64,-59,1,
2026-08-24 13:53:24 ,24.4,54,24.4,14.5,64,-58,1,
2026-08-24 14:08:24 ,24.4,54,24.4,14.5,64,-57,1,
2026-08-24 14:23:24 ,24.5,54,24.4,14.5,64,-61,1,
2026-08-24 14:38:24 ,24.4,53.9,24.4,14.5,64,-56,1,
2026-08-24 14:53:24 ,24.4,53.7,24.4,14.4,64,-62,1,
2026-08-24 15:08:24 ,24.4,53.5,24.4,14.4,64,-61,1,
2026-08-24 15:23:24 ,24.4,53.3,24.4,14.3,64,-58,1,
2026-08-24 15:38:24 ,24.4,53.1,24.4,14.2,64,-61,1,
2026-08-24 15:53:24 ,24.4,52.9,24.4,14.2,64,-61,1,
2026-08-24 16:08:24 ,24.4,52.8,24.4,14.1,64,-60,1,
2026-08-24 16:23:24 ,24.4,52.8,24.4,14.1,64,-65,1,
2026-08-24 16:38:24 ,24.4,52.9,24.4,14.1,64,-65,1,
2026-08-24 16:53:24 ,24.4,52.9,24.4,14.2,64,-60,1,
2026-08-24 17:08:24 ,24.4,52.9,24.4,14.2,64,-58,1,
2026-08-24 17:23:24 ,24.4,52.9,24.4,14.1,64,-58,1,
2026-08-24 17:38:24 ,24.4,52.7,24.4,14.1,64,-58,1,
2026-08-24 17:53:24 ,24.4,52.5,24.4,14,64,-61,1,
2026-08-24 18:08:24 ,24.4,52.4,24.4,14,64,-65,1,
2026-08-24 18:23:24 ,24.3,52.2,24.4,13.9,64,-66,1,
2026-08-24 18:38:24 ,24.4,52,24.4,13.9,64,-62,1,
2026-08-24 18:53:24 ,24.4,51.7,24.4,13.8,64,-61,1,
2026-08-24 19:08:24 ,24.4,51.5,24.4,13.7,64,-56,1,
2026-08-24 19:23:24 ,24.4,51.4,24.4,13.7,64,-64,1,
2026-08-24 19:38:24 ,24.4,51.2,24.4,13.7,64,-65,1,
2026-08-24 19:53:24 ,24.4,51.1,24.4,13.6,64,-61,1,
2026-08-24 20:08:24 ,24.4,51.1,24.4,13.6,64,-65,1,
2026-08-24 20:23:24 ,24.4,50.9,24.4,13.6,64,-59,1,
2026-08-24 20:38:24 ,24.4,50.8,24.4,13.6,64,-57,1,
2026-08-24 20:53:24 ,24.4,50.8,24.4,13.6,64,-63,1,
2026-08-24 21:08:24 ,24.4,51,24.4,13.6,64,-64,1,
2026-08-24 21:23:24 ,24.4,51.3,24.4,13.7,64,-66,1,
2026-08-24 21:38:24 ,24.5,51.5,24.4,13.8,64,-65,1,
2026-08-24 21:53:24 ,24.5,51.5,24.4,13.8,64,-65,1,
2026-08-24 22:08:24 ,24.4,51.5,24.4,13.8,64,-65,1,
2026-08-24 22:23:24 ,24.4,51.4,24.4,13.7,64,-64,1,
2026-08-24 22:38:24 ,24.4,51.5,24.4,13.7,64,-65,1,
2026-08-24 22:53:24 ,24.4,51.6,24.4,13.8,64,-64,1,
2026-08-24 23:08:24 ,24.4,51.7,24.4,13.8,64,-65,1,
2026-08-24 23:23:24 ,24.4,51.8,24.4,13.8,64,-63,1,
2026-08-24 23:38:24 ,24.4,51.8,24.4,13.8,64,-63,1,
2026-08-24 23:53:24 ,24.3,51.8,24.4,13.8,64,-63,1,
2026-08-25 00:08:24 ,24.4,51.8,24.4,13.8,64,-63,1,
2026-08-25 00:23:24 ,24.4,51.8,24.4,13.8,64,-63,1,
2026-08-25 00:38:24 ,24.4,51.9,24.4,13.8,64,-65,1,
2026-08-25 00:53:24 ,24.4,51.9,24.4,13.8,64,-64,1,
2026-08-25 01:08:24 ,24.3,51.9,24.4,13.8,64,-65,1,
2026-08-25 01:23:24 ,24.4,52,24.4,13.8,64,-64,1,
2026-08-25 01:38:24 ,24.3,52,24.4,13.8,64,-65,1,
2026-08-25 01:53:24 ,24.3,52,24.4,13.8,64,-65,1,
2026-08-25 02:08:24 ,24.4,52,24.4,13.8,64,-64,1,
2026-08-25 02:23:24 ,24.3,52,24.4,13.8,64,-65,1,
2026-08-25 02:38:24 ,24.3,51.9,24.4,13.8,64,-65,1,
2026-08-25 02:53:24 ,24.3,51.8,24.4,13.8,64,-66,1,
2026-08-25 03:08:24 ,24.3,51.8,24.4,13.8,64,-63,1,
2026-08-25 03:23:24 ,24.3,51.7,24.4,13.7,64,-67,1,
2026-08-25 03:38:24 ,24.3,51.7,24.4,13.7,64,-65,1,
2026-08-25 03:53:24 ,24.3,51.7,24.4,13.7,64,-65,1,
2026-08-25 04:08:24 ,24.4,51.7,24.4,13.8,64,-65,1,
2026-08-25 04:23:24 ,24.3,51.6,24.4,13.7,64,-66,1,
2026-08-25 04:38:24 ,24.3,51.4,24.4,13.6,64,-68,1,
2026-08-25 04:53:24 ,24.3,51.3,24.4,13.6,64,-63,1,
2026-08-25 05:08:24 ,24.3,51.3,24.4,13.6,64,-63,1,
2026-08-25 05:23:24 ,24.3,51.1,24.4,13.5,64,-65,1,
2026-08-25 05:38:24 ,24.3,51.1,24.4,13.5,64,-64,1,
2026-08-25 05:53:24 ,24.3,51.1,24.4,13.5,64,-65,1,
2026-08-25 06:08:24 ,24.3,51.1,24.4,13.5,64,-65,1,
2026-08-25 06:23:24 ,24.3,51,24.4,13.5,64,-66,1,
2026-08-25 06:38:24 ,24.3,50.9,24.4,13.4,64,-65,1,
2026-08-25 06:53:24 ,24.3,50.8,24.4,13.4,64,-65,1,
2026-08-25 07:08:24 ,24.3,50.7,24.4,13.4,64,-64,1,
2026-08-25 07:23:24 ,24.3,50.6,24.4,13.3,64,-65,1,
2026-08-25 07:38:24 ,24.3,50.7,24.4,13.4,64,-65,1,
2026-08-25 07:53:24 ,24.3,50.7,24.4,13.4,64,-66,1,
2026-08-25 08:08:24 ,24.3,50.7,24.4,13.4,64,-65,1,
2026-08-25 08:23:24 ,24.3,50.7,24.4,13.4,64,-65,1,
2026-08-25 08:38:24 ,24.3,50.8,24.4,13.4,64,-65,1,
2026-08-25 08:53:24 ,24.3,50.8,24.4,13.4,64,-64,1,
2026-08-25 09:08:24 ,24.3,50.8,24.4,13.4,64,-67,1,
2026-08-25 09:23:24 ,24.3,51,24.4,13.5,64,-66,1,
2026-08-25 09:38:24 ,24.3,51.1,24.4,13.5,64,-66,1,
2026-08-25 09:53:24 ,24.3,51.2,24.4,13.6,64,-61,1,
2026-08-25 10:08:24 ,24.3,51.3,24.4,13.6,64,-60,1,
2026-08-25 10:23:24 ,24.3,51.3,24.4,13.5,64,-58,1,
2026-08-25 10:38:24 ,24.3,51.5,24.4,13.6,64,-58,1,
2026-08-25 10:53:24 ,24.3,51.7,24.4,13.7,64,-59,1,
2026-08-25 11:08:24 ,24.3,51.8,24.4,13.8,64,-59,1,
2026-08-25 11:23:24 ,24.3,51.9,24.4,13.8,64,-62,1,
2026-08-25 11:38:24 ,24.3,52,24.4,13.8,64,-60,1,
2026-08-25 11:53:24 ,24.4,52.1,24.4,13.9,64,-58,1,
2026-08-25 12:08:24 ,24.4,52.2,24.4,14,64,-62,1,
2026-08-25 12:23:24 ,24.4,52.5,24.4,14.1,64,-62,1,
2026-08-25 12:38:24 ,24.4,52.7,24.4,14.1,64,-62,1,
2026-08-25 12:53:24 ,24.4,52.8,24.4,14.1,64,-58,1,
2026-08-25 13:08:24 ,24.4,52.9,24.4,14.2,64,-59,1,
2026-08-25 13:23:24 ,24.4,53,24.4,14.2,64,-59,1,
2026-08-25 13:38:24 ,24.4,53.1,24.4,14.2,64,-59,1,
2026-08-25 13:53:24 ,24.4,53.2,24.4,14.3,64,-56,1,
2026-08-25 14:08:24 ,24.5,53.3,24.4,14.3,64,-58,1,
2026-08-25 14:23:24 ,24.5,53.5,24.4,14.4,64,-63,1,
2026-08-25 14:38:24 ,24.6,53.8,24.4,14.6,64,-61,1,
2026-08-25 14:53:24 ,24.7,53.9,24.4,14.7,64,-60,1,
2026-08-25 15:08:24 ,24.8,53.9,25,14.8,64,-54,1,
2026-08-25 15:23:24 ,24.8,53.4,25,14.6,64,-60,1,
2026-08-25 15:38:24 ,24.8,53.1,25,14.5,64,-59,1,
2026-08-25 15:53:24 ,24.8,52.7,25,14.4,64,-60,1,
2026-08-25 16:08:24 ,24.7,52.4,24.4,14.3,64,-59,1,
2026-08-25 16:23:24 ,24.7,52.4,24.4,14.3,64,-62,1,
2026-08-25 16:38:24 ,24.6,52.3,24.4,14.2,64,-59,1,
2026-08-25 16:53:24 ,24.7,52.4,24.4,14.2,64,-59,1,
2026-08-25 17:08:24 ,24.6,52.2,24.4,14.2,64,-60,1,
2026-08-25 17:23:24 ,24.6,52.2,24.4,14.1,64,-66,1,
2026-08-25 17:38:24 ,24.6,52.2,24.4,14.1,64,-63,1,
2026-08-25 17:53:24 ,24.6,52.2,24.4,14.2,64,-62,1,
2026-08-25 18:08:24 ,24.6,51.4,24.4,13.9,64,-61,1,
2026-08-25 18:23:24 ,24.6,50.8,24.4,13.7,64,-65,1,
2026-08-25 18:38:24 ,24.6,50,24.4,13.4,64,-60,1,
2026-08-25 18:53:24 ,24.6,49.6,24.4,13.3,64,-62,1,
2026-08-25 19:08:24 ,24.6,50.4,24.4,13.6,64,-64,1,
2026-08-25 19:23:24 ,24.6,50.7,24.4,13.6,64,-64,1,
2026-08-25 19:38:24 ,24.6,50.9,24.4,13.7,64,-63,1,
2026-08-25 19:53:24 ,24.6,50.9,24.4,13.7,64,-65,1,
2026-08-25 20:08:24 ,24.6,51,24.4,13.7,64,-62,1,
2026-08-25 20:23:24 ,24.6,51.2,24.4,13.8,64,-62,1,
2026-08-25 20:38:24 ,24.5,51.3,24.4,13.8,64,-62,1,
2026-08-25 20:53:24 ,24.5,51.4,24.4,13.8,64,-64,1,
2026-08-25 21:08:24 ,24.5,51.5,24.4,13.8,64,-63,1,
2026-08-25 21:23:24 ,24.5,51.5,24.4,13.8,64,-63,1,
2026-08-25 21:38:24 ,24.5,51.6,24.4,13.9,64,-63,1,
2026-08-25 21:53:24 ,24.5,51.6,24.4,13.9,64,-63,1,
2026-08-25 22:08:24 ,24.5,51.7,24.4,13.9,64,-63,1,
2026-08-25 22:23:24 ,24.6,51.7,24.4,13.9,64,-63,1,
2026-08-25 22:38:24 ,24.5,51.7,24.4,13.9,64,-63,1,
2026-08-25 22:53:24 ,24.5,51.7,24.4,13.9,64,-63,1,
2026-08-25 23:08:24 ,24.5,51.6,24.4,13.9,64,-62,1,
2026-08-25 23:23:24 ,24.5,51.4,24.4,13.8,64,-63,1,
2026-08-25 23:38:24 ,24.5,51.3,24.4,13.8,64,-64,1,
2026-08-25 23:53:24 ,24.5,51.1,24.4,13.7,64,-62,1,
2026-08-26 00:08:24 ,24.5,51.1,24.4,13.7,64,-63,1,
2026-08-26 00:23:24 ,24.5,51,24.4,13.7,64,-63,1,
2026-08-26 00:38:24 ,24.5,51,24.4,13.7,64,-62,1,
2026-08-26 00:53:24 ,24.5,51,24.4,13.7,64,-63,1,
2026-08-26 01:08:24 ,24.5,51,24.4,13.7,64,-63,1,
2026-08-26 01:23:24 ,24.5,50.9,24.4,13.6,64,-63,1,
2026-08-26 01:38:24 ,24.5,50.8,24.4,13.6,64,-63,1,
2026-08-26 01:53:24 ,24.5,50.7,24.4,13.6,64,-63,1,
2026-08-26 02:08:24 ,24.5,50.6,24.4,13.5,64,-63,1,
2026-08-26 02:23:24 ,24.5,50.6,24.4,13.6,64,-61,1,
2026-08-26 02:38:24 ,24.5,50.5,24.4,13.5,64,-63,1,
2026-08-26 02:53:24 ,24.5,50.2,24.4,13.4,64,-63,1,
2026-08-26 03:08:24 ,24.5,50,24.4,13.3,64,-64,1,
2026-08-26 03:23:24 ,24.5,49.7,24.4,13.3,64,-63,1,
2026-08-26 03:38:24 ,24.5,49.6,24.4,13.2,64,-63,1,
2026-08-26 03:53:24 ,24.4,49.4,24.4,13.1,64,-63,1,
2026-08-26 04:08:24 ,24.4,49.4,24.4,13.1,64,-63,1,
2026-08-26 04:23:24 ,24.5,49.3,24.4,13.1,64,-63,1,
2026-08-26 04:38:24 ,24.4,49.1,24.4,13,64,-63,1,
2026-08-26 04:53:24 ,24.4,49.1,24.4,13,64,-64,1,
2026-08-26 05:08:24 ,24.4,49,24.4,13,64,-63,1,
2026-08-26 05:23:24 ,24.4,48.9,24.4,13,64,-62,1,
2026-08-26 05:38:24 ,24.4,48.6,24.4,12.9,64,-61,1,
2026-08-26 05:53:24 ,24.4,48.4,24.4,12.8,64,-62,1,
2026-08-26 06:08:24 ,24.4,48.2,24.4,12.7,64,-63,1,
2026-08-26 06:23:24 ,24.3,48.2,24.4,12.7,64,-60,1,
2026-08-26 06:38:24 ,24.3,48.2,24.4,12.7,64,-63,2,
2026-08-26 06:53:24 ,24.3,48.3,24.4,12.7,64,-62,1,
2026-08-26 07:08:24 ,24.3,48.5,24.4,12.7,64,-63,1,
2026-08-26 07:23:24 ,24.3,48.6,24.4,12.8,64,-62,1,
2026-08-26 07:38:24 ,24.4,48.7,24.4,12.8,64,-64,1,
2026-08-26 07:53:24 ,24.3,48.8,24.4,12.9,64,-63,1,
2026-08-26 08:08:24 ,24.3,48.9,24.4,12.9,64,-62,1,
2026-08-26 08:23:24 ,24.4,49.1,24.4,13,64,-62,1,
2026-08-26 08:38:24 ,24.4,49.1,24.4,13,63,-62,1,
2026-08-26 08:53:24 ,24.4,49.2,24.4,13,63,-63,1,
2026-08-26 09:08:24 ,24.4,49.3,24.4,13.1,64,-61,1,
2026-08-26 09:23:24 ,24.4,49.4,24.4,13.1,64,-63,1,
2026-08-26 09:38:24 ,24.4,49.6,24.4,13.2,64,-64,1,
2026-08-26 09:53:24 ,24.5,49.8,24.4,13.3,64,-61,1,
2026-08-26 10:08:24 ,24.5,50.2,24.4,13.4,63,-61,1,
2026-08-26 10:23:24 ,24.5,50.4,24.4,13.5,64,-64,1,
2026-08-26 10:38:24 ,24.5,50.6,24.4,13.6,64,-65,1,
2026-08-26 10:53:24 ,24.5,50.9,24.4,13.6,63,-64,1,
2026-08-26 11:08:24 ,24.5,50.9,24.4,13.6,64,-60,1,
2026-08-26 11:23:24 ,24.5,51.2,24.4,13.7,63,-60,1,
2026-08-26 11:38:24 ,24.5,51.4,24.4,13.8,63,-59,1,
2026-08-26 11:53:24 ,24.5,51.5,24.4,13.8,64,-59,8,
2026-08-26 12:08:24 ,24.5,51.7,24.4,13.9,64,-61,1,
2026-08-26 12:23:24 ,24.5,51.7,24.4,13.9,64,-59,1,
2026-08-26 12:38:24 ,24.5,51.8,24.4,13.9,64,-60,1,
2026-08-26 12:53:24 ,24.5,51.8,24.4,13.9,64,-58,1,
2026-08-26 13:08:24 ,24.5,51.5,24.4,13.9,64,-59,1,
2026-08-26 13:23:24 ,24.5,51.3,24.4,13.8,64,-67,1,
2026-08-26 13:38:24 ,24.6,51.1,24.4,13.8,64,-62,1,
2026-08-26 13:53:24 ,24.6,51.1,24.4,13.8,64,-57,1,
2026-08-26 14:08:24 ,24.6,51.2,24.4,13.9,63,-62,1,
2026-08-26 14:23:24 ,24.7,51.1,24.4,13.9,63,-64,1,
2026-08-26 14:38:24 ,24.7,51.1,24.4,13.9,64,-57,1,
2026-08-26 14:53:24 ,24.7,51,24.4,13.9,63,-59,1,
2026-08-26 15:08:24 ,24.7,50.9,24.4,13.8,63,-69,1,
2026-08-26 15:23:24 ,24.7,50.7,24.4,13.7,63,-60,1,
2026-08-26 15:38:24 ,24.7,50.6,24.4,13.7,63,-63,1,
2026-08-26 15:53:24 ,24.7,50.3,24.4,13.6,63,-60,1,
2026-08-26 16:08:24 ,24.6,49.9,24.4,13.5,63,-59,1,
2026-08-26 16:23:24 ,24.7,49.6,24.4,13.4,63,-61,1,
2026-08-26 16:38:24 ,24.7,49.3,24.4,13.3,63,-63,1,
2026-08-26 16:53:24 ,24.7,49.3,24.4,13.3,63,-59,1,
2026-08-26 17:08:24 ,24.7,49.3,24.4,13.3,63,-58,1,
2026-08-26 17:23:24 ,24.7,49.2,24.4,13.3,63,-56,1,
2026-08-26 17:38:24 ,24.7,49.2,24.4,13.3,63,-64,1,
2026-08-26 17:53:24 ,24.7,49.3,24.4,13.3,64,-65,1,
2026-08-26 18:08:24 ,24.7,49.1,24.4,13.3,63,-59,1,
2026-08-26 18:23:24 ,24.7,49.4,24.4,13.4,63,-62,1,
2026-08-26 18:38:24 ,24.7,49.7,24.4,13.5,63,-60,1,
2026-08-26 18:53:24 ,24.7,50.2,24.4,13.6,63,-63,1,
2026-08-26 19:08:24 ,24.7,50.7,24.4,13.8,64,-63,1,
2026-08-26 19:23:24 ,24.7,50.9,24.4,13.8,63,-62,1,
2026-08-26 19:38:24 ,24.7,50.9,24.4,13.8,64,-62,1,
2026-08-26 19:53:24 ,24.7,51,24.4,13.9,63,-66,1,
2026-08-26 20:08:24 ,24.7,51.1,24.4,13.9,63,-60,1,
2026-08-26 20:23:24 ,24.7,51.3,24.4,13.9,63,-61,1,
2026-08-26 20:38:24 ,24.7,51.4,24.4,14,64,-60,1,
2026-08-26 20:53:24 ,24.7,51.5,24.4,14,64,-60,1,
2026-08-26 21:08:24 ,24.6,51.6,24.4,14,63,-60,1,
2026-08-26 21:23:24 ,24.6,51.7,24.4,14,63,-61,1,
2026-08-26 21:38:24 ,24.6,51.9,24.4,14.1,63,-60,1,
2026-08-26 21:53:24 ,24.6,51.9,24.4,14.1,63,-60,1,
2026-08-26 22:08:24 ,24.7,52,24.4,14.1,63,-61,1,
2026-08-26 22:23:24 ,24.6,52,24.4,14.1,63,-60,1,
2026-08-26 22:38:24 ,24.7,52.1,24.4,14.2,63,-60,1,
2026-08-26 22:53:24 ,24.6,52.2,24.4,14.2,63,-59,1,
2026-08-26 23:08:24 ,24.7,52.2,24.4,14.2,63,-60,1,
2026-08-26 23:23:24 ,24.7,52.3,24.4,14.2,63,-60,1,
2026-08-26 23:38:24 ,24.7,52.3,24.4,14.2,63,-61,1,
2026-08-26 23:53:24 ,24.7,52.3,24.4,14.2,63,-60,1,
2026-08-27 00:08:24 ,24.7,52,24.4,14.2,64,-60,1,
2026-08-27 00:23:24 ,24.7,52,24.4,14.2,63,-60,1,
2026-08-27 00:38:24 ,24.7,52.2,24.4,14.2,63,-61,1,
2026-08-27 00:53:24 ,24.7,52,24.4,14.1,63,-60,1,
2026-08-27 01:08:24 ,24.7,51.6,24.4,14,63,-60,1,
2026-08-27 01:23:24 ,24.7,51.5,24.4,14,63,-60,1,
2026-08-27 01:38:24 ,24.7,51.3,24.4,13.9,63,-60,1,
2026-08-27 01:53:24 ,24.7,51.3,24.4,14,63,-60,1,
2026-08-27 02:08:24 ,24.7,51.6,24.4,14,63,-60,1,
2026-08-27 02:23:24 ,24.7,52,24.4,14.1,63,-61,1,
2026-08-27 02:38:24 ,24.7,52,24.4,14.1,63,-60,1,
2026-08-27 02:53:24 ,24.7,51.6,24.4,14,63,-60,1,
2026-08-27 03:08:24 ,24.7,51.1,24.4,13.9,63,-61,1,
2026-08-27 03:23:24 ,24.7,50.8,24.4,13.8,63,-60,1,
2026-08-27 03:38:24 ,24.7,50.6,24.4,13.7,63,-60,1,
2026-08-27 03:53:24 ,24.7,50.5,24.4,13.7,63,-60,1,
2026-08-27 04:08:24 ,24.7,50.4,24.4,13.7,63,-60,1,
2026-08-27 04:23:24 ,24.6,50.5,24.4,13.7,63,-61,1,
2026-08-27 04:38:24 ,24.7,50.6,24.4,13.7,64,-60,1,
2026-08-27 04:53:24 ,24.7,50.7,24.4,13.7,63,-61,1,
2026-08-27 05:08:24 ,24.7,50.7,24.4,13.7,63,-61,1,
2026-08-27 05:23:24 ,24.7,50.2,24.4,13.6,63,-61,1,
2026-08-27 05:38:24 ,24.6,50,24.4,13.5,63,-60,1,
2026-08-27 05:53:24 ,24.7,50.3,24.4,13.6,63,-60,1,
2026-08-27 06:08:24 ,24.6,50.4,24.4,13.6,63,-61,1,
2026-08-27 06:23:24 ,24.6,49.9,24.4,13.4,63,-60,1,
2026-08-27 06:38:24 ,24.7,50,24.4,13.5,63,-61,1,
2026-08-27 06:53:24 ,24.7,50.5,24.4,13.7,63,-60,1,
2026-08-27 07:08:24 ,24.6,50.9,24.4,13.8,63,-61,1,
2026-08-27 07:23:24 ,24.7,50.7,24.4,13.7,63,-61,1,
2026-08-27 07:38:24 ,24.6,50.7,24.4,13.7,63,-60,1,
2026-08-27 07:53:24 ,24.6,51,24.4,13.8,63,-60,1,
2026-08-27 08:08:24 ,24.7,51.4,24.4,13.9,63,-60,1,
2026-08-27 08:23:24 ,24.7,51.8,24.4,14.1,63,-60,1,
2026-08-27 08:38:24 ,24.7,52.1,24.4,14.2,63,-57,1,
2026-08-27 08:53:24 ,24.7,52.5,24.4,14.3,63,-61,1,
2026-08-27 09:08:24 ,24.7,53,24.4,14.4,63,-62,1,
2026-08-27 09:23:24 ,24.7,53.4,24.4,14.5,63,-58,1,
2026-08-27 09:38:24 ,24.7,54.1,24.4,14.8,63,-61,1,
2026-08-27 09:53:24 ,24.7,54.5,24.4,14.9,63,-61,1,
2026-08-27 10:08:24 ,24.6,54.5,24.4,14.8,63,-60,1,
2026-08-27 10:23:24 ,24.6,54.8,24.4,14.9,63,-64,1,
2026-08-27 10:38:24 ,24.7,55.3,24.4,15.1,63,-61,1,
2026-08-27 10:53:24 ,24.6,55.1,24.4,15,63,-64,1,
2026-08-27 11:08:24 ,24.6,55.3,24.4,15.1,63,-66,1,
2026-08-27 11:23:24 ,24.6,55.5,24.4,15.1,63,-62,1,
2026-08-27 11:38:24 ,24.7,55.5,24.4,15.1,63,-64,8,
2026-08-27 11:53:24 ,24.7,55.4,24.4,15.1,63,-62,1,
2026-08-27 12:08:24 ,24.7,55.3,24.4,15.1,63,-67,1,
2026-08-27 12:23:24 ,24.6,55,24.4,15,63,-61,8,
2026-08-27 12:38:24 ,24.7,55.1,24.4,15,64,-62,1,
2026-08-27 12:53:24 ,24.7,55,24.4,15,64,-65,1,
2026-08-27 13:08:24 ,24.7,55,24.4,15,63,-65,1,
2026-08-27 13:23:24 ,24.6,54.8,24.4,14.9,63,-58,1,
2026-08-27 13:38:24 ,24.7,54.7,24.4,14.9,63,-64,1,
2026-08-27 13:53:24 ,24.7,54.8,24.4,14.9,63,-60,1,
2026-08-27 14:08:24 ,24.7,54.7,24.4,14.9,63,-61,1,
2026-08-27 14:23:24 ,24.6,54.9,24.4,14.9,63,-60,1,
2026-08-27 14:38:24 ,24.7,54.9,24.4,15,63,-61,1,
2026-08-27 14:53:24 ,24.7,54.9,24.4,15,63,-63,1,
2026-08-27 15:08:24 ,24.6,54.8,24.4,14.9,63,-59,1,
2026-08-27 15:23:24 ,24.7,54.9,24.4,15,63,-61,1,
2026-08-27 15:38:24 ,24.7,54.7,24.4,14.9,63,-58,1,
2026-08-27 15:53:24 ,24.7,54.6,24.4,14.9,63,-60,1,
2026-08-27 16:08:24 ,24.7,54.3,24.4,14.8,63,-59,1,
2026-08-27 16:23:24 ,24.7,54.3,24.4,14.8,63,-60,1,
2026-08-27 16:38:24 ,24.7,54,24.4,14.7,63,-62,1,
2026-08-27 16:53:24 ,24.7,54,24.4,14.7,63,-56,1,
2026-08-27 17:08:24 ,24.8,53.7,25,14.7,63,-61,1,
2026-08-27 17:23:24 ,24.7,53.6,24.4,14.6,63,-62,1,
2026-08-27 17:38:24 ,24.7,53.3,24.4,14.6,63,-63,1,
2026-08-27 17:53:24 ,24.7,52.9,24.4,14.5,63,-64,1,
2026-08-27 18:08:24 ,24.7,52.4,24.4,14.3,63,-59,1,
2026-08-27 18:23:24 ,24.7,52.1,24.4,14.2,63,-59,1,
2026-08-27 18:38:24 ,24.7,51.8,24.4,14.1,63,-61,1,
2026-08-27 18:53:24 ,24.7,51.7,24.4,14,63,-60,1,
2026-08-27 19:08:24 ,24.7,51.5,24.4,14,63,-59,1,
2026-08-27 19:23:24 ,24.7,51.4,24.4,14,63,-60,1,
2026-08-27 19:38:24 ,24.7,51.4,24.4,14,63,-61,1,
2026-08-27 19:53:24 ,24.8,51.5,24.4,14.1,63,-59,1,
2026-08-27 20:08:24 ,24.7,51.5,24.4,14,63,-60,1,
2026-08-27 20:23:24 ,24.7,51.6,24.4,14,63,-59,1,
2026-08-27 20:38:24 ,24.7,51.7,24.4,14,63,-62,1,
2026-08-27 20:53:24 ,24.7,51.7,24.4,14,63,-59,1,
2026-08-27 21:08:24 ,24.7,51.6,24.4,14,63,-59,1,
2026-08-27 21:23:24 ,24.7,51.4,24.4,14,63,-61,1,
2026-08-27 21:38:24 ,24.7,51,24.4,13.9,63,-60,1,
2026-08-27 21:53:24 ,24.7,50.8,24.4,13.8,63,-62,1,
2026-08-27 22:08:24 ,24.7,50.8,24.4,13.8,63,-61,1,
2026-08-27 22:23:24 ,24.7,50.8,24.4,13.8,63,-61,1,
2026-08-27 22:38:24 ,24.7,51,24.4,13.9,63,-62,1,
2026-08-27 22:53:24 ,24.7,51.2,24.4,13.9,63,-60,1,
2026-08-27 23:08:24 ,24.7,51.3,24.4,14,63,-62,1,
2026-08-27 23:23:24 ,24.7,51.5,24.4,14,63,-61,1,
2026-08-27 23:38:24 ,24.7,51.5,24.4,14,61,-61,1,
2026-08-27 23:53:24 ,24.7,51.5,24.4,14,63,-61,1,
2026-08-28 00:08:24 ,24.7,51.5,24.4,14,63,-60,1,
2026-08-28 00:23:24 ,24.7,51.5,24.4,14,63,-60,1,
2026-08-28 00:38:24 ,24.7,51.4,24.4,14,61,-61,1,
2026-08-28 00:53:24 ,24.7,51.3,24.4,14,63,-60,1,
2026-08-28 01:08:24 ,24.7,51.2,24.4,13.9,61,-60,1,
2026-08-28 01:23:24 ,24.7,50.9,24.4,13.9,63,-60,1,
2026-08-28 01:38:24 ,24.7,50.6,24.4,13.7,63,-61,1,
2026-08-28 01:53:24 ,24.7,50.4,24.4,13.7,63,-60,1,
2026-08-28 02:08:24 ,24.7,50.3,24.4,13.7,63,-60,1,
2026-08-28 02:23:24 ,24.7,50.2,24.4,13.6,61,-60,1,
2026-08-28 02:38:24 ,24.7,50.1,24.4,13.6,63,-60,1,
2026-08-28 02:53:24 ,24.7,50.1,24.4,13.6,61,-62,1,
2026-08-28 03:08:24 ,24.7,50,24.4,13.6,63,-60,1,
2026-08-28 03:23:24 ,24.8,49.9,24.4,13.6,61,-60,1,
2026-08-28 03:38:24 ,24.7,49.9,24.4,13.6,61,-60,1,
2026-08-28 03:53:24 ,24.7,49.8,24.4,13.5,61,-60,1,
2026-08-28 04:08:24 ,24.7,49.8,24.4,13.5,61,-60,1,
2026-08-28 04:23:24 ,24.7,49.8,24.4,13.5,63,-60,1,
2026-08-28 04:38:24 ,24.7,49.7,24.4,13.5,63,-60,1,
2026-08-28 04:53:24 ,24.7,49.5,24.4,13.4,63,-60,1,
2026-08-28 05:08:24 ,24.7,49.5,24.4,13.4,63,-60,1,
2026-08-28 05:23:24 ,24.7,49.5,24.4,13.4,63,-61,1,
2026-08-28 05:38:24 ,24.7,49.3,24.4,13.3,61,-61,1,
2026-08-28 05:53:24 ,24.7,49.2,24.4,13.3,61,-60,1,
2026-08-28 06:08:24 ,24.7,49.3,24.4,13.3,63,-60,1,
2026-08-28 06:23:24 ,24.7,49.2,24.4,13.3,61,-60,1,
2026-08-28 06:38:24 ,24.7,49.5,24.4,13.4,63,-62,1,
2026-08-28 06:53:24 ,24.7,49.7,24.4,13.4,61,-61,1,
2026-08-28 07:08:24 ,24.6,50.3,24.4,13.6,63,-60,1,
2026-08-28 07:23:24 ,24.7,50.7,24.4,13.7,61,-60,1,
2026-08-28 07:38:24 ,24.6,50.9,24.4,13.8,61,-60,1,
2026-08-28 07:53:24 ,24.6,51.3,24.4,13.9,63,-61,1,
2026-08-28 08:08:24 ,24.6,51.4,24.4,13.9,61,-60,1,
2026-08-28 08:23:24 ,24.6,50.9,24.4,13.7,61,-60,1,
2026-08-28 08:38:24 ,24.6,50.6,24.4,13.6,61,-58,1,
2026-08-28 08:53:24 ,24.6,50.4,24.4,13.6,61,-58,1,
2026-08-28 09:08:24 ,24.6,50.4,24.4,13.6,63,-59,1,
2026-08-28 09:23:24 ,24.6,50.3,24.4,13.5,61,-61,1,
2026-08-28 09:38:24 ,24.6,50.2,24.4,13.5,63,-62,1,
2026-08-28 09:53:24 ,24.6,50.1,24.4,13.5,63,-64,1,
2026-08-28 10:08:24 ,24.6,50.1,24.4,13.5,63,-60,1,
2026-08-28 10:23:24 ,24.6,50,24.4,13.5,61,-60,1,
2026-08-28 10:38:24 ,24.6,50.1,24.4,13.5,63,-59,1,
2026-08-28 10:53:24 ,24.6,50.2,24.4,13.5,61,-60,1,
2026-08-28 11:08:24 ,24.6,50.5,24.4,13.6,61,-60,1,
2026-08-28 11:23:24 ,24.6,50.8,24.4,13.7,61,-63,1,
2026-08-28 11:38:24 ,24.6,50.9,24.4,13.7,63,-62,1,
2026-08-28 11:53:24 ,24.6,50.9,24.4,13.7,63,-68,1,
2026-08-28 12:08:24 ,24.6,50.9,24.4,13.7,61,-61,1,
2026-08-28 12:23:24 ,24.6,50.8,24.4,13.7,61,-57,1,
2026-08-28 12:38:24 ,24.6,50.7,24.4,13.7,63,-60,1,
2026-08-28 12:53:24 ,24.6,50.8,24.4,13.7,61,-62,1,
2026-08-28 13:08:24 ,24.6,50.9,24.4,13.8,61,-61,1,
2026-08-28 13:23:24 ,24.6,51,24.4,13.8,61,-64,1,
2026-08-28 13:38:24 ,24.6,50.9,24.4,13.7,61,-64,1,
2026-08-28 13:53:24 ,24.6,50.9,24.4,13.7,61,-64,1,
2026-08-28 14:08:24 ,24.6,51,24.4,13.8,61,-63,1,
2026-08-28 14:23:24 ,24.6,51.1,24.4,13.8,61,-62,1,
2026-08-28 14:38:24 ,24.7,51.4,24.4,14,63,-65,1,
2026-08-28 14:53:24 ,24.7,51.5,24.4,14,63,-67,1,
2026-08-28 15:08:24 ,24.7,51.6,24.4,14,61,-62,1,
2026-08-28 15:23:24 ,24.7,51.4,24.4,14,61,-63,1,
2026-08-28 15:38:24 ,24.7,51.3,24.4,14,61,-57,1,
2026-08-28 15:53:24 ,24.7,51.2,24.4,13.9,61,-64,1,
2026-08-28 16:08:24 ,24.7,51.1,24.4,13.9,63,-62,1,
2026-08-28 16:23:24 ,24.6,51.1,24.4,13.8,61,-61,1,
2026-08-28 16:38:24 ,24.7,51.1,24.4,13.9,61,-63,1,
2026-08-28 16:53:24 ,24.7,51.1,24.4,13.9,63,-60,1,
2026-08-28 17:08:24 ,24.7,51,24.4,13.9,61,-63,1,
2026-08-28 17:23:24 ,24.7,51.1,24.4,13.9,61,-60,1,
2026-08-28 17:38:24 ,24.7,51,24.4,13.8,61,-60,1,
2026-08-28 17:53:24 ,24.7,51.1,24.4,13.9,61,-59,1,
2026-08-28 18:08:24 ,24.7,50.8,24.4,13.8,61,-61,1,
2026-08-28 18:23:24 ,24.7,50.4,24.4,13.7,61,-59,1,
2026-08-28 18:38:24 ,24.7,50.1,24.4,13.6,61,-64,1,
2026-08-28 18:53:24 ,24.7,49.8,24.4,13.5,61,-69,1,
2026-08-28 19:08:24 ,24.7,49.4,24.4,13.3,61,-63,1,
2026-08-28 19:23:24 ,24.7,49.1,24.4,13.3,61,-64,1,
2026-08-28 19:38:24 ,24.7,48.8,24.4,13.2,61,-62,1,
2026-08-28 19:53:24 ,24.7,48.8,24.4,13.2,61,-61,1,
2026-08-28 20:08:24 ,24.8,48.7,24.4,13.2,61,-60,1,
2026-08-28 20:23:24 ,24.7,48.8,24.4,13.2,61,-61,1,
2026-08-28 20:38:24 ,24.8,49,24.4,13.3,63,-61,1,
2026-08-28 20:53:24 ,24.7,49.1,24.4,13.3,61,-61,1,
2026-08-28 21:08:24 ,24.7,49.1,24.4,13.3,61,-65,1,
2026-08-28 21:23:24 ,24.7,49.5,24.4,13.4,61,-64,1,
2026-08-28 21:38:24 ,24.7,49.7,24.4,13.4,61,-62,1,
2026-08-28 21:53:24 ,24.7,49.6,24.4,13.4,61,-65,1,
2026-08-28 22:08:24 ,24.7,49.1,24.4,13.2,61,-68,1,
2026-08-28 22:23:24 ,24.7,48.7,24.4,13.1,61,-69,1,
2026-08-28 22:38:24 ,24.7,49,24.4,13.2,61,-71,1,
2026-08-28 22:53:24 ,24.6,49.2,24.4,13.3,61,-68,1,
2026-08-28 23:08:24 ,24.7,49.3,24.4,13.3,61,-72,1,
2026-08-28 23:23:24 ,24.7,49.4,24.4,13.3,61,-71,1,
2026-08-28 23:38:24 ,24.7,49.3,24.4,13.3,61,-72,1,
2026-08-28 23:53:24 ,24.6,49.3,24.4,13.3,61,-71,1,
2026-08-29 00:08:24 ,24.7,49.2,24.4,13.3,61,-70,1,
2026-08-29 00:23:24 ,24.6,49.2,24.4,13.2,61,-71,1,
2026-08-29 00:38:24 ,24.6,49.2,24.4,13.2,61,-70,1,
2026-08-29 00:53:24 ,24.6,49.1,24.4,13.2,61,-68,1,
2026-08-29 01:08:24 ,24.6,49.1,24.4,13.2,61,-69,1,
2026-08-29 01:23:24 ,24.6,49,24.4,13.2,61,-63,1,
2026-08-29 01:38:24 ,24.6,48.8,24.4,13.1,61,-62,1,
2026-08-29 01:53:24 ,24.6,48.8,24.4,13.1,61,-63,1,
2026-08-29 02:08:24 ,24.6,48.7,24.4,13,61,-62,1,
2026-08-29 02:23:24 ,24.6,48.7,24.4,13,61,-62,1,
2026-08-29 02:38:24 ,24.6,48.6,24.4,13,61,-62,1,
2026-08-29 02:53:24 ,24.6,48.5,24.4,13,61,-71,1,
2026-08-29 03:08:24 ,24.6,48.4,24.4,12.9,61,-71,1,
2026-08-29 03:23:24 ,24.6,48.4,24.4,12.9,61,-69,1,
2026-08-29 03:38:24 ,24.5,48.5,24.4,12.9,61,-70,1,
2026-08-29 03:53:24 ,24.5,48.6,24.4,13,61,-71,1,
2026-08-29 04:08:24 ,24.6,48.6,24.4,13,61,-68,1,
2026-08-29 04:23:24 ,24.5,48.6,24.4,13,61,-68,1,
2026-08-29 04:38:24 ,24.5,48.7,24.4,13,61,-69,1,
2026-08-29 04:53:24 ,24.5,48.8,24.4,13,61,-71,1,
2026-08-29 05:08:24 ,24.5,48.8,24.4,13,61,-71,1,
2026-08-29 05:23:24 ,24.5,48.8,24.4,13,61,-71,1,
2026-08-29 05:38:24 ,24.5,48.8,24.4,13,61,-70,1,
2026-08-29 05:53:24 ,24.5,48.8,24.4,13,61,-70,1,
2026-08-29 06:08:24 ,24.5,48.7,24.4,13,61,-70,1,
2026-08-29 06:23:24 ,24.5,48.7,24.4,12.9,61,-70,1,
2026-08-29 06:38:24 ,24.5,48.7,24.4,13,61,-71,1,
2026-08-29 06:53:24 ,24.5,48.7,24.4,13,61,-70,1,
2026-08-29 07:08:24 ,24.5,48.7,24.4,13,61,-69,1,
2026-08-29 07:23:24 ,24.5,48.7,24.4,13,61,-70,1,
2026-08-29 07:38:24 ,24.5,48.8,24.4,13,61,-70,1,
2026-08-29 07:53:24 ,24.5,48.8,24.4,13,61,-69,1,
2026-08-29 08:08:24 ,24.5,48.8,24.4,13,61,-68,1,
2026-08-29 08:23:24 ,24.5,48.7,24.4,13,61,-70,1,
2026-08-29 08:38:24 ,24.5,48.5,24.4,12.9,61,-69,1,
2026-08-29 08:53:24 ,24.5,48.5,24.4,12.9,61,-69,1,
2026-08-29 09:08:24 ,24.5,48.4,24.4,12.9,61,-62,1,
2026-08-29 09:23:24 ,24.5,48.4,24.4,12.9,61,-68,1,
2026-08-29 09:38:24 ,24.6,48.3,24.4,12.9,61,-68,1,
2026-08-29 09:53:24 ,24.6,48.3,24.4,12.9,61,-69,1,
2026-08-29 10:08:24 ,24.6,48.3,24.4,12.9,61,-68,1,
2026-08-29 10:23:24 ,24.6,48.4,24.4,12.9,61,-69,1,
2026-08-29 10:38:24 ,24.6,48.4,24.4,12.9,60,-69,1,
2026-08-29 10:53:24 ,24.6,48.6,24.4,13,61,-69,1,
2026-08-29 11:08:24 ,24.6,48.7,24.4,13,61,-68,1,
2026-08-29 11:23:24 ,24.6,49,24.4,13.2,61,-69,1,
2026-08-29 11:38:24 ,24.6,49.1,24.4,13.2,61,-62,1,
2026-08-29 11:53:24 ,24.6,49.1,24.4,13.2,61,-62,1,
2026-08-29 12:08:24 ,24.6,49,24.4,13.1,61,-62,1,
2026-08-29 12:23:24 ,24.6,49,24.4,13.1,61,-69,1,
2026-08-29 12:38:24 ,24.6,49,24.4,13.1,61,-65,1,
2026-08-29 12:53:24 ,24.6,48.9,24.4,13.1,61,-68,1,
2026-08-29 13:08:24 ,24.6,48.9,24.4,13.1,61,-62,1,
2026-08-29 13:23:24 ,24.6,48.8,24.4,13.1,60,-66,1,
2026-08-29 13:38:24 ,24.6,48.7,24.4,13,61,-67,1,
2026-08-29 13:53:24 ,24.6,48.7,24.4,13,60,-67,1,
2026-08-29 14:08:24 ,24.6,48.6,24.4,13,60,-67,1,
2026-08-29 14:23:24 ,24.6,48.6,24.4,13,61,-66,1,
2026-08-29 14:38:24 ,24.6,48.6,24.4,13,61,-68,1,
2026-08-29 14:53:24 ,24.6,48.4,24.4,13,60,-66,1,
2026-08-29 15:08:24 ,24.6,48.3,24.4,12.9,60,-67,1,
2026-08-29 15:23:24 ,24.6,48.2,24.4,12.9,60,-66,1,
2026-08-29 15:38:24 ,24.6,48.2,24.4,12.9,61,-67,1,
2026-08-29 15:53:24 ,24.6,48.2,24.4,12.9,61,-65,1,
2026-08-29 16:08:24 ,24.6,48.3,24.4,13,61,-67,1,
2026-08-29 16:23:24 ,24.6,48.4,24.4,13,61,-66,1,
2026-08-29 16:38:24 ,24.6,48.4,24.4,13,61,-66,1,
2026-08-29 16:53:24 ,24.6,48.4,24.4,13,61,-66,1,
2026-08-29 17:08:24 ,24.6,48.4,24.4,13,61,-62,1,
2026-08-29 17:23:24 ,24.6,48.3,24.4,13,61,-64,1,
2026-08-29 17:38:24 ,24.6,47.9,24.4,12.8,60,-67,1,
2026-08-29 17:53:24 ,24.7,47.7,24.4,12.8,60,-67,1,
2026-08-29 18:08:24 ,24.7,47.4,24.4,12.7,60,-67,1,
2026-08-29 18:23:24 ,24.6,47.3,24.4,12.6,60,-68,1,
2026-08-29 18:38:24 ,24.6,47.1,24.4,12.6,60,-68,1,
2026-08-29 18:53:24 ,24.6,47,24.4,12.5,61,-67,1,
2026-08-29 19:08:24 ,24.6,46.8,24.4,12.4,60,-67,1,
2026-08-29 19:23:24 ,24.6,46.8,24.4,12.4,60,-68,1,
2026-08-29 19:38:24 ,24.6,46.8,24.4,12.5,60,-68,1,
2026-08-29 19:53:24 ,24.6,46.8,24.4,12.4,61,-66,1,
2026-08-29 20:08:24 ,24.6,46.6,24.4,12.4,60,-67,1,
2026-08-29 20:23:24 ,24.6,46.3,24.4,12.3,61,-67,1,
2026-08-29 20:38:24 ,24.6,46.2,24.4,12.2,61,-67,1,
2026-08-29 20:53:24 ,24.6,46,24.4,12.2,61,-65,1,
2026-08-29 21:08:24 ,24.6,45.8,24.4,12.2,61,-61,1,
2026-08-29 21:23:24 ,24.6,45.5,24.4,12,63,-61,1,
2026-08-29 21:38:24 ,24.7,45.3,24.4,12,63,-67,3,
2026-08-29 21:53:24 ,24.6,45.5,24.4,12.1,61,-68,1,
2026-08-29 22:08:24 ,24.6,45.8,24.4,12.2,61,-66,1,
2026-08-29 22:23:24 ,24.6,46,24.4,12.2,60,-67,1,
2026-08-29 22:38:24 ,24.6,46.3,24.4,12.3,61,-68,1,
2026-08-29 22:53:24 ,24.6,46.5,24.4,12.3,60,-67,1,
2026-08-29 23:08:24 ,24.6,46.6,24.4,12.4,60,-67,1,
2026-08-29 23:23:24 ,24.6,46.8,24.4,12.4,60,-69,1,
2026-08-29 23:38:24 ,24.6,46.8,24.4,12.4,60,-66,1,
2026-08-29 23:53:24 ,24.6,46.8,24.4,12.4,60,-66,1,
2026-08-30 00:08:24 ,24.6,46.9,24.4,12.4,60,-66,1,
2026-08-30 00:23:24 ,24.6,46.7,24.4,12.4,60,-67,1,
2026-08-30 00:38:24 ,24.6,46.5,24.4,12.3,60,-67,1,
2026-08-30 00:53:24 ,24.6,46.3,24.4,12.2,60,-66,1,
2026-08-30 01:08:24 ,24.6,46.1,24.4,12.2,60,-61,1,
2026-08-30 01:23:24 ,24.5,45.9,24.4,12.1,60,-60,1,
2026-08-30 01:38:24 ,24.5,45.6,24.4,12,60,-67,1,
2026-08-30 01:53:24 ,24.5,45.5,24.4,11.9,60,-67,1,
2026-08-30 02:08:24 ,24.5,45.3,24.4,11.8,60,-67,1,
2026-08-30 02:23:24 ,24.5,45.2,24.4,11.8,60,-68,1,
2026-08-30 02:38:24 ,24.5,45.2,24.4,11.8,60,-68,1,
2026-08-30 02:53:24 ,24.5,45.2,24.4,11.8,60,-69,1,
2026-08-30 03:08:24 ,24.4,45.3,24.4,11.8,60,-67,1,
2026-08-30 03:23:24 ,24.4,45.5,24.4,11.9,60,-67,1,
2026-08-30 03:38:24 ,24.4,45.7,24.4,11.9,60,-68,1,
2026-08-30 03:53:24 ,24.4,45.8,24.4,12,60,-66,1,
2026-08-30 04:08:24 ,24.4,46,24.4,12,60,-67,1,
2026-08-30 04:23:24 ,24.4,46.1,24.4,12.1,60,-67,1,
2026-08-30 04:38:24 ,24.4,46.2,24.4,12.1,60,-65,1,
2026-08-30 04:53:24 ,24.4,46.2,24.4,12.1,60,-66,1,
2026-08-30 05:08:24 ,24.4,46.1,24.4,12.1,60,-67,1,
2026-08-30 05:23:24 ,24.4,46.1,24.4,12.1,60,-67,1,
2026-08-30 05:38:24 ,24.4,46.1,24.4,12,60,-67,1,
2026-08-30 05:53:24 ,24.4,46.1,24.4,12.1,60,-67,1,
2026-08-30 06:08:24 ,24.4,46.1,24.4,12.1,60,-67,1,
2026-08-30 06:23:24 ,24.4,46.1,24.4,12.1,60,-60,1,
2026-08-30 06:38:24 ,24.4,46.1,24.4,12.1,60,-61,1,
2026-08-30 06:53:24 ,24.4,46.1,24.4,12,60,-64,1,
2026-08-30 07:08:24 ,24.4,46.2,24.4,12.1,60,-61,1,
2026-08-30 07:23:24 ,24.4,46.1,24.4,12.1,60,-67,1,
2026-08-30 07:38:24 ,24.4,46.1,24.4,12,60,-67,1,
2026-08-30 07:53:24 ,24.4,46.2,24.4,12.1,60,-66,1,
2026-08-30 08:08:24 ,24.4,46.3,24.4,12.1,60,-66,1,
2026-08-30 08:23:24 ,24.4,46.4,24.4,12.1,60,-67,1,
2026-08-30 08:38:24 ,24.4,46.4,24.4,12.2,60,-61,1,
2026-08-30 08:53:24 ,24.4,46.3,24.4,12.1,60,-61,1,
2026-08-30 09:08:24 ,24.4,46.3,24.4,12.1,60,-67,1,
2026-08-30 09:23:24 ,24.4,46.3,24.4,12.1,60,-66,1,
2026-08-30 09:38:24 ,24.4,46.4,24.4,12.2,60,-66,1,
2026-08-30 09:53:24 ,24.4,46.3,24.4,12.2,60,-67,1,
2026-08-30 10:08:24 ,24.4,46.4,24.4,12.2,60,-64,1,
2026-08-30 10:23:24 ,24.5,46.4,24.4,12.2,60,-68,1,
2026-08-30 10:38:24 ,24.5,46.5,24.4,12.3,60,-66,1,
2026-08-30 10:53:24 ,24.5,46.4,24.4,12.2,60,-66,1,
2026-08-30 11:08:24 ,24.5,46.5,24.4,12.3,60,-66,1,
2026-08-30 11:23:24 ,24.4,46.6,24.4,12.2,60,-66,1,
2026-08-30 11:38:24 ,24.5,46.8,24.4,12.3,60,-67,1,
2026-08-30 11:53:24 ,24.5,47,24.4,12.4,60,-66,1,
2026-08-30 12:08:24 ,24.4,47.2,24.4,12.4,60,-66,1,
2026-08-30 12:23:24 ,24.5,47.3,24.4,12.5,60,-65,1,
2026-08-30 12:38:24 ,24.5,47.4,24.4,12.6,60,-66,1,
2026-08-30 12:53:24 ,24.5,47.3,24.4,12.5,60,-66,1,
2026-08-30 13:08:24 ,24.5,47.2,24.4,12.5,60,-66,1,
2026-08-30 13:23:24 ,24.4,47.2,24.4,12.4,60,-66,1,
2026-08-30 13:38:24 ,24.4,47.3,24.4,12.5,60,-69,1,
2026-08-30 13:53:24 ,24.5,47.6,24.4,12.6,60,-69,1,
2026-08-30 14:08:24 ,24.4,47.7,24.4,12.6,60,-67,1,
2026-08-30 14:23:24 ,24.5,47.7,24.4,12.6,60,-63,1,
2026-08-30 14:38:24 ,24.5,47.7,24.4,12.6,60,-65,1,
2026-08-30 14:53:24 ,24.4,47.5,24.4,12.5,59,-65,1,
2026-08-30 15:08:24 ,24.5,47.5,24.4,12.6,60,-67,1,
2026-08-30 15:23:24 ,24.5,47.4,24.4,12.5,60,-65,1,
2026-08-30 15:38:24 ,24.5,47.3,24.4,12.5,60,-67,1,
2026-08-30 15:53:24 ,24.4,47.3,24.4,12.5,60,-61,1,
2026-08-30 16:08:24 ,24.5,47.3,24.4,12.5,60,-60,1,
2026-08-30 16:23:24 ,24.5,47.2,24.4,12.5,60,-60,1,
2026-08-30 16:38:24 ,24.5,47.1,24.4,12.5,60,-61,1,
2026-08-30 16:53:24 ,24.5,47,24.4,12.4,60,-61,1,
2026-08-30 17:08:24 ,24.5,47,24.4,12.4,60,-67,1,
2026-08-30 17:23:24 ,24.5,47,24.4,12.4,60,-64,1,
2026-08-30 17:38:24 ,24.5,47,24.4,12.4,60,-68,1,
2026-08-30 17:53:24 ,24.5,47,24.4,12.4,60,-66,1,
2026-08-30 18:08:24 ,24.5,47.1,24.4,12.5,60,-66,1,
2026-08-30 18:23:24 ,24.5,47.1,24.4,12.5,60,-67,1,
2026-08-30 18:38:24 ,24.6,47.2,24.4,12.5,60,-67,1,
2026-08-30 18:53:24 ,24.5,47.1,24.4,12.5,60,-66,1,
2026-08-30 19:08:24 ,24.5,47.3,24.4,12.5,60,-65,1,
2026-08-30 19:23:24 ,24.5,47.2,24.4,12.5,60,-67,1,
2026-08-30 19:38:24 ,24.4,47.1,24.4,12.4,59,-67,1,
2026-08-30 19:53:24 ,24.5,46.9,24.4,12.4,60,-66,1,
2026-08-30 20:08:24 ,24.5,46.7,24.4,12.3,60,-67,1,
2026-08-30 20:23:24 ,24.4,46.6,24.4,12.2,60,-67,1,
2026-08-30 20:38:24 ,24.4,46.6,24.4,12.2,60,-67,1,
2026-08-30 20:53:24 ,24.4,46.7,24.4,12.2,60,-68,1,
2026-08-30 21:08:24 ,24.4,46.8,24.4,12.3,60,-68,1,
2026-08-30 21:23:24 ,24.4,46.9,24.4,12.3,60,-66,1,
2026-08-30 21:38:24 ,24.4,46.9,24.4,12.3,60,-67,1,
2026-08-30 21:53:24 ,24.4,46.9,24.4,12.3,60,-65,1,
2026-08-30 22:08:24 ,24.4,46.9,24.4,12.3,60,-67,1,
2026-08-30 22:23:24 ,24.4,46.9,24.4,12.3,60,-67,1,
2026-08-30 22:38:24 ,24.4,46.8,24.4,12.3,60,-67,1,
2026-08-30 22:53:24 ,24.4,46.7,24.4,12.2,60,-66,1,
2026-08-30 23:08:24 ,24.4,46.7,24.4,12.2,59,-67,1,
2026-08-30 23:23:24 ,24.4,46.7,24.4,12.2,60,-67,1,
2026-08-30 23:38:24 ,24.4,46.7,24.4,12.2,60,-68,1,
2026-08-30 23:53:24 ,24.4,46.7,24.4,12.2,60,-68,1,
2026-08-31 00:08:24 ,24.4,46.7,24.4,12.2,60,-67,1,
2026-08-31 00:23:24 ,24.4,46.7,24.4,12.2,59,-67,1,
2026-08-31 00:38:24 ,24.4,46.6,24.4,12.2,60,-60,1,
2026-08-31 00:53:24 ,24.4,46.6,24.4,12.2,60,-68,1,
2026-08-31 01:08:24 ,24.4,46.5,24.4,12.2,60,-67,1,
2026-08-31 01:23:24 ,24.4,46.5,24.4,12.2,60,-60,1,
2026-08-31 01:38:24 ,24.4,46.4,24.4,12.1,60,-61,1,
2026-08-31 01:53:24 ,24.4,46.4,24.4,12.1,60,-60,1,
2026-08-31 02:08:24 ,24.4,46.4,24.4,12.1,60,-61,1,
2026-08-31 02:23:24 ,24.4,46.4,24.4,12.1,60,-67,1,
2026-08-31 02:38:24 ,24.4,46.5,24.4,12.2,60,-67,1,
2026-08-31 02:53:24 ,24.4,46.5,24.4,12.2,60,-67,1,
2026-08-31 03:08:24 ,24.4,46.6,24.4,12.2,60,-65,1,
2026-08-31 03:23:24 ,24.4,46.5,24.4,12.1,60,-67,1,
2026-08-31 03:38:24 ,24.4,46.4,24.4,12.1,60,-67,1,
2026-08-31 03:53:24 ,24.4,46.3,24.4,12.1,59,-67,1,
2026-08-31 04:08:24 ,24.4,46.2,24.4,12,59,-66,1,
2026-08-31 04:23:24 ,24.3,46.1,24.4,12,60,-66,1,
2026-08-31 04:38:24 ,24.3,46.1,24.4,12,60,-68,1,
2026-08-31 04:53:24 ,24.3,46.1,24.4,12,60,-67,1,
2026-08-31 05:08:24 ,24.3,46,24.4,11.9,59,-67,1,
2026-08-31 05:23:24 ,24.3,45.9,24.4,11.9,59,-68,1,
2026-08-31 05:38:24 ,24.3,45.9,23.9,11.9,59,-68,1,
2026-08-31 05:53:24 ,24.3,45.8,23.9,11.9,60,-67,1,
2026-08-31 06:08:24 ,24.3,45.8,24.4,11.9,59,-67,1,
2026-08-31 06:23:24 ,24.3,45.8,24.4,11.9,59,-69,1,
2026-08-31 06:38:24 ,24.3,45.9,23.9,11.9,59,-68,1,
2026-08-31 06:53:24 ,24.3,46,24.4,11.9,59,-69,1,
2026-08-31 07:08:24 ,24.3,46.1,23.9,11.9,59,-66,1,
2026-08-31 07:23:24 ,24.3,46.1,23.9,11.9,59,-66,1,
2026-08-31 07:38:24 ,24.3,46.2,23.9,11.9,59,-66,1,
2026-08-31 07:53:24 ,24.3,46.3,23.9,12,59,-66,1,
2026-08-31 08:08:24 ,24.3,46.4,23.9,12,59,-67,1,
2026-08-31 08:23:24 ,24.3,46.5,23.9,12,59,-66,1,
2026-08-31 08:38:24 ,24.3,46.8,23.9,12.1,59,-67,1,
2026-08-31 08:53:24 ,24.2,46.8,23.9,12.1,59,-66,1,
2026-08-31 09:08:24 ,24.3,46.9,23.9,12.2,59,-64,1,
2026-08-31 09:23:24 ,24.3,46.9,23.9,12.2,59,-63,1,
2026-08-31 09:38:24 ,24.3,46.8,23.9,12.2,59,-65,1,
2026-08-31 09:53:24 ,24.3,46.8,23.9,12.2,59,-57,1,
2026-08-31 10:08:24 ,24.3,46.9,23.9,12.2,59,-61,1,
2026-08-31 10:23:24 ,24.3,46.8,24.4,12.2,59,-65,1,
2026-08-31 10:38:24 ,24.3,46.6,24.4,12.1,59,-65,1,
2026-08-31 10:53:24 ,24.3,46.6,24.4,12.2,59,-65,1,
2026-08-31 11:08:24 ,24.4,46.7,24.4,12.2,59,-64,1,
2026-08-31 11:23:24 ,24.4,46.7,24.4,12.2,59,-60,1,
2026-08-31 11:38:24 ,24.4,46.7,24.4,12.2,59,-62,1,
2026-08-31 11:53:24 ,24.4,46.6,24.4,12.2,59,-61,1,
2026-08-31 12:08:24 ,24.4,46.6,24.4,12.2,59,-58,1,
2026-08-31 12:23:24 ,24.4,46.6,24.4,12.2,59,-58,1,
2026-08-31 12:38:24 ,24.4,46.6,24.4,12.2,59,-58,1,
2026-08-31 12:53:24 ,24.4,46.7,24.4,12.2,60,-58,1,
2026-08-31 13:08:24 ,24.4,46.9,24.4,12.3,59,-59,1,
2026-08-31 13:23:24 ,24.4,47.1,24.4,12.4,59,-63,1,
2026-08-31 13:38:24 ,24.4,47.3,24.4,12.4,59,-66,1,
2026-08-31 13:53:24 ,24.4,47.4,24.4,12.5,59,-63,1,
2026-08-31 14:08:24 ,24.4,47.6,24.4,12.6,59,-56,1,
2026-08-31 14:23:24 ,24.4,47.6,24.4,12.6,59,-63,1,
2026-08-31 14:38:24 ,24.4,47.7,24.4,12.6,59,-59,1,
2026-08-31 14:53:24 ,24.5,47.9,24.4,12.7,59,-58,1,
2026-08-31 15:08:24 ,24.4,48.1,24.4,12.7,59,-60,1,
2026-08-31 15:23:24 ,24.4,48.1,24.4,12.7,59,-59,1,
2026-08-31 15:38:24 ,24.5,48.2,24.4,12.8,59,-61,1,
2026-08-31 15:53:24 ,24.5,48.3,24.4,12.8,59,-60,1,
2026-08-31 16:08:24 ,24.5,48.2,24.4,12.8,59,-66,1,
2026-08-31 16:23:24 ,24.6,48,24.4,12.8,59,-61,1,
2026-08-31 16:38:24 ,24.5,47.9,24.4,12.7,59,-64,1,
2026-08-31 16:53:24 ,24.6,47.8,24.4,12.7,59,-60,1,
2026-08-31 17:08:24 ,24.5,47.7,24.4,12.7,59,-64,1,
2026-08-31 17:23:24 ,24.6,47.8,24.4,12.7,59,-65,1,
2026-08-31 17:38:24 ,24.5,47.8,24.4,12.7,59,-60,1,
2026-08-31 17:53:24 ,24.6,47.8,24.4,12.7,59,-60,1,
2026-08-31 18:08:24 ,24.5,47.6,24.4,12.6,59,-64,1,
2026-08-31 18:23:24 ,24.5,47.3,24.4,12.6,59,-66,1,
2026-08-31 18:38:24 ,24.6,46.9,24.4,12.4,60,-62,1,
2026-08-31 18:53:24 ,24.5,46.5,24.4,12.3,60,-62,1,
2026-08-31 19:08:24 ,24.6,46.1,24.4,12.2,60,-59,1,
2026-08-31 19:23:24 ,24.5,45.8,24.4,12.1,60,-64,1,
2026-08-31 19:38:24 ,24.6,45.6,24.4,12,59,-67,1,
2026-08-31 19:53:24 ,24.5,45.9,24.4,12.1,59,-62,2,
2026-08-31 20:08:24 ,24.5,45.9,24.4,12.1,59,-71,1,
2026-08-31 20:23:24 ,24.5,46.1,24.4,12.1,59,-63,1,
2026-08-31 20:38:24 ,24.5,46.2,24.4,12.2,60,-64,1,
2026-08-31 20:53:24 ,24.5,46.3,24.4,12.2,59,-65,1,
2026-08-31 21:08:24 ,24.5,46.1,24.4,12.1,59,-61,1,
2026-08-31 21:23:24 ,24.5,46.1,24.4,12.1,59,-69,1,
2026-08-31 21:38:24 ,24.5,46.1,24.4,12.2,59,-61,1,
2026-08-31 21:53:24 ,24.5,46.3,24.4,12.2,59,-62,1,
2026-08-31 22:08:24 ,24.5,46.4,24.4,12.2,59,-63,1,
2026-08-31 22:23:24 ,24.5,46.2,24.4,12.1,59,-64,1,
2026-08-31 22:38:24 ,24.5,46,24.4,12.1,59,-63,1,
2026-08-31 22:53:24 ,24.5,46,24.4,12.1,59,-64,1,
2026-08-31 23:08:24 ,24.5,46.3,24.4,12.2,59,-64,1,
2026-08-31 23:23:24 ,24.5,46.5,24.4,12.2,59,-63,1,
2026-08-31 23:38:24 ,24.5,46.8,24.4,12.4,59,-65,1,
2026-08-31 23:53:24 ,24.5,46.8,24.4,12.3,59,-64,1,
2026-09-01 00:08:24 ,24.5,47.1,24.4,12.4,59,-65,1,
2026-09-01 00:23:24 ,24.5,47.3,24.4,12.5,59,-65,1,
2026-09-01 00:38:24 ,24.5,47.3,24.4,12.5,59,-65,1,
2026-09-01 00:53:24 ,24.5,47.3,24.4,12.5,59,-64,1,
2026-09-01 01:08:24 ,24.5,47.3,24.4,12.5,59,-64,1,
2026-09-01 01:23:24 ,24.5,47.6,24.4,12.6,59,-64,1,
2026-09-01 01:38:24 ,24.5,48,24.4,12.7,59,-65,1,
2026-09-01 01:53:24 ,24.5,48.4,24.4,12.9,59,-64,1,
2026-09-01 02:08:24 ,24.5,48.7,24.4,13,59,-64,1,
2026-09-01 02:23:24 ,24.5,48.9,24.4,13,59,-64,1,
2026-09-01 02:38:24 ,24.4,49,24.4,13,59,-64,1,
2026-09-01 02:53:24 ,24.5,49.3,24.4,13.1,59,-63,1,
2026-09-01 03:08:24 ,24.5,49.5,24.4,13.2,59,-64,1,
2026-09-01 03:23:24 ,24.5,50,24.4,13.4,59,-64,1,
2026-09-01 03:38:24 ,24.5,50.2,24.4,13.4,59,-64,1,
2026-09-01 03:53:24 ,24.4,50.3,24.4,13.4,59,-64,1,
2026-09-01 04:08:24 ,24.5,50.4,24.4,13.5,59,-64,1,
2026-09-01 04:23:24 ,24.4,50.5,24.4,13.5,59,-64,1,
2026-09-01 04:38:24 ,24.5,50.6,24.4,13.5,59,-64,1,
2026-09-01 04:53:24 ,24.4,50.7,24.4,13.5,59,-64,1,
2026-09-01 05:08:24 ,24.4,50.8,24.4,13.6,59,-64,1,
2026-09-01 05:23:24 ,24.4,50.8,24.4,13.6,59,-64,1,
2026-09-01 05:38:24 ,24.5,50.8,24.4,13.6,59,-64,1,
2026-09-01 05:53:24 ,24.4,50.8,24.4,13.6,59,-64,1,
2026-09-01 06:08:24 ,24.4,50.8,24.4,13.6,59,-63,1,
2026-09-01 06:23:24 ,24.4,50.8,24.4,13.5,59,-63,1,
2026-09-01 06:38:24 ,24.4,50.9,24.4,13.6,59,-65,1,
2026-09-01 06:53:24 ,24.4,51,24.4,13.6,59,-64,1,
2026-09-01 07:08:24 ,24.5,51.1,24.4,13.7,59,-64,1,
2026-09-01 07:23:24 ,24.4,51.3,24.4,13.7,59,-64,1,
2026-09-01 07:38:24 ,24.4,51.5,24.4,13.8,59,-65,1,
2026-09-01 07:53:24 ,24.4,51.6,24.4,13.8,59,-64,1,
2026-09-01 08:08:24 ,24.4,51.7,24.4,13.8,59,-64,1,
2026-09-01 08:23:24 ,24.4,51.7,24.4,13.8,59,-64,1,
2026-09-01 08:38:24 ,24.4,51.8,24.4,13.9,59,-63,1,
2026-09-01 08:53:24 ,24.4,51.6,24.4,13.8,59,-63,1,
2026-09-01 09:08:24 ,24.4,51.6,24.4,13.8,59,-62,1,
2026-09-01 09:23:24 ,24.4,51.6,24.4,13.8,59,-64,1,
2026-09-01 09:38:24 ,24.4,51.5,24.4,13.8,59,-63,1,
2026-09-01 09:53:24 ,24.4,51.3,24.4,13.7,59,-62,1,
2026-09-01 10:08:24 ,24.4,51.2,24.4,13.7,59,-61,1,
2026-09-01 10:23:24 ,24.4,50.9,24.4,13.6,59,-63,1,
2026-09-01 10:38:24 ,24.4,50.5,24.4,13.4,59,-61,1,
2026-09-01 10:53:24 ,24.4,50.2,24.4,13.4,59,-62,1,
2026-09-01 11:08:24 ,24.4,49.8,24.4,13.2,59,-62,1,
2026-09-01 11:23:24 ,24.4,49.7,24.4,13.2,59,-60,1,
2026-09-01 11:38:24 ,24.6,49.3,24.4,13.2,59,-62,1,
2026-09-01 11:53:24 ,24.7,49.1,24.4,13.3,59,-57,1,
2026-09-01 12:08:24 ,24.7,49.1,24.4,13.3,59,-58,1,
2026-09-01 12:23:24 ,24.8,48.6,24.4,13.2,59,-56,1,
2026-09-01 12:38:24 ,24.8,48.5,25,13.2,59,-57,1,
2026-09-01 12:53:24 ,24.8,48.6,24.4,13.2,59,-59,1,
2026-09-01 13:08:24 ,24.7,48.6,24.4,13.1,59,-57,1,
2026-09-01 13:23:24 ,24.7,48.4,24.4,13.1,59,-58,1,
2026-09-01 13:38:24 ,24.7,48.3,24.4,13,59,-57,1,
2026-09-01 13:53:24 ,24.7,48,24.4,12.9,59,-59,1,
2026-09-01 14:08:24 ,24.6,47.7,24.4,12.8,59,-59,1,
2026-09-01 14:23:25 ,24.6,47.3,24.4,12.7,59,-59,1,
2026-09-01 14:38:25 ,24.6,47.2,24.4,12.6,59,-60,1,
2026-09-01 14:53:24 ,24.6,47,24.4,12.5,59,-59,1,
2026-09-01 15:08:24 ,24.6,46.9,24.4,12.5,59,-59,1,
2026-09-01 15:23:24 ,24.6,47.1,24.4,12.5,59,-61,1,
2026-09-01 15:38:24 ,24.6,47.3,24.4,12.6,59,-61,1,
2026-09-01 15:53:24 ,24.6,47.5,24.4,12.7,59,-62,1,
2026-09-01 16:08:24 ,24.6,47.8,24.4,12.8,59,-61,1,
2026-09-01 16:23:24 ,24.6,48.1,24.4,12.9,59,-57,1,
2026-09-01 16:38:24 ,24.6,48.1,24.4,12.9,59,-60,1,
2026-09-01 16:53:24 ,24.6,48.1,24.4,12.9,59,-59,1,
2026-09-01 17:08:24 ,24.6,48.4,24.4,12.9,59,-58,1,
2026-09-01 17:23:24 ,24.6,48.7,24.4,13.1,59,-58,1,
2026-09-01 17:38:24 ,24.6,48.6,24.4,13,59,-64,1,
2026-09-01 17:53:24 ,24.6,48.5,24.4,13,59,-60,1,
2026-09-01 18:08:24 ,24.6,48.5,24.4,13,59,-59,1,
2026-09-01 18:23:24 ,24.6,48.7,24.4,13,59,-62,1,
2026-09-01 18:38:25 ,24.6,49,24.4,13.1,59,-62,2,
2026-09-01 18:53:24 ,24.6,49.1,24.4,13.2,59,-57,1,
2026-09-01 19:08:24 ,24.6,49.1,24.4,13.2,59,-57,1,
2026-09-01 19:23:24 ,24.6,49.1,24.4,13.2,59,-58,1,
2026-09-01 19:38:24 ,24.6,49.4,24.4,13.3,59,-61,1,
2026-09-01 19:53:24 ,24.6,49.8,24.4,13.4,59,-60,1,
2026-09-01 20:08:24 ,24.6,50.2,24.4,13.6,59,-62,1,
2026-09-01 20:23:24 ,24.6,50.5,24.4,13.7,59,-60,1,
2026-09-01 20:38:24 ,24.6,50.6,24.4,13.7,59,-59,1,
2026-09-01 20:53:24 ,24.6,50.7,24.4,13.7,59,-59,1,
2026-09-01 21:08:24 ,24.6,50.6,24.4,13.6,59,-58,1,
2026-09-01 21:23:24 ,24.6,50.5,24.4,13.6,59,-60,1,
2026-09-01 21:38:24 ,24.6,50.6,24.4,13.6,59,-65,1,
2026-09-01 21:53:24 ,24.6,50.7,24.4,13.7,59,-57,1,
2026-09-01 22:08:24 ,24.6,50.8,24.4,13.7,59,-56,1,
2026-09-01 22:23:24 ,24.6,50.8,24.4,13.7,59,-56,1,
2026-09-01 22:38:24 ,24.6,50.8,24.4,13.7,59,-58,1,
2026-09-01 22:53:24 ,24.6,50.9,24.4,13.7,59,-58,1,
2026-09-01 23:08:24 ,24.6,50.9,24.4,13.8,59,-57,1,
2026-09-01 23:23:24 ,24.6,50.9,24.4,13.7,59,-57,1,
2026-09-01 23:38:24 ,24.6,50.9,24.4,13.7,59,-57,1,
2026-09-01 23:53:24 ,24.6,50.8,24.4,13.7,59,-57,1,
2026-09-02 00:08:24 ,24.6,50.7,24.4,13.6,59,-57,1,
2026-09-02 00:23:25 ,24.6,50.6,24.4,13.6,59,-57,1,
2026-09-02 00:38:24 ,24.6,50.6,24.4,13.6,59,-57,1,
2026-09-02 00:53:24 ,24.6,50.6,24.4,13.6,59,-53,1,
2026-09-02 01:08:24 ,24.6,50.5,24.4,13.6,59,-57,1,
2026-09-02 01:23:24 ,24.6,50.4,24.4,13.6,59,-57,1,
2026-09-02 01:38:24 ,24.6,50.2,24.4,13.5,59,-58,1,
2026-09-02 01:53:24 ,24.6,50,24.4,13.4,59,-58,1,
2026-09-02 02:08:24 ,24.6,49.8,24.4,13.4,59,-57,1,
2026-09-02 02:23:24 ,24.6,49.8,24.4,13.4,59,-56,1,
2026-09-02 02:38:24 ,24.6,49.7,24.4,13.3,59,-56,1,
2026-09-02 02:53:24 ,24.6,49.7,24.4,13.3,59,-57,1,
2026-09-02 03:08:24 ,24.6,49.8,24.4,13.4,59,-56,1,
2026-09-02 03:23:24 ,24.6,49.7,24.4,13.3,59,-56,1,
2026-09-02 03:38:24 ,24.5,49.7,24.4,13.3,59,-56,1,
2026-09-02 03:53:24 ,24.6,49.6,24.4,13.3,59,-57,1,
2026-09-02 04:08:24 ,24.6,49.5,24.4,13.3,59,-57,1,
2026-09-02 04:23:24 ,24.5,49.3,24.4,13.2,59,-56,1,
2026-09-02 04:38:24 ,24.5,48.9,24.4,13.1,59,-56,1,
2026-09-02 04:53:24 ,24.5,48.7,24.4,13,59,-56,1,
2026-09-02 05:08:24 ,24.6,48.3,24.4,12.9,59,-58,1,
2026-09-02 05:23:24 ,24.5,48.1,24.4,12.8,59,-56,1,
2026-09-02 05:38:24 ,24.5,47.7,24.4,12.7,59,-56,1,
2026-09-02 05:53:24 ,24.5,47.4,24.4,12.6,59,-57,1,
2026-09-02 06:08:25 ,24.5,47.1,24.4,12.5,59,-56,1,
2026-09-02 06:08:25 ,24.5,47.1,24.4,12.5,59,-56,1,
2026-09-02 06:23:23 ,24.6,46.6,24.4,12.4,59,-57,3,
2026-09-02 06:38:24 ,24.6,46.2,24.4,12.2,59,-56,1,
2026-09-02 06:53:24 ,24.6,45.8,24.4,12.1,59,-56,1,
2026-09-02 07:08:24 ,24.6,45.6,24.4,12,59,-56,1,
2026-09-02 07:23:24 ,24.6,45.3,24.4,11.9,59,-56,1,
2026-09-02 07:38:24 ,24.6,45.2,24.4,11.9,59,-56,1,
2026-09-02 07:53:24 ,24.6,45.3,24.4,11.9,59,-57,1,
2026-09-02 08:08:24 ,24.6,45.4,24.4,12,59,-57,1,
2026-09-02 08:23:24 ,24.6,45.7,24.4,12,59,-56,1,
2026-09-02 08:38:24 ,24.6,45.9,24.4,12.1,59,-56,1,
2026-09-02 08:53:24 ,24.6,46.2,24.4,12.2,59,-56,1,
2026-09-02 09:08:24 ,24.6,46.5,24.4,12.3,59,-57,1,
2026-09-02 09:23:24 ,24.6,46.9,24.4,12.4,59,-55,1,
2026-09-02 09:38:24 ,24.5,47.3,24.4,12.6,59,-57,1,
2026-09-02 09:53:24 ,24.6,47.6,24.4,12.7,59,-58,1,
2026-09-02 10:08:24 ,24.6,47.9,24.4,12.8,59,-57,1,
2026-09-02 10:23:24 ,24.6,48.3,24.4,12.9,59,-57,1,
2026-09-02 10:38:24 ,24.6,48.5,24.4,13,59,-57,1,
2026-09-02 10:53:24 ,24.6,49,24.4,13.2,59,-58,1,
2026-09-02 11:08:24 ,24.6,49.6,24.4,13.4,57,-59,1,
2026-09-02 11:23:24 ,24.6,50,24.4,13.4,59,-59,1,
2026-09-02 11:38:24 ,24.6,51.1,24.4,13.8,59,-57,1,
2026-09-02 11:53:24 ,24.6,52.3,24.4,14.2,59,-58,1,
2026-09-02 12:08:24 ,24.6,53.3,24.4,14.4,59,-58,1,
2026-09-02 12:23:24 ,24.6,53.8,24.4,14.6,59,-58,1,
2026-09-02 12:38:24 ,24.6,54.1,24.4,14.7,59,-59,1,
2026-09-02 12:53:24 ,24.6,54.3,24.4,14.7,59,-62,1,
2026-09-02 13:08:24 ,24.6,54.4,24.4,14.7,59,-60,1,
2026-09-02 13:23:24 ,24.6,54.3,24.4,14.7,59,-57,1,
2026-09-02 13:38:24 ,24.6,54.1,24.4,14.6,59,-59,1,
2026-09-02 13:53:24 ,24.6,53.9,24.4,14.6,59,-58,1,
2026-09-02 14:08:24 ,24.6,53.6,24.4,14.5,59,-56,1,
2026-09-02 14:23:24 ,24.6,53.3,24.4,14.5,59,-57,1,
2026-09-02 14:38:24 ,24.6,52.8,24.4,14.3,59,-57,1,
2026-09-02 14:53:24 ,24.6,52.3,24.4,14.1,59,-59,1,
2026-09-02 15:08:24 ,24.6,52.1,24.4,14.1,59,-60,1,
2026-09-02 15:23:24 ,24.6,51.8,24.4,14,59,-59,1,
2026-09-02 15:38:24 ,24.6,51.4,24.4,13.9,59,-58,1,
2026-09-02 15:53:24 ,24.6,50.9,24.4,13.7,59,-59,1,
2026-09-02 16:08:24 ,24.6,50.4,24.4,13.6,59,-58,1,
2026-09-02 16:23:24 ,24.6,50,24.4,13.5,59,-61,1,
2026-09-02 16:38:24 ,24.6,49.5,24.4,13.3,59,-64,1,
2026-09-02 16:53:24 ,24.6,49.4,24.4,13.3,59,-57,1,
2026-09-02 17:08:24 ,24.6,49.9,24.4,13.4,59,-59,1,
2026-09-02 17:23:24 ,24.6,50.3,24.4,13.5,59,-59,1,
2026-09-02 17:38:24 ,24.6,50.6,24.4,13.6,59,-56,1,
2026-09-02 17:53:24 ,24.6,50.6,24.4,13.6,57,-58,1,
2026-09-02 18:08:24 ,24.6,50.7,24.4,13.7,59,-56,1,
2026-09-02 18:23:24 ,24.6,50.7,24.4,13.7,59,-59,1,
2026-09-02 18:38:24 ,24.6,50.9,24.4,13.7,59,-57,1,
2026-09-02 18:53:24 ,24.6,51.1,24.4,13.8,57,-58,1,
2026-09-02 19:08:24 ,24.6,51.2,24.4,13.8,59,-55,1,
2026-09-02 19:23:24 ,24.6,51.3,24.4,13.9,59,-54,1,
2026-09-02 19:38:24 ,24.7,51.3,24.4,13.9,59,-59,1,
2026-09-02 19:53:24 ,24.7,51.3,24.4,13.9,59,-57,1,
2026-09-02 20:08:24 ,24.7,51.4,24.4,13.9,59,-58,1,
2026-09-02 20:23:24 ,24.6,51.4,24.4,13.9,59,-57,1,
2026-09-02 20:38:24 ,24.6,51.6,24.4,14,59,-58,1,
2026-09-02 20:53:24 ,24.6,51.8,24.4,14,59,-58,1,
2026-09-02 21:08:24 ,24.6,52.1,24.4,14.1,59,-58,1,
2026-09-02 21:23:24 ,24.6,52.4,24.4,14.2,57,-59,1,
2026-09-02 21:38:24 ,24.6,52.6,24.4,14.2,59,-59,1,
2026-09-02 21:53:24 ,24.6,52.9,24.4,14.3,59,-59,1,
2026-09-02 22:08:24 ,24.6,52.7,24.4,14.3,59,-59,1,
2026-09-02 22:23:24 ,24.6,52.4,24.4,14.2,59,-59,1,
2026-09-02 22:38:24 ,24.6,52.2,24.4,14.1,59,-60,1,
2026-09-02 22:53:24 ,24.6,52.1,24.4,14.1,59,-59,1,
2026-09-02 23:08:24 ,24.6,51.9,24.4,14,57,-59,1,
2026-09-02 23:23:24 ,24.6,51.8,24.4,14,59,-59,1,
2026-09-02 23:38:24 ,24.6,51.8,24.4,14,59,-59,1,
2026-09-02 23:53:24 ,24.6,51.9,24.4,14,59,-56,1,
2026-09-03 00:08:24 ,24.6,52.1,24.4,14.1,59,-59,1,
2026-09-03 00:23:24 ,24.6,52.3,24.4,14.1,59,-59,1,
2026-09-03 00:38:24 ,24.6,52.3,24.4,14.1,59,-59,1,
2026-09-03 00:53:24 ,24.6,52.4,24.4,14.1,57,-59,1,
2026-09-03 01:08:24 ,24.6,52.3,24.4,14.1,57,-60,1,
2026-09-03 01:23:24 ,24.6,52.3,24.4,14.1,59,-59,1,
2026-09-03 01:38:24 ,24.6,52.2,24.4,14.1,57,-61,1,
2026-09-03 01:53:24 ,24.6,52.1,24.4,14.1,57,-59,1,
2026-09-03 02:08:24 ,24.6,51.9,24.4,14,59,-59,1,
2026-09-03 02:23:24 ,24.6,51.8,24.4,14,59,-59,1,
2026-09-03 02:38:24 ,24.5,51.8,24.4,13.9,57,-59,1,
2026-09-03 02:53:24 ,24.5,51.9,24.4,14,59,-59,1,
2026-09-03 03:08:24 ,24.6,52,24.4,14,57,-59,1,
2026-09-03 03:23:24 ,24.6,52.1,24.4,14.1,57,-60,1,
2026-09-03 03:38:24 ,24.5,52.2,24.4,14.1,57,-59,1,
2026-09-03 03:53:24 ,24.5,52.3,24.4,14.1,59,-60,1,
2026-09-03 04:08:24 ,24.6,52.5,24.4,14.2,57,-59,1,
2026-09-03 04:23:24 ,24.5,52.7,24.4,14.2,57,-59,1,
2026-09-03 04:38:24 ,24.5,52.8,24.4,14.2,59,-59,1,
2026-09-03 04:53:24 ,24.5,52.9,24.4,14.3,57,-61,1,
2026-09-03 05:08:24 ,24.5,53,24.4,14.3,59,-59,1,
2026-09-03 05:23:24 ,24.5,53,24.4,14.3,59,-58,1,
2026-09-03 05:38:24 ,24.5,53,24.4,14.3,57,-59,1,
2026-09-03 05:53:24 ,24.5,53,24.4,14.3,57,-59,1,
2026-09-03 06:08:24 ,24.5,53,24.4,14.3,57,-59,1,
2026-09-03 06:23:24 ,24.5,53,24.4,14.3,57,-61,1,
2026-09-03 06:38:24 ,24.5,53,24.4,14.3,57,-58,1,
2026-09-03 06:53:24 ,24.5,52.9,24.4,14.3,59,-60,1,
2026-09-03 07:08:24 ,24.5,52.8,24.4,14.2,57,-58,1,
2026-09-03 07:23:24 ,24.5,52.4,24.4,14.1,57,-59,1,
2026-09-03 07:38:24 ,24.5,52,24.4,14,57,-59,1,
2026-09-03 07:53:24 ,24.5,51.8,24.4,13.9,57,-58,1,
2026-09-03 08:08:24 ,24.5,51.6,24.4,13.9,57,-59,1,
2026-09-03 08:23:24 ,24.5,51.4,24.4,13.8,57,-59,1,
2026-09-03 08:38:24 ,24.5,51.2,24.4,13.8,57,-58,1,
2026-09-03 08:53:24 ,24.5,51,24.4,13.7,57,-60,1,
2026-09-03 09:08:24 ,24.5,50.8,24.4,13.6,57,-60,1,
2026-09-03 09:23:24 ,24.5,50.7,24.4,13.6,57,-60,1,
2026-09-03 09:38:24 ,24.5,50.6,24.4,13.6,57,-59,1,
2026-09-03 09:53:24 ,24.5,50.4,24.4,13.5,57,-59,1,
2026-09-03 10:08:24 ,24.5,50.4,24.4,13.5,59,-58,1,
2026-09-03 10:23:24 ,24.6,50.6,24.4,13.6,57,-59,1,
2026-09-03 10:38:24 ,24.6,50.8,24.4,13.7,57,-59,1,
2026-09-03 10:53:24 ,24.6,50.9,24.4,13.7,57,-57,1,
2026-09-03 11:08:24 ,24.6,51,24.4,13.7,57,-58,1,
2026-09-03 11:23:24 ,24.6,51.1,24.4,13.8,57,-59,1,
2026-09-03 11:38:24 ,24.5,51.1,24.4,13.7,57,-57,1,
2026-09-03 11:53:24 ,24.6,51.3,24.4,13.8,57,-59,1,
2026-09-03 12:08:24 ,24.5,51.6,24.4,13.8,57,-57,1,
2026-09-03 12:23:24 ,24.5,51.8,24.4,13.9,57,-59,1,
2026-09-03 12:38:24 ,24.5,52,24.4,14,59,-58,1,
2026-09-03 12:53:24 ,24.6,52.2,24.4,14.1,59,-58,1,
2026-09-03 13:08:24 ,24.6,52.6,24.4,14.2,57,-57,1,
2026-09-03 13:23:24 ,24.6,53,24.4,14.3,57,-56,1,
2026-09-03 13:38:24 ,24.6,53.6,24.4,14.5,57,-57,1,
2026-09-03 13:53:24 ,24.6,53.8,24.4,14.6,57,-57,1,
2026-09-03 14:08:24 ,24.6,53.8,24.4,14.6,57,-57,1,
2026-09-03 14:23:24 ,24.6,53.8,24.4,14.6,57,-59,1,
2026-09-03 14:38:24 ,24.7,54,24.4,14.7,57,-56,1,
2026-09-03 14:53:24 ,24.7,53.9,24.4,14.7,57,-62,1,
2026-09-03 15:08:24 ,24.7,53.7,24.4,14.7,57,-57,1,
2026-09-03 15:23:24 ,24.7,53.9,24.4,14.7,57,-56,1,
2026-09-03 15:38:24 ,24.6,54.2,24.4,14.8,57,-55,1,
2026-09-03 15:53:24 ,24.7,54.3,24.4,14.8,57,-54,1,
2026-09-03 16:08:24 ,24.7,54.4,24.4,14.9,57,-54,1,
2026-09-03 16:23:24 ,24.7,55,24.4,15,57,-53,1,
2026-09-03 16:38:24 ,24.7,55.9,24.4,15.3,57,-51,1,
2026-09-03 16:53:24 ,24.7,56.5,25,15.5,57,-54,1,
2026-09-03 17:08:24 ,24.7,56.9,24.4,15.5,57,-54,1,
2026-09-03 17:23:24 ,24.7,56.9,24.4,15.5,57,-53,1,
2026-09-03 17:38:24 ,24.6,56.8,24.4,15.5,57,-55,1,
2026-09-03 17:53:24 ,24.6,57.3,24.4,15.6,57,-51,1,
2026-09-03 18:08:24 ,24.7,57.5,24.4,15.7,57,-56,1,
2026-09-03 18:23:24 ,24.6,57.7,24.4,15.7,57,-61,1,
2026-09-03 18:38:24 ,24.6,57.4,24.4,15.6,57,-60,1,
2026-09-03 18:53:24 ,24.6,57.9,24.4,15.7,57,-56,1,
2026-09-03 19:08:24 ,24.6,58.2,24.4,15.8,57,-57,1,
2026-09-03 19:23:24 ,24.6,58.2,24.4,15.9,57,-58,1,
2026-09-03 19:38:24 ,24.6,58,24.4,15.8,57,-56,1,
2026-09-03 19:53:24 ,24.6,57.8,24.4,15.7,57,-61,1,
2026-09-03 20:08:24 ,24.6,57.8,24.4,15.7,57,-58,1,
2026-09-03 20:23:24 ,24.6,57.9,24.4,15.7,57,-58,1,
2026-09-03 20:38:24 ,24.6,57.9,24.4,15.8,57,-58,1,
2026-09-03 20:53:24 ,24.6,57.8,24.4,15.7,57,-58,1,
2026-09-03 21:08:24 ,24.6,57.9,24.4,15.8,57,-57,1,
2026-09-03 21:23:24 ,24.7,58,24.4,15.8,57,-58,1,
2026-09-03 21:38:24 ,24.6,57.7,24.4,15.7,57,-57,1,
2026-09-03 21:53:24 ,24.6,57.2,24.4,15.6,57,-56,1,
2026-09-03 22:08:24 ,24.6,56.6,24.4,15.4,57,-55,1,
2026-09-03 22:23:24 ,24.6,56.3,24.4,15.3,57,-57,1,
2026-09-03 22:38:24 ,24.6,56.2,24.4,15.3,57,-57,1,
2026-09-03 22:53:24 ,24.6,56.1,24.4,15.3,57,-56,1,
2026-09-03 23:08:24 ,24.6,56,24.4,15.2,57,-57,1,
2026-09-03 23:23:24 ,24.6,55.7,24.4,15.1,57,-56,1,
2026-09-03 23:38:24 ,24.6,55.6,24.4,15.1,57,-56,1,
2026-09-03 23:53:24 ,24.6,55.6,24.4,15.1,57,-57,1,
2026-09-04 00:08:24 ,24.6,55.9,24.4,15.2,57,-57,1,
2026-09-04 00:23:24 ,24.6,56.1,24.4,15.3,57,-56,1,
2026-09-04 00:38:24 ,24.6,56.2,24.4,15.3,57,-56,1,
2026-09-04 00:53:24 ,24.6,56.2,24.4,15.3,57,-58,1,
2026-09-04 01:08:24 ,24.6,56.2,24.4,15.3,57,-59,1,
2026-09-04 01:23:24 ,24.6,55.9,24.4,15.2,57,-58,1,
2026-09-04 01:38:24 ,24.6,55.7,24.4,15.2,57,-56,1,
2026-09-04 01:53:24 ,24.6,55.7,24.4,15.1,57,-57,1,
2026-09-04 02:08:24 ,24.6,55.6,24.4,15.1,57,-57,1,
2026-09-04 02:23:24 ,24.6,55.5,24.4,15.1,57,-59,1,
2026-09-04 02:38:24 ,24.6,55.2,24.4,15,57,-59,1,
2026-09-04 02:53:24 ,24.6,54.9,24.4,14.9,57,-56,1,
2026-09-04 03:08:24 ,24.6,54.7,24.4,14.8,57,-54,1,
2026-09-04 03:23:24 ,24.6,54.5,24.4,14.8,57,-56,1,
2026-09-04 03:38:24 ,24.6,54.4,24.4,14.7,57,-57,1,
2026-09-04 03:53:24 ,24.6,53.8,24.4,14.6,57,-56,1,
2026-09-04 04:08:24 ,24.6,53.3,24.4,14.4,57,-56,1,
2026-09-04 04:23:24 ,24.5,52.7,24.4,14.2,57,-58,1,
2026-09-04 04:38:24 ,24.5,52.3,24.4,14,57,-56,1,
2026-09-04 04:53:24 ,24.5,52,24.4,14,57,-56,1,
2026-09-04 05:08:24 ,24.4,51.7,24.4,13.8,57,-56,1,
2026-09-04 05:23:24 ,24.4,51.3,24.4,13.7,57,-56,1,
2026-09-04 05:38:24 ,24.4,50.9,24.4,13.5,57,-57,1,
2026-09-04 05:53:24 ,24.4,50.8,24.4,13.5,57,-56,1,
2026-09-04 06:08:24 ,24.4,50.7,24.4,13.5,57,-56,1,
2026-09-04 06:23:24 ,24.3,50.6,24.4,13.4,57,-57,1,
2026-09-04 06:38:24 ,24.3,50.6,24.4,13.4,57,-56,1,
2026-09-04 06:53:24 ,24.4,50.8,24.4,13.5,57,-56,1,
2026-09-04 07:08:24 ,24.3,50.9,24.4,13.5,57,-57,1,
2026-09-04 07:23:24 ,24.3,50.9,24.4,13.5,57,-57,1,
2026-09-04 07:38:24 ,24.3,50.9,24.4,13.5,57,-57,1,
2026-09-04 07:53:24 ,24.3,51.1,24.4,13.6,57,-56,1,
2026-09-04 08:08:24 ,24.3,51.3,24.4,13.6,57,-57,1,
2026-09-04 08:23:24 ,24.4,51.6,24.4,13.7,57,-56,1,
2026-09-04 08:38:24 ,24.4,51.7,24.4,13.8,57,-56,1,
2026-09-04 08:53:24 ,24.4,51.9,24.4,13.8,57,-56,1,
2026-09-04 09:08:24 ,24.4,51.9,24.4,13.8,57,-57,1,
2026-09-04 09:23:24 ,24.4,51.8,24.4,13.8,57,-56,1,
2026-09-04 09:38:24 ,24.4,51.6,24.4,13.8,57,-59,1,
2026-09-04 09:53:24 ,24.5,51.2,24.4,13.7,57,-57,1,
2026-09-04 10:08:24 ,24.5,51.1,24.4,13.7,57,-57,1,
2026-09-04 10:23:24 ,24.5,51.3,24.4,13.8,57,-57,1,
2026-09-04 10:38:24 ,24.5,51,24.4,13.7,57,-62,1,
2026-09-04 10:53:24 ,24.5,50.7,24.4,13.6,57,-57,1,
2026-09-04 11:08:24 ,24.5,50,24.4,13.4,57,-54,1,
2026-09-04 11:23:24 ,24.5,49.8,24.4,13.3,57,-62,1,
2026-09-04 11:38:24 ,24.5,49.9,24.4,13.4,57,-57,1,
2026-09-04 11:53:24 ,24.5,49.9,24.4,13.4,57,-59,1,
2026-09-04 12:08:24 ,24.5,49.2,24.4,13.1,57,-57,1,
2026-09-04 12:23:24 ,24.6,49,24.4,13.1,57,-58,1,
2026-09-04 12:38:24 ,24.5,48.8,24.4,13,57,-58,1,
2026-09-04 12:53:24 ,24.5,48.8,24.4,13,57,-55,1,
2026-09-04 13:08:24 ,24.5,49,24.4,13.1,57,-57,1,
2026-09-04 13:23:24 ,24.5,49,24.4,13.1,57,-59,1,
2026-09-04 13:38:24 ,24.5,49.1,24.4,13.1,57,-58,1,
2026-09-04 13:53:24 ,24.6,49.2,24.4,13.2,57,-58,1,
2026-09-04 14:08:24 ,24.6,49.3,24.4,13.2,57,-62,1,
2026-09-04 14:23:24 ,24.6,49.7,24.4,13.3,57,-59,1,
2026-09-04 14:38:24 ,24.6,49.8,24.4,13.4,57,-58,1,
2026-09-04 14:53:24 ,24.6,49.4,24.4,13.2,57,-59,1,
2026-09-04 15:08:24 ,24.6,49,24.4,13.1,57,-55,1,
