freq_MHz,5ppb,10ppb,50ppb,75ppb,100ppb,200ppb,500ppb,1000ppb
40.0000,1.00000000,1.00000000,0.99999999,0.99999970,0.99999782,0.99995994,0.99977364,0.99888605
40.0550,1.00000000,1.00000000,1.00000000,0.99999990,0.99999890,0.99996718,0.99978239,0.99891882
40.1100,1.00000000,1.00000000,1.00000000,0.99999997,0.99999948,0.99997363,0.99979134,0.99895107
40.1650,1.00000000,1.00000000,1.00000000,0.99999999,0.99999977,0.99997923,0.99980046,0.99898279
40.2201,1.00000000,1.00000000,1.00000000,1.00000000,0.99999990,0.99998395,0.99980969,0.99901398
40.2751,1.00000000,1.00000000,1.00000000,1.00000000,0.99999996,0.99998784,0.99981901,0.99904462
40.3301,1.00000000,1.00000000,1.00000000,1.00000000,0.99999999,0.99999096,0.99982836,0.99907471
40.3851,1.00000000,1.00000000,1.00000000,1.00000000,1.00000000,0.99999342,0.99983771,0.99910424
40.4401,1.00000000,1.00000000,1.00000000,1.00000000,1.00000000,0.99999530,0.99984699,0.99913320
40.4951,1.00000000,1.00000000,1.00000000,1.00000000,1.00000000,0.99999670,0.99985618,0.99916160
40.5501,1.00000000,1.00000000,1.00000000,1.00000000,1.00000000,0.99999773,0.99986522,0.99918943
40.6052,1.00000000,1.00000000,1.00000000,1.00000000,1.00000000,0.99999847,0.99987408,0.99921668
40.6602,1.00000000,1.00000000,1.00000000,1.00000000,1.00000000,0.99999899,0.99988272,0.99924335
40.7152,1.00000000,1.00000000,1.00000000,1.00000000,1.00000000,0.99999935,0.99989111,0.99926945
40.7702,1.00000000,1.00000000,1.00000000,1.00000000,1.00000000,0.99999958,0.99989921,0.99929497
40.8252,1.00000000,1.00000000,1.00000000,1.00000000,1.00000000,0.99999974,0.99990700,0.99931991
40.8802,1.00000000,1.00000000,1.00000000,1.00000000,1.00000000,0.99999984,0.99991447,0.99934428
40.9352,1.00000000,1.00000000,1.00000000,1.00000000,1.00000000,0.99999991,0.99992158,0.99936806
40.9902,1.00000000,1.00000000,1.00000000,1.00000000,1.00000000,0.99999994,0.99992833,0.99939127
41.0453,1.00000000,1.00000000,1.00000000,1.00000000,1.00000000,0.99999997,0.99993471,0.99941391
41.1003,1.00000000,1.00000000,1.00000000,1.00000000,1.00000000,0.99999998,0.99994071,0.99943597
41.1553,1.00000000,1.00000000,1.00000000,1.00000000,1.00000000,0.99999999,0.99994633,0.99945747
41.2103,1.00000000,1.00000000,1.00000000,1.00000000,1.00000000,0.99999999,0.99995158,0.99947840
41.2653,1.00000000,1.00000000,1.00000000,1.00000000,1.00000000,1.00000000,0.99995645,0.99949878
41.3203,1.00000000,1.00000000,1.00000000,1.00000000,1.00000000,1.00000000,0.99996096,0.99951860
41.3753,1.00000000,1.00000000,1.00000000,1.00000000,1.00000000,1.00000000,0.99996512,0.99953787
41.4304,1.00000000,1.00000000,1.00000000,1.00000000,1.00000000,1.00000000,0.99996894,0.99955659
41.4854,1.00000000,1.00000000,1.00000000,1.00000000,1.00000000,1.00000000,0.99997242,0.99957477
41.5404,1.00000000,1.00000000,1.00000000,1.00000000,1.00000000,1.00000000,0.99997560,0.99959242
41.5954,1.00000000,1.00000000,1.00000000,1.00000000,1.00000000,1.00000000,0.99997848,0.99960954
41.6504,1.00000000,1.00000000,1.00000000,1.00000000,1.00000000,1.00000000,0.99998108,0.99962614
41.7054,1.00000000,1.00000000,1.00000000,1.00000000,1.00000000,1.00000000,0.99998342,0.99964223
41.7604,1.00000000,1.00000000,1.00000000,1.00000000,1.00000000,1.00000000,0.99998552,0.99965781
41.8155,1.00000000,1.00000000,1.00000000,1.00000000,1.00000000,1.00000000,0.99998740,0.99967289
41.8705,1.00000000,1.00000000,1.00000000,1.00000000,1.00000000,1.00000000,0.99998907,0.99968747
41.9255,1.00000000,1.00000000,1.00000000,1.00000000,1.00000000,1.00000000,0.99999054,0.99970158
41.9805,1.00000000,1.00000000,1.00000000,1.00000000,1.00000000,1.00000000,0.99999185,0.99971520
42.0355,1.00000000,1.00000000,1.00000000,1.00000000,1.00000000,1.00000000,0.99999300,0.99972836
42.0905,1.00000000,1.00000000,1.00000000,1.00000000,1.00000000,1.00000000,0.99999400,0.99974106
42.1455,1.00000000,1.00000000,1.00000000,1.00000000,1.00000000,1.00000000,0.99999488,0.99975331
42.2006,1.00000000,1.00000000,1.00000000,1.00000000,1.00000000,1.00000000,0.99999564,0.99976512
42.2556,1.00000000,1.00000000,1.00000000,1.00000000,1.00000000,1.00000000,0.99999631,0.99977649
42.3106,1.00000000,1.00000000,1.00000000,1.00000000,1.00000000,1.00000000,0.99999688,0.99978744
42.3656,1.00000000,1.00000000,1.00000000,1.00000000,1.00000000,1.00000000,0.99999737,0.99979797
42.4206,1.00000000,1.00000000,1.00000000,1.00000000,1.00000000,1.00000000,0.99999779,0.99980810
42.4756,1.00000000,1.00000000,1.00000000,1.00000000,1.00000000,1.00000000,0.99999815,0.99981783
42.5306,1.00000000,1.00000000,1.00000000,1.00000000,1.00000000,1.00000000,0.99999846,0.99982717
42.5856,1.00000000,1.00000000,1.00000000,1.00000000,1.00000000,1.00000000,0.99999872,0.99983614
42.6407,1.00000000,1.00000000,1.00000000,1.00000000,1.00000000,1.00000000,0.99999894,0.99984474
42.6957,1.00000000,1.00000000,1.00000000,1.00000000,1.00000000,1.00000000,0.99999912,0.99985298
42.7507,1.00000000,1.00000000,1.00000000,1.00000000,1.00000000,1.00000000,0.99999928,0.99986087
42.8057,1.00000000,1.00000000,1.00000000,1.00000000,1.00000000,1.00000000,0.99999941,0.99986842
42.8607,1.00000000,1.00000000,1.00000000,1.00000000,1.00000000,1.00000000,0.99999952,0.99987564
42.9157,1.00000000,1.00000000,1.00000000,1.00000000,1.00000000,1.00000000,0.99999960,0.99988254
42.9707,1.00000000,1.00000000,1.00000000,1.00000000,1.00000000,1.00000000,0.99999968,0.99988913
43.0258,1.00000000,1.00000000,1.00000000,1.00000000,1.00000000,1.00000000,0.99999974,0.99989542
43.0808,1.00000000,1.00000000,1.00000000,1.00000000,1.00000000,1.00000000,0.99999979,0.99990142
43.1358,1.00000000,1.00000000,1.00000000,1.00000000,1.00000000,1.00000000,0.99999983,0.99990714
43.1908,1.00000000,1.00000000,1.00000000,1.00000000,1.00000000,1.00000000,0.99999986,0.99991258
43.2458,1.00000000,1.00000000,1.00000000,1.00000000,1.00000000,1.00000000,0.99999989,0.99991777
43.3008,1.00000000,1.00000000,1.00000000,1.00000000,1.00000000,1.00000000,0.99999991,0.99992269
43.3558,1.00000000,1.00000000,1.00000000,1.00000000,1.00000000,1.00000000,0.99999993,0.99992737
43.4109,1.00000000,1.00000000,1.00000000,1.00000000,1.00000000,1.00000000,0.99999995,0.99993182
43.4659,1.00000000,1.00000000,1.00000000,1.00000000,1.00000000,1.00000000,0.99999996,0.99993603
43.5209,1.00000000,1.00000000,1.00000000,1.00000000,1.00000000,1.00000000,0.99999997,0.99994003
43.5759,1.00000000,1.00000000,1.00000000,1.00000000,1.00000000,1.00000000,0.99999997,0.99994382
43.6309,1.00000000,1.00000000,1.00000000,1.00000000,1.00000000,1.00000000,0.99999998,0.99994740
43.6859,1.00000000,1.00000000,1.00000000,1.00000000,1.00000000,1.00000000,0.99999998,0.99995079
43.7409,1.00000000,1.00000000,1.00000000,1.00000000,1.00000000,1.00000000,0.99999999,0.99995400
43.7959,1.00000000,1.00000000,1.00000000,1.00000000,1.00000000,1.00000000,0.99999999,0.99995703
43.8510,1.00000000,1.00000000,1.00000000,1.00000000,1.00000000,1.00000000,0.99999999,0.99995988
43.9060,1.00000000,1.00000000,1.00000000,1.00000000,1.00000000,1.00000000,0.99999999,0.99996258
43.9610,1.00000000,1.00000000,1.00000000,1.00000000,1.00000000,1.00000000,1.00000000,0.99996512
44.0160,1.00000000,1.00000000,1.00000000,1.00000000,1.00000000,1.00000000,1.00000000,0.99996751
44.0710,1.00000000,1.00000000,1.00000000,1.00000000,1.00000000,1.00000000,1.00000000,0.99996975
44.1260,1.00000000,1.00000000,1.00000000,1.00000000,1.00000000,1.00000000,1.00000000,0.99997187
44.1810,1.00000000,1.00000000,1.00000000,1.00000000,1.00000000,1.00000000,1.00000000,0.99997385
44.2361,1.00000000,1.00000000,1.00000000,1.00000000,1.00000000,1.00000000,1.00000000,0.99997571
44.2911,1.00000000,1.00000000,1.00000000,1.00000000,1.00000000,1.00000000,1.00000000,0.99997746
44.3461,1.00000000,1.00000000,1.00000000,1.00000000,1.00000000,1.00000000,1.00000000,0.99997910
44.4011,1.00000000,1.00000000,1.00000000,1.00000000,1.00000000,1.00000000,1.00000000,0.99998063
44.4561,1.00000000,1.00000000,1.00000000,1.00000000,1.00000000,1.00000000,1.00000000,0.99998206
44.5111,1.00000000,1.00000000,1.00000000,1.00000000,1.00000000,1.00000000,1.00000000,0.99998340
44.5661,1.00000000,1.00000000,1.00000000,1.00000000,1.00000000,1.00000000,1.00000000,0.99998465
44.6212,1.00000000,1.00000000,1.00000000,1.00000000,1.00000000,1.00000000,1.00000000,0.99998582
44.6762,1.00000000,1.00000000,1.00000000,1.00000000,1.00000000,1.00000000,1.00000000,0.99998691
44.7312,1.00000000,1.00000000,1.00000000,1.00000000,1.00000000,1.00000000,1.00000000,0.99998793
44.7862,1.00000000,1.00000000,1.00000000,1.00000000,1.00000000,1.00000000,1.00000000,0.99998887
44.8412,1.00000000,1.00000000,1.00000000,1.00000000,1.00000000,1.00000000,1.00000000,0.99998975
44.8962,1.00000000,1.00000000,1.00000000,1.00000000,1.00000000,1.00000000,1.00000000,0.99999056
44.9512,1.00000000,1.00000000,1.00000000,1.00000000,1.00000000,1.00000000,1.00000000,0.99999132
45.0063,1.00000000,1.00000000,1.00000000,1.00000000,1.00000000,1.00000000,1.00000000,0.99999203
45.0613,1.00000000,1.00000000,1.00000000,1.00000000,1.00000000,1.00000000,1.00000000,0.99999268
45.1163,1.00000000,1.00000000,1.00000000,1.00000000,1.00000000,1.00000000,1.00000000,0.99999328
45.1713,1.00000000,1.00000000,1.00000000,1.00000000,1.00000000,1.00000000,1.00000000,0.99999384
45.2263,1.00000000,1.00000000,1.00000000,1.00000000,1.00000000,1.00000000,1.00000000,0.99999436
45.2813,1.00000000,1.00000000,1.00000000,1.00000000,1.00000000,1.00000000,1.00000000,0.99999483
45.3363,1.00000000,1.00000000,1.00000000,1.00000000,1.00000000,1.00000000,1.00000000,0.99999527
45.3913,1.00000000,1.00000000,1.00000000,1.00000000,1.00000000,1.00000000,1.00000000,0.99999568
45.4464,1.00000000,1.00000000,1.00000000,1.00000000,1.00000000,1.00000000,1.00000000,0.99999606
45.5014,1.00000000,1.00000000,1.00000000,1.00000000,1.00000000,1.00000000,1.00000000,0.99999640
45.5564,1.00000000,1.00000000,1.00000000,1.00000000,1.00000000,1.00000000,1.00000000,0.99999672
45.6114,1.00000000,1.00000000,1.00000000,1.00000000,1.00000000,1.00000000,1.00000000,0.99999701
45.6664,1.00000000,1.00000000,1.00000000,1.00000000,1.00000000,1.00000000,1.00000000,0.99999728
45.7214,1.00000000,1.00000000,1.00000000,1.00000000,1.00000000,1.00000000,1.00000000,0.99999752
45.7764,1.00000000,1.00000000,1.00000000,1.00000000,1.00000000,1.00000000,1.00000000,0.99999775
45.8315,1.00000000,1.00000000,1.00000000,1.00000000,1.00000000,1.00000000,1.00000000,0.99999796
45.8865,1.00000000,1.00000000,1.00000000,1.00000000,1.00000000,1.00000000,1.00000000,0.99999814
45.9415,1.00000000,1.00000000,1.00000000,1.00000000,1.00000000,1.00000000,1.00000000,0.99999832
45.9965,1.00000000,1.00000000,1.00000000,1.00000000,1.00000000,1.00000000,1.00000000,0.99999847
46.0515,1.00000000,1.00000000,1.00000000,1.00000000,1.00000000,1.00000000,1.00000000,0.99999862
46.1065,1.00000000,1.00000000,1.00000000,1.00000000,1.00000000,1.00000000,1.00000000,0.99999875
46.1615,1.00000000,1.00000000,1.00000000,1.00000000,1.00000000,1.00000000,1.00000000,0.99999887
46.2166,1.00000000,1.00000000,1.00000000,1.00000000,1.00000000,1.00000000,1.00000000,0.99999898
46.2716,1.00000000,1.00000000,1.00000000,1.00000000,1.00000000,1.00000000,1.00000000,0.99999908
46.3266,1.00000000,1.00000000,1.00000000,1.00000000,1.00000000,1.00000000,1.00000000,0.99999917
46.3816,1.00000000,1.00000000,1.00000000,1.00000000,1.00000000,1.00000000,1.00000000,0.99999925
46.4366,1.00000000,1.00000000,1.00000000,1.00000000,1.00000000,1.00000000,1.00000000,0.99999933
46.4916,1.00000000,1.00000000,1.00000000,1.00000000,1.00000000,1.00000000,1.00000000,0.99999939
46.5466,1.00000000,1.00000000,1.00000000,1.00000000,1.00000000,1.00000000,1.00000000,0.99999945
46.6017,1.00000000,1.00000000,1.00000000,1.00000000,1.00000000,1.00000000,1.00000000,0.99999951
46.6567,1.00000000,1.00000000,1.00000000,1.00000000,1.00000000,1.00000000,1.00000000,0.99999956
46.7117,1.00000000,1.00000000,1.00000000,1.00000000,1.00000000,1.00000000,1.00000000,0.99999960
46.7667,1.00000000,1.00000000,1.00000000,1.00000000,1.00000000,1.00000000,1.00000000,0.99999965
46.8217,1.00000000,1.00000000,1.00000000,1.00000000,1.00000000,1.00000000,1.00000000,0.99999968
46.8767,1.00000000,1.00000000,1.00000000,1.00000000,1.00000000,1.00000000,1.00000000,0.99999971
46.9317,1.00000000,1.00000000,1.00000000,1.00000000,1.00000000,1.00000000,1.00000000,0.99999974
46.9867,1.00000000,1.00000000,1.00000000,1.00000000,1.00000000,1.00000000,1.00000000,0.99999977
47.0418,1.00000000,1.00000000,1.00000000,1.00000000,1.00000000,1.00000000,1.00000000,0.99999979
47.0968,1.00000000,1.00000000,1.00000000,1.00000000,1.00000000,1.00000000,1.00000000,0.99999982
47.1518,1.00000000,1.00000000,1.00000000,1.00000000,1.00000000,1.00000000,1.00000000,0.99999983
47.2068,1.00000000,1.00000000,1.00000000,1.00000000,1.00000000,1.00000000,1.00000000,0.99999985
47.2618,1.00000000,1.00000000,1.00000000,1.00000000,1.00000000,1.00000000,1.00000000,0.99999987
47.3168,1.00000000,1.00000000,1.00000000,1.00000000,1.00000000,1.00000000,1.00000000,0.99999988
47.3718,1.00000000,1.00000000,1.00000000,1.00000000,1.00000000,1.00000000,1.00000000,0.99999989
47.4269,1.00000000,1.00000000,1.00000000,1.00000000,1.00000000,1.00000000,1.00000000,0.99999990
47.4819,1.00000000,1.00000000,1.00000000,1.00000000,1.00000000,1.00000000,1.00000000,0.99999991
47.5369,1.00000000,1.00000000,1.00000000,1.00000000,1.00000000,1.00000000,1.00000000,0.99999992
47.5919,1.00000000,1.00000000,1.00000000,1.00000000,1.00000000,1.00000000,1.00000000,0.99999992
47.6469,1.00000000,1.00000000,1.00000000,1.00000000,1.00000000,1.00000000,1.00000000,0.99999993
47.7019,1.00000000,1.00000000,1.00000000,1.00000000,1.00000000,1.00000000,1.00000000,0.99999993
47.7569,1.00000000,1.00000000,1.00000000,1.00000000,1.00000000,1.00000000,1.00000000,0.99999994
47.8120,1.00000000,1.00000000,1.00000000,1.00000000,1.00000000,1.00000000,1.00000000,0.99999994
47.8670,1.00000000,1.00000000,1.00000000,1.00000000,1.00000000,1.00000000,1.00000000,0.99999994
47.9220,1.00000000,1.00000000,1.00000000,1.00000000,1.00000000,1.00000000,1.00000000,0.99999995
47.9770,1.00000000,1.00000000,1.00000000,1.00000000,1.00000000,1.00000000,1.00000000,0.99999995
48.0320,1.00000000,1.00000000,1.00000000,1.00000000,1.00000000,1.00000000,1.00000000,0.99999995
48.0870,1.00000000,1.00000000,1.00000000,1.00000000,1.00000000,1.00000000,1.00000000,0.99999995
48.1420,1.00000000,1.00000000,1.00000000,1.00000000,1.00000000,1.00000000,1.00000000,0.99999994
48.1970,1.00000000,1.00000000,1.00000000,1.00000000,1.00000000,1.00000000,1.00000000,0.99999994
48.2521,1.00000000,1.00000000,1.00000000,1.00000000,1.00000000,1.00000000,1.00000000,0.99999994
48.3071,1.00000000,1.00000000,1.00000000,1.00000000,1.00000000,1.00000000,1.00000000,0.99999994
48.3621,1.00000000,1.00000000,1.00000000,1.00000000,1.00000000,1.00000000,1.00000000,0.99999993
48.4171,1.00000000,1.00000000,1.00000000,1.00000000,1.00000000,1.00000000,1.00000000,0.99999993
48.4721,1.00000000,1.00000000,1.00000000,1.00000000,1.00000000,1.00000000,1.00000000,0.99999993
48.5271,1.00000000,1.00000000,1.00000000,1.00000000,1.00000000,1.00000000,1.00000000,0.99999992
48.5821,1.00000000,1.00000000,1.00000000,1.00000000,1.00000000,1.00000000,1.00000000,0.99999991
48.6372,1.00000000,1.00000000,1.00000000,1.00000000,1.00000000,1.00000000,1.00000000,0.99999991
48.6922,1.00000000,1.00000000,1.00000000,1.00000000,1.00000000,1.00000000,1.00000000,0.99999990
48.7472,1.00000000,1.00000000,1.00000000,1.00000000,1.00000000,1.00000000,1.00000000,0.99999989
48.8022,1.00000000,1.00000000,1.00000000,1.00000000,1.00000000,1.00000000,1.00000000,0.99999988
48.8572,1.00000000,1.00000000,1.00000000,1.00000000,1.00000000,1.00000000,1.00000000,0.99999987
48.9122,1.00000000,1.00000000,1.00000000,1.00000000,1.00000000,1.00000000,1.00000000,0.99999986
48.9672,1.00000000,1.00000000,1.00000000,1.00000000,1.00000000,1.00000000,1.00000000,0.99999985
49.0223,1.00000000,1.00000000,1.00000000,1.00000000,1.00000000,1.00000000,1.00000000,0.99999984
49.0773,1.00000000,1.00000000,1.00000000,1.00000000,1.00000000,1.00000000,1.00000000,0.99999982
49.1323,1.00000000,1.00000000,1.00000000,1.00000000,1.00000000,1.00000000,1.00000000,0.99999981
49.1873,1.00000000,1.00000000,1.00000000,1.00000000,1.00000000,1.00000000,1.00000000,0.99999979
49.2423,1.00000000,1.00000000,1.00000000,1.00000000,1.00000000,1.00000000,1.00000000,0.99999977
49.2973,1.00000000,1.00000000,1.00000000,1.00000000,1.00000000,1.00000000,1.00000000,0.99999975
49.3523,1.00000000,1.00000000,1.00000000,1.00000000,1.00000000,1.00000000,1.00000000,0.99999973
49.4074,1.00000000,1.00000000,1.00000000,1.00000000,1.00000000,1.00000000,1.00000000,0.99999971
49.4624,1.00000000,1.00000000,1.00000000,1.00000000,1.00000000,1.00000000,1.00000000,0.99999969
49.5174,1.00000000,1.00000000,1.00000000,1.00000000,1.00000000,1.00000000,1.00000000,0.99999966
49.5724,1.00000000,1.00000000,1.00000000,1.00000000,1.00000000,1.00000000,1.00000000,0.99999964
49.6274,1.00000000,1.00000000,1.00000000,1.00000000,1.00000000,1.00000000,1.00000000,0.99999961
49.6824,1.00000000,1.00000000,1.00000000,1.00000000,1.00000000,1.00000000,1.00000000,0.99999958
49.7374,1.00000000,1.00000000,1.00000000,1.00000000,1.00000000,1.00000000,1.00000000,0.99999954
49.7924,1.00000000,1.00000000,1.00000000,1.00000000,1.00000000,1.00000000,1.00000000,0.99999951
49.8475,1.00000000,1.00000000,1.00000000,1.00000000,1.00000000,1.00000000,1.00000000,0.99999947
49.9025,1.00000000,1.00000000,1.00000000,1.00000000,1.00000000,1.00000000,1.00000000,0.99999943
49.9575,1.00000000,1.00000000,1.00000000,1.00000000,1.00000000,1.00000000,1.00000000,0.99999939
50.0125,1.00000000,1.00000000,1.00000000,1.00000000,1.00000000,1.00000000,1.00000000,0.99999935
50.0675,1.00000000,1.00000000,1.00000000,1.00000000,1.00000000,1.00000000,1.00000000,0.99999930
50.1225,1.00000000,1.00000000,1.00000000,1.00000000,1.00000000,1.00000000,1.00000000,0.99999925
50.1775,1.00000000,1.00000000,1.00000000,1.00000000,1.00000000,1.00000000,1.00000000,0.99999920
50.2326,1.00000000,1.00000000,1.00000000,1.00000000,1.00000000,1.00000000,1.00000000,0.99999914
50.2876,1.00000000,1.00000000,1.00000000,1.00000000,1.00000000,1.00000000,1.00000000,0.99999908
50.3426,1.00000000,1.00000000,1.00000000,1.00000000,1.00000000,1.00000000,1.00000000,0.99999902
50.3976,1.00000000,1.00000000,1.00000000,1.00000000,1.00000000,1.00000000,1.00000000,0.99999896
50.4526,1.00000000,1.00000000,1.00000000,1.00000000,1.00000000,1.00000000,1.00000000,0.99999889
50.5076,1.00000000,1.00000000,1.00000000,1.00000000,1.00000000,1.00000000,1.00000000,0.99999882
50.5626,1.00000000,1.00000000,1.00000000,1.00000000,1.00000000,1.00000000,1.00000000,0.99999874
50.6177,1.00000000,1.00000000,1.00000000,1.00000000,1.00000000,1.00000000,1.00000000,0.99999866
50.6727,1.00000000,1.00000000,1.00000000,1.00000000,1.00000000,1.00000000,1.00000000,0.99999857
50.7277,1.00000000,1.00000000,1.00000000,1.00000000,1.00000000,1.00000000,1.00000000,0.99999849
50.7827,1.00000000,1.00000000,1.00000000,1.00000000,1.00000000,1.00000000,1.00000000,0.99999839
50.8377,1.00000000,1.00000000,1.00000000,1.00000000,1.00000000,1.00000000,1.00000000,0.99999830
50.8927,1.00000000,1.00000000,1.00000000,1.00000000,1.00000000,1.00000000,1.00000000,0.99999820
50.9477,1.00000000,1.00000000,1.00000000,1.00000000,1.00000000,1.00000000,1.00000000,0.99999809
51.0028,1.00000000,1.00000000,1.00000000,1.00000000,1.00000000,1.00000000,1.00000000,0.99999798
51.0578,1.00000000,1.00000000,1.00000000,1.00000000,1.00000000,1.00000000,0.99999999,0.99999786
51.1128,1.00000000,1.00000000,1.00000000,1.00000000,1.00000000,1.00000000,0.99999999,0.99999774
51.1678,1.00000000,1.00000000,1.00000000,1.00000000,1.00000000,1.00000000,0.99999999,0.99999762
51.2228,1.00000000,1.00000000,1.00000000,1.00000000,1.00000000,1.00000000,0.99999999,0.99999749
51.2778,1.00000000,1.00000000,1.00000000,1.00000000,1.00000000,1.00000000,0.99999999,0.99999735
51.3328,1.00000000,1.00000000,1.00000000,1.00000000,1.00000000,1.00000000,0.99999998,0.99999721
51.3878,1.00000000,1.00000000,1.00000000,1.00000000,1.00000000,1.00000000,0.99999998,0.99999707
51.4429,1.00000000,1.00000000,1.00000000,1.00000000,1.00000000,1.00000000,0.99999998,0.99999692
51.4979,1.00000000,1.00000000,1.00000000,1.00000000,1.00000000,1.00000000,0.99999997,0.99999676
51.5529,1.00000000,1.00000000,1.00000000,1.00000000,1.00000000,1.00000000,0.99999996,0.99999660
51.6079,1.00000000,1.00000000,1.00000000,1.00000000,1.00000000,1.00000000,0.99999996,0.99999643
51.6629,1.00000000,1.00000000,1.00000000,1.00000000,1.00000000,1.00000000,0.99999995,0.99999626
51.7179,1.00000000,1.00000000,1.00000000,1.00000000,1.00000000,1.00000000,0.99999994,0.99999608
51.7729,1.00000000,1.00000000,1.00000000,1.00000000,1.00000000,1.00000000,0.99999993,0.99999590
51.8280,1.00000000,1.00000000,1.00000000,1.00000000,1.00000000,1.00000000,0.99999991,0.99999571
51.8830,1.00000000,1.00000000,1.00000000,1.00000000,1.00000000,1.00000000,0.99999990,0.99999551
51.9380,1.00000000,1.00000000,1.00000000,1.00000000,1.00000000,1.00000000,0.99999988,0.99999531
51.9930,1.00000000,1.00000000,1.00000000,1.00000000,1.00000000,1.00000000,0.99999986,0.99999511
52.0480,1.00000000,1.00000000,1.00000000,1.00000000,1.00000000,1.00000000,0.99999984,0.99999490
52.1030,1.00000000,1.00000000,1.00000000,1.00000000,1.00000000,1.00000000,0.99999981,0.99999468
52.1580,1.00000000,1.00000000,1.00000000,1.00000000,1.00000000,1.00000000,0.99999978,0.99999446
52.2131,1.00000000,1.00000000,1.00000000,1.00000000,1.00000000,1.00000000,0.99999975,0.99999423
52.2681,1.00000000,1.00000000,1.00000000,1.00000000,1.00000000,1.00000000,0.99999971,0.99999400
52.3231,1.00000000,1.00000000,1.00000000,1.00000000,1.00000000,1.00000000,0.99999966,0.99999376
52.3781,1.00000000,1.00000000,1.00000000,1.00000000,1.00000000,1.00000000,0.99999962,0.99999352
52.4331,1.00000000,1.00000000,1.00000000,1.00000000,1.00000000,1.00000000,0.99999956,0.99999328
52.4881,1.00000000,1.00000000,1.00000000,1.00000000,1.00000000,1.00000000,0.99999950,0.99999303
52.5431,1.00000000,1.00000000,1.00000000,1.00000000,1.00000000,1.00000000,0.99999944,0.99999277
52.5981,1.00000000,1.00000000,1.00000000,1.00000000,1.00000000,1.00000000,0.99999936,0.99999251
52.6532,1.00000000,1.00000000,1.00000000,1.00000000,1.00000000,1.00000000,0.99999928,0.99999225
52.7082,1.00000000,1.00000000,1.00000000,1.00000000,1.00000000,1.00000000,0.99999920,0.99999198
52.7632,1.00000000,1.00000000,1.00000000,1.00000000,1.00000000,1.00000000,0.99999910,0.99999171
52.8182,1.00000000,1.00000000,1.00000000,1.00000000,1.00000000,1.00000000,0.99999900,0.99999144
52.8732,1.00000000,1.00000000,1.00000000,1.00000000,1.00000000,1.00000000,0.99999889,0.99999116
52.9282,1.00000000,1.00000000,1.00000000,1.00000000,1.00000000,1.00000000,0.99999877,0.99999088
52.9832,1.00000000,1.00000000,1.00000000,1.00000000,1.00000000,1.00000000,0.99999864,0.99999060
53.0383,1.00000000,1.00000000,1.00000000,1.00000000,1.00000000,1.00000000,0.99999850,0.99999031
53.0933,1.00000000,1.00000000,1.00000000,1.00000000,1.00000000,1.00000000,0.99999836,0.99999002
53.1483,1.00000000,1.00000000,1.00000000,1.00000000,1.00000000,1.00000000,0.99999821,0.99998973
53.2033,1.00000000,1.00000000,1.00000000,1.00000000,1.00000000,1.00000000,0.99999805,0.99998944
53.2583,1.00000000,1.00000000,1.00000000,1.00000000,1.00000000,0.99999999,0.99999788,0.99998915
53.3133,1.00000000,1.00000000,1.00000000,1.00000000,1.00000000,0.99999999,0.99999770,0.99998885
53.3683,1.00000000,1.00000000,1.00000000,1.00000000,1.00000000,0.99999998,0.99999752,0.99998855
53.4234,1.00000000,1.00000000,1.00000000,1.00000000,1.00000000,0.99999998,0.99999734,0.99998826
53.4784,1.00000000,1.00000000,1.00000000,1.00000000,1.00000000,0.99999996,0.99999715,0.99998796
53.5334,1.00000000,1.00000000,1.00000000,1.00000000,1.00000000,0.99999994,0.99999695,0.99998766
53.5884,1.00000000,1.00000000,1.00000000,1.00000000,1.00000000,0.99999992,0.99999675,0.99998737
53.6434,1.00000000,1.00000000,1.00000000,1.00000000,1.00000000,0.99999989,0.99999655,0.99998707
53.6984,1.00000000,1.00000000,1.00000000,1.00000000,1.00000000,0.99999984,0.99999635,0.99998677
53.7534,1.00000000,1.00000000,1.00000000,1.00000000,1.00000000,0.99999978,0.99999615,0.99998648
53.8085,1.00000000,1.00000000,1.00000000,1.00000000,1.00000000,0.99999971,0.99999596,0.99998618
53.8635,1.00000000,1.00000000,1.00000000,1.00000000,1.00000000,0.99999962,0.99999576,0.99998589
53.9185,1.00000000,1.00000000,1.00000000,1.00000000,0.99999999,0.99999951,0.99999557,0.99998560
53.9735,1.00000000,1.00000000,1.00000000,1.00000000,0.99999999,0.99999938,0.99999539,0.99998531
54.0285,1.00000000,1.00000000,1.00000000,1.00000000,0.99999997,0.99999923,0.99999521,0.99998503
54.0835,1.00000000,1.00000000,1.00000000,0.99999999,0.99999994,0.99999906,0.99999505,0.99998474
54.1385,1.00000000,1.00000000,1.00000000,0.99999998,0.99999990,0.99999888,0.99999489,0.99998446
54.1935,1.00000000,1.00000000,1.00000000,0.99999995,0.99999983,0.99999869,0.99999474,0.99998419
54.2486,1.00000000,1.00000000,0.99999998,0.99999990,0.99999972,0.99999850,0.99999461,0.99998391
54.3036,1.00000000,1.00000000,0.99999996,0.99999982,0.99999959,0.99999831,0.99999449,0.99998364
54.3586,1.00000000,1.00000000,0.99999990,0.99999970,0.99999942,0.99999814,0.99999438,0.99998338
54.4136,0.99999999,0.99999998,0.99999980,0.99999955,0.99999925,0.99999798,0.99999428,0.99998312
54.4686,0.99999998,0.99999996,0.99999967,0.99999938,0.99999908,0.99999786,0.99999420,0.99998286
54.5236,0.99999996,0.99999992,0.99999953,0.99999924,0.99999895,0.99999778,0.99999413,0.99998261
54.5786,0.99999995,0.99999989,0.99999944,0.99999916,0.99999887,0.99999773,0.99999408,0.99998237
54.6337,0.99999995,0.99999989,0.99999944,0.99999916,0.99999887,0.99999773,0.99999404,0.99998213
54.6887,0.99999996,0.99999992,0.99999953,0.99999924,0.99999894,0.99999777,0.99999402,0.99998190
54.7437,0.99999998,0.99999996,0.99999966,0.99999938,0.99999907,0.99999786,0.99999401,0.99998167
54.7987,0.99999999,0.99999998,0.99999979,0.99999954,0.99999924,0.99999798,0.99999401,0.99998145
54.8537,1.00000000,1.00000000,0.99999989,0.99999970,0.99999942,0.99999813,0.99999402,0.99998123
54.9087,1.00000000,1.00000000,0.99999995,0.99999982,0.99999958,0.99999830,0.99999404,0.99998102
54.9637,1.00000000,1.00000000,0.99999998,0.99999990,0.99999972,0.99999849,0.99999407,0.99998082
55.0188,1.00000000,1.00000000,0.99999999,0.99999995,0.99999982,0.99999868,0.99999411,0.99998063
55.0738,1.00000000,1.00000000,1.00000000,0.99999998,0.99999990,0.99999887,0.99999415,0.99998044
55.1288,1.00000000,1.00000000,1.00000000,0.99999999,0.99999994,0.99999905,0.99999419,0.99998026
55.1838,1.00000000,1.00000000,1.00000000,1.00000000,0.99999997,0.99999922,0.99999424,0.99998009
55.2388,1.00000000,1.00000000,1.00000000,1.00000000,0.99999999,0.99999937,0.99999429,0.99997993
55.2938,1.00000000,1.00000000,1.00000000,1.00000000,0.99999999,0.99999950,0.99999433,0.99997978
55.3488,1.00000000,1.00000000,1.00000000,1.00000000,1.00000000,0.99999961,0.99999437,0.99997963
55.4039,1.00000000,1.00000000,1.00000000,1.00000000,1.00000000,0.99999971,0.99999441,0.99997949
55.4589,1.00000000,1.00000000,1.00000000,1.00000000,1.00000000,0.99999978,0.99999444,0.99997937
55.5139,1.00000000,1.00000000,1.00000000,1.00000000,1.00000000,0.99999984,0.99999446,0.99997925
55.5689,1.00000000,1.00000000,1.00000000,1.00000000,1.00000000,0.99999988,0.99999447,0.99997914
55.6239,1.00000000,1.00000000,1.00000000,1.00000000,1.00000000,0.99999992,0.99999447,0.99997904
55.6789,1.00000000,1.00000000,1.00000000,1.00000000,1.00000000,0.99999994,0.99999446,0.99997895
55.7339,1.00000000,1.00000000,1.00000000,1.00000000,1.00000000,0.99999996,0.99999444,0.99997886
55.7889,1.00000000,1.00000000,1.00000000,1.00000000,1.00000000,0.99999996,0.99999440,0.99997879
55.8440,1.00000000,1.00000000,1.00000000,1.00000000,1.00000000,0.99999997,0.99999435,0.99997873
55.8990,1.00000000,1.00000000,1.00000000,1.00000000,1.00000000,0.99999996,0.99999429,0.99997868
55.9540,1.00000000,1.00000000,1.00000000,1.00000000,1.00000000,0.99999995,0.99999422,0.99997864
56.0090,1.00000000,1.00000000,1.00000000,1.00000000,1.00000000,0.99999993,0.99999413,0.99997861
56.0640,1.00000000,1.00000000,1.00000000,1.00000000,1.00000000,0.99999991,0.99999404,0.99997859
56.1190,1.00000000,1.00000000,1.00000000,1.00000000,1.00000000,0.99999987,0.99999393,0.99997858
56.1740,1.00000000,1.00000000,1.00000000,1.00000000,1.00000000,0.99999981,0.99999382,0.99997858
56.2291,1.00000000,1.00000000,1.00000000,1.00000000,1.00000000,0.99999974,0.99999369,0.99997859
56.2841,1.00000000,1.00000000,1.00000000,1.00000000,1.00000000,0.99999966,0.99999357,0.99997861
56.3391,1.00000000,1.00000000,1.00000000,1.00000000,1.00000000,0.99999954,0.99999343,0.99997865
56.3941,1.00000000,1.00000000,1.00000000,1.00000000,0.99999999,0.99999941,0.99999330,0.99997869
56.4491,1.00000000,1.00000000,1.00000000,1.00000000,0.99999999,0.99999925,0.99999317,0.99997874
56.5041,1.00000000,1.00000000,1.00000000,1.00000000,0.99999997,0.99999906,0.99999304,0.99997881
56.5591,1.00000000,1.00000000,1.00000000,0.99999999,0.99999994,0.99999885,0.99999291,0.99997888
56.6142,1.00000000,1.00000000,1.00000000,0.99999998,0.99999989,0.99999862,0.99999279,0.99997897
56.6692,1.00000000,1.00000000,1.00000000,0.99999995,0.99999981,0.99999837,0.99999268,0.99997907
56.7242,1.00000000,1.00000000,0.99999999,0.99999990,0.99999969,0.99999812,0.99999258,0.99997917
56.7792,1.00000000,1.00000000,0.99999996,0.99999981,0.99999953,0.99999787,0.99999250,0.99997929
56.8342,1.00000000,1.00000000,0.99999990,0.99999967,0.99999932,0.99999763,0.99999243,0.99997942
56.8892,0.99999999,0.99999999,0.99999979,0.99999948,0.99999909,0.99999742,0.99999237,0.99997956
56.9442,0.99999998,0.99999996,0.99999963,0.99999927,0.99999887,0.99999724,0.99999233,0.99997971
56.9992,0.99999996,0.99999992,0.99999944,0.99999906,0.99999867,0.99999711,0.99999231,0.99997987
57.0543,0.99999993,0.99999987,0.99999930,0.99999892,0.99999854,0.99999703,0.99999231,0.99998003
57.1093,0.99999993,0.99999985,0.99999925,0.99999888,0.99999851,0.99999701,0.99999233,0.99998021
57.1643,0.99999994,0.99999988,0.99999933,0.99999895,0.99999857,0.99999705,0.99999238,0.99998040
57.2193,0.99999996,0.99999993,0.99999949,0.99999911,0.99999871,0.99999714,0.99999244,0.99998060
57.2743,0.99999999,0.99999997,0.99999967,0.99999932,0.99999892,0.99999728,0.99999252,0.99998080
57.3293,1.00000000,0.99999999,0.99999982,0.99999953,0.99999915,0.99999747,0.99999263,0.99998102
57.3843,1.00000000,1.00000000,0.99999992,0.99999971,0.99999938,0.99999769,0.99999275,0.99998124
57.4394,1.00000000,1.00000000,0.99999997,0.99999984,0.99999957,0.99999793,0.99999290,0.99998147
57.4944,1.00000000,1.00000000,0.99999999,0.99999992,0.99999972,0.99999818,0.99999306,0.99998171
57.5494,1.00000000,1.00000000,1.00000000,0.99999996,0.99999983,0.99999843,0.99999324,0.99998196
57.6044,1.00000000,1.00000000,1.00000000,0.99999998,0.99999991,0.99999867,0.99999344,0.99998221
57.6594,1.00000000,1.00000000,1.00000000,0.99999999,0.99999995,0.99999890,0.99999365,0.99998247
57.7144,1.00000000,1.00000000,1.00000000,1.00000000,0.99999998,0.99999911,0.99999387,0.99998274
57.7694,1.00000000,1.00000000,1.00000000,1.00000000,0.99999999,0.99999929,0.99999410,0.99998302
57.8245,1.00000000,1.00000000,1.00000000,1.00000000,1.00000000,0.99999944,0.99999434,0.99998330
57.8795,1.00000000,1.00000000,1.00000000,1.00000000,1.00000000,0.99999957,0.99999459,0.99998358
57.9345,1.00000000,1.00000000,1.00000000,1.00000000,1.00000000,0.99999968,0.99999485,0.99998388
57.9895,1.00000000,1.00000000,1.00000000,1.00000000,1.00000000,0.99999976,0.99999511,0.99998417
58.0445,1.00000000,1.00000000,1.00000000,1.00000000,1.00000000,0.99999983,0.99999537,0.99998447
58.0995,1.00000000,1.00000000,1.00000000,1.00000000,1.00000000,0.99999988,0.99999563,0.99998478
58.1545,1.00000000,1.00000000,1.00000000,1.00000000,1.00000000,0.99999992,0.99999589,0.99998508
58.2096,1.00000000,1.00000000,1.00000000,1.00000000,1.00000000,0.99999994,0.99999615,0.99998540
58.2646,1.00000000,1.00000000,1.00000000,1.00000000,1.00000000,0.99999996,0.99999640,0.99998571
58.3196,1.00000000,1.00000000,1.00000000,1.00000000,1.00000000,0.99999997,0.99999665,0.99998602
58.3746,1.00000000,1.00000000,1.00000000,1.00000000,1.00000000,0.99999998,0.99999689,0.99998634
58.4296,1.00000000,1.00000000,1.00000000,1.00000000,1.00000000,0.99999999,0.99999712,0.99998666
58.4846,1.00000000,1.00000000,1.00000000,1.00000000,1.00000000,0.99999999,0.99999735,0.99998698
58.5396,1.00000000,1.00000000,1.00000000,1.00000000,1.00000000,1.00000000,0.99999756,0.99998730
58.5946,1.00000000,1.00000000,1.00000000,1.00000000,1.00000000,1.00000000,0.99999776,0.99998762
58.6497,1.00000000,1.00000000,1.00000000,1.00000000,1.00000000,1.00000000,0.99999796,0.99998794
58.7047,1.00000000,1.00000000,1.00000000,1.00000000,1.00000000,1.00000000,0.99999814,0.99998826
58.7597,1.00000000,1.00000000,1.00000000,1.00000000,1.00000000,1.00000000,0.99999831,0.99998858
58.8147,1.00000000,1.00000000,1.00000000,1.00000000,1.00000000,1.00000000,0.99999847,0.99998889
58.8697,1.00000000,1.00000000,1.00000000,1.00000000,1.00000000,1.00000000,0.99999863,0.99998921
58.9247,1.00000000,1.00000000,1.00000000,1.00000000,1.00000000,1.00000000,0.99999876,0.99998952
58.9797,1.00000000,1.00000000,1.00000000,1.00000000,1.00000000,1.00000000,0.99999889,0.99998983
59.0348,1.00000000,1.00000000,1.00000000,1.00000000,1.00000000,1.00000000,0.99999901,0.99999013
59.0898,1.00000000,1.00000000,1.00000000,1.00000000,1.00000000,1.00000000,0.99999912,0.99999043
59.1448,1.00000000,1.00000000,1.00000000,1.00000000,1.00000000,1.00000000,0.99999922,0.99999073
59.1998,1.00000000,1.00000000,1.00000000,1.00000000,1.00000000,1.00000000,0.99999931,0.99999102
59.2548,1.00000000,1.00000000,1.00000000,1.00000000,1.00000000,1.00000000,0.99999939,0.99999131
59.3098,1.00000000,1.00000000,1.00000000,1.00000000,1.00000000,1.00000000,0.99999947,0.99999159
59.3648,1.00000000,1.00000000,1.00000000,1.00000000,1.00000000,1.00000000,0.99999953,0.99999187
59.4199,1.00000000,1.00000000,1.00000000,1.00000000,1.00000000,1.00000000,0.99999959,0.99999214
59.4749,1.00000000,1.00000000,1.00000000,1.00000000,1.00000000,1.00000000,0.99999965,0.99999241
59.5299,1.00000000,1.00000000,1.00000000,1.00000000,1.00000000,1.00000000,0.99999969,0.99999266
59.5849,1.00000000,1.00000000,1.00000000,1.00000000,1.00000000,1.00000000,0.99999974,0.99999292
59.6399,1.00000000,1.00000000,1.00000000,1.00000000,1.00000000,1.00000000,0.99999977,0.99999316
59.6949,1.00000000,1.00000000,1.00000000,1.00000000,1.00000000,1.00000000,0.99999980,0.99999340
59.7499,1.00000000,1.00000000,1.00000000,1.00000000,1.00000000,1.00000000,0.99999983,0.99999363
59.8050,1.00000000,1.00000000,1.00000000,1.00000000,1.00000000,1.00000000,0.99999986,0.99999385
59.8600,1.00000000,1.00000000,1.00000000,1.00000000,1.00000000,1.00000000,0.99999988,0.99999407
59.9150,1.00000000,1.00000000,1.00000000,1.00000000,1.00000000,1.00000000,0.99999990,0.99999427
59.9700,1.00000000,1.00000000,1.00000000,1.00000000,1.00000000,1.00000000,0.99999991,0.99999447
60.0250,1.00000000,1.00000000,1.00000000,1.00000000,1.00000000,1.00000000,0.99999993,0.99999466
60.0800,1.00000000,1.00000000,1.00000000,1.00000000,1.00000000,1.00000000,0.99999994,0.99999484
60.1350,1.00000000,1.00000000,1.00000000,1.00000000,1.00000000,1.00000000,0.99999995,0.99999502
60.1900,1.00000000,1.00000000,1.00000000,1.00000000,1.00000000,1.00000000,0.99999996,0.99999518
60.2451,1.00000000,1.00000000,1.00000000,1.00000000,1.00000000,1.00000000,0.99999996,0.99999534
60.3001,1.00000000,1.00000000,1.00000000,1.00000000,1.00000000,1.00000000,0.99999997,0.99999548
60.3551,1.00000000,1.00000000,1.00000000,1.00000000,1.00000000,1.00000000,0.99999998,0.99999562
60.4101,1.00000000,1.00000000,1.00000000,1.00000000,1.00000000,1.00000000,0.99999998,0.99999575
60.4651,1.00000000,1.00000000,1.00000000,1.00000000,1.00000000,1.00000000,0.99999998,0.99999587
60.5201,1.00000000,1.00000000,1.00000000,1.00000000,1.00000000,1.00000000,0.99999999,0.99999597
60.5751,1.00000000,1.00000000,1.00000000,1.00000000,1.00000000,1.00000000,0.99999999,0.99999607
60.6302,1.00000000,1.00000000,1.00000000,1.00000000,1.00000000,1.00000000,0.99999999,0.99999616
60.6852,1.00000000,1.00000000,1.00000000,1.00000000,1.00000000,1.00000000,0.99999999,0.99999624
60.7402,1.00000000,1.00000000,1.00000000,1.00000000,1.00000000,1.00000000,0.99999999,0.99999631
60.7952,1.00000000,1.00000000,1.00000000,1.00000000,1.00000000,1.00000000,0.99999999,0.99999637
60.8502,1.00000000,1.00000000,1.00000000,1.00000000,1.00000000,1.00000000,1.00000000,0.99999643
60.9052,1.00000000,1.00000000,1.00000000,1.00000000,1.00000000,1.00000000,1.00000000,0.99999647
60.9602,1.00000000,1.00000000,1.00000000,1.00000000,1.00000000,1.00000000,1.00000000,0.99999650
61.0153,1.00000000,1.00000000,1.00000000,1.00000000,1.00000000,1.00000000,1.00000000,0.99999652
61.0703,1.00000000,1.00000000,1.00000000,1.00000000,1.00000000,1.00000000,1.00000000,0.99999654
61.1253,1.00000000,1.00000000,1.00000000,1.00000000,1.00000000,1.00000000,1.00000000,0.99999654
61.1803,1.00000000,1.00000000,1.00000000,1.00000000,1.00000000,1.00000000,1.00000000,0.99999653
61.2353,1.00000000,1.00000000,1.00000000,1.00000000,1.00000000,1.00000000,1.00000000,0.99999652
61.2903,1.00000000,1.00000000,1.00000000,1.00000000,1.00000000,1.00000000,1.00000000,0.99999649
61.3453,1.00000000,1.00000000,1.00000000,1.00000000,1.00000000,1.00000000,0.99999999,0.99999646
61.4004,1.00000000,1.00000000,1.00000000,1.00000000,1.00000000,1.00000000,0.99999999,0.99999641
61.4554,1.00000000,1.00000000,1.00000000,1.00000000,1.00000000,1.00000000,0.99999999,0.99999636
61.5104,1.00000000,1.00000000,1.00000000,1.00000000,1.00000000,1.00000000,0.99999999,0.99999630
61.5654,1.00000000,1.00000000,1.00000000,1.00000000,1.00000000,1.00000000,0.99999999,0.99999623
61.6204,1.00000000,1.00000000,1.00000000,1.00000000,1.00000000,1.00000000,0.99999999,0.99999615
61.6754,1.00000000,1.00000000,1.00000000,1.00000000,1.00000000,1.00000000,0.99999998,0.99999606
61.7304,1.00000000,1.00000000,1.00000000,1.00000000,1.00000000,1.00000000,0.99999998,0.99999596
61.7854,1.00000000,1.00000000,1.00000000,1.00000000,1.00000000,1.00000000,0.99999997,0.99999586
61.8405,1.00000000,1.00000000,1.00000000,1.00000000,1.00000000,1.00000000,0.99999997,0.99999574
61.8955,1.00000000,1.00000000,1.00000000,1.00000000,1.00000000,1.00000000,0.99999996,0.99999562
61.9505,1.00000000,1.00000000,1.00000000,1.00000000,1.00000000,1.00000000,0.99999995,0.99999549
62.0055,1.00000000,1.00000000,1.00000000,1.00000000,1.00000000,1.00000000,0.99999994,0.99999535
62.0605,1.00000000,1.00000000,1.00000000,1.00000000,1.00000000,1.00000000,0.99999993,0.99999521
62.1155,1.00000000,1.00000000,1.00000000,1.00000000,1.00000000,1.00000000,0.99999992,0.99999505
62.1705,1.00000000,1.00000000,1.00000000,1.00000000,1.00000000,1.00000000,0.99999991,0.99999489
62.2256,1.00000000,1.00000000,1.00000000,1.00000000,1.00000000,1.00000000,0.99999989,0.99999473
62.2806,1.00000000,1.00000000,1.00000000,1.00000000,1.00000000,1.00000000,0.99999987,0.99999455
62.3356,1.00000000,1.00000000,1.00000000,1.00000000,1.00000000,1.00000000,0.99999985,0.99999437
62.3906,1.00000000,1.00000000,1.00000000,1.00000000,1.00000000,1.00000000,0.99999982,0.99999418
62.4456,1.00000000,1.00000000,1.00000000,1.00000000,1.00000000,1.00000000,0.99999979,0.99999399
62.5006,1.00000000,1.00000000,1.00000000,1.00000000,1.00000000,1.00000000,0.99999976,0.99999379
62.5556,1.00000000,1.00000000,1.00000000,1.00000000,1.00000000,1.00000000,0.99999972,0.99999359
62.6107,1.00000000,1.00000000,1.00000000,1.00000000,1.00000000,1.00000000,0.99999968,0.99999338
62.6657,1.00000000,1.00000000,1.00000000,1.00000000,1.00000000,1.00000000,0.99999963,0.99999317
62.7207,1.00000000,1.00000000,1.00000000,1.00000000,1.00000000,1.00000000,0.99999958,0.99999295
62.7757,1.00000000,1.00000000,1.00000000,1.00000000,1.00000000,1.00000000,0.99999952,0.99999272
62.8307,1.00000000,1.00000000,1.00000000,1.00000000,1.00000000,1.00000000,0.99999945,0.99999250
62.8857,1.00000000,1.00000000,1.00000000,1.00000000,1.00000000,1.00000000,0.99999938,0.99999227
62.9407,1.00000000,1.00000000,1.00000000,1.00000000,1.00000000,1.00000000,0.99999929,0.99999204
62.9957,1.00000000,1.00000000,1.00000000,1.00000000,1.00000000,1.00000000,0.99999920,0.99999180
63.0508,1.00000000,1.00000000,1.00000000,1.00000000,1.00000000,1.00000000,0.99999910,0.99999156
63.1058,1.00000000,1.00000000,1.00000000,1.00000000,1.00000000,1.00000000,0.99999900,0.99999132
63.1608,1.00000000,1.00000000,1.00000000,1.00000000,1.00000000,1.00000000,0.99999888,0.99999108
63.2158,1.00000000,1.00000000,1.00000000,1.00000000,1.00000000,1.00000000,0.99999875,0.99999084
63.2708,1.00000000,1.00000000,1.00000000,1.00000000,1.00000000,1.00000000,0.99999861,0.99999060
63.3258,1.00000000,1.00000000,1.00000000,1.00000000,1.00000000,1.00000000,0.99999847,0.99999036
63.3808,1.00000000,1.00000000,1.00000000,1.00000000,1.00000000,1.00000000,0.99999831,0.99999011
63.4359,1.00000000,1.00000000,1.00000000,1.00000000,1.00000000,1.00000000,0.99999814,0.99998987
63.4909,1.00000000,1.00000000,1.00000000,1.00000000,1.00000000,1.00000000,0.99999797,0.99998963
63.5459,1.00000000,1.00000000,1.00000000,1.00000000,1.00000000,1.00000000,0.99999778,0.99998939
63.6009,1.00000000,1.00000000,1.00000000,1.00000000,1.00000000,0.99999999,0.99999759,0.99998915
63.6559,1.00000000,1.00000000,1.00000000,1.00000000,1.00000000,0.99999999,0.99999738,0.99998892
63.7109,1.00000000,1.00000000,1.00000000,1.00000000,1.00000000,0.99999999,0.99999717,0.99998868
63.7659,1.00000000,1.00000000,1.00000000,1.00000000,1.00000000,0.99999998,0.99999695,0.99998845
63.8210,1.00000000,1.00000000,1.00000000,1.00000000,1.00000000,0.99999997,0.99999673,0.99998823
63.8760,1.00000000,1.00000000,1.00000000,1.00000000,1.00000000,0.99999995,0.99999650,0.99998800
63.9310,1.00000000,1.00000000,1.00000000,1.00000000,1.00000000,0.99999992,0.99999627,0.99998778
63.9860,1.00000000,1.00000000,1.00000000,1.00000000,1.00000000,0.99999989,0.99999603,0.99998757
64.0410,1.00000000,1.00000000,1.00000000,1.00000000,1.00000000,0.99999985,0.99999579,0.99998736
64.0960,1.00000000,1.00000000,1.00000000,1.00000000,1.00000000,0.99999979,0.99999556,0.99998716
64.1510,1.00000000,1.00000000,1.00000000,1.00000000,1.00000000,0.99999971,0.99999532,0.99998696
64.2061,1.00000000,1.00000000,1.00000000,1.00000000,1.00000000,0.99999962,0.99999509,0.99998676
64.2611,1.00000000,1.00000000,1.00000000,1.00000000,1.00000000,0.99999950,0.99999487,0.99998657
64.3161,1.00000000,1.00000000,1.00000000,1.00000000,0.99999999,0.99999936,0.99999465,0.99998639
64.3711,1.00000000,1.00000000,1.00000000,1.00000000,0.99999998,0.99999919,0.99999444,0.99998622
64.4261,1.00000000,1.00000000,1.00000000,0.99999999,0.99999996,0.99999900,0.99999424,0.99998605
64.4811,1.00000000,1.00000000,1.00000000,0.99999999,0.99999992,0.99999880,0.99999406,0.99998589
64.5361,1.00000000,1.00000000,1.00000000,0.99999997,0.99999985,0.99999858,0.99999388,0.99998573
64.5911,1.00000000,1.00000000,0.99999999,0.99999993,0.99999975,0.99999835,0.99999373,0.99998559
64.6462,1.00000000,1.00000000,0.99999997,0.99999985,0.99999962,0.99999812,0.99999359,0.99998545
64.7012,1.00000000,1.00000000,0.99999993,0.99999974,0.99999944,0.99999790,0.99999347,0.99998531
64.7562,1.00000000,0.99999999,0.99999984,0.99999958,0.99999923,0.99999770,0.99999337,0.99998519
64.8112,0.99999999,0.99999997,0.99999971,0.99999939,0.99999902,0.99999753,0.99999329,0.99998507
64.8662,0.99999997,0.99999994,0.99999954,0.99999920,0.99999883,0.99999739,0.99999323,0.99998496
64.9212,0.99999995,0.99999989,0.99999939,0.99999905,0.99999870,0.99999731,0.99999319,0.99998486
64.9762,0.99999993,0.99999986,0.99999932,0.99999898,0.99999864,0.99999727,0.99999317,0.99998476
65.0313,0.99999994,0.99999988,0.99999936,0.99999901,0.99999867,0.99999729,0.99999318,0.99998467
65.0863,0.99999996,0.99999992,0.99999949,0.99999914,0.99999878,0.99999736,0.99999321,0.99998459
65.1413,0.99999998,0.99999996,0.99999965,0.99999932,0.99999896,0.99999748,0.99999326,0.99998452
65.1963,0.99999999,0.99999999,0.99999980,0.99999952,0.99999916,0.99999764,0.99999333,0.99998445
65.2513,1.00000000,1.00000000,0.99999990,0.99999969,0.99999937,0.99999783,0.99999343,0.99998439
65.3063,1.00000000,1.00000000,0.99999996,0.99999982,0.99999956,0.99999804,0.99999354,0.99998434
65.3613,1.00000000,1.00000000,0.99999999,0.99999991,0.99999971,0.99999827,0.99999367,0.99998430
65.4164,1.00000000,1.00000000,1.00000000,0.99999996,0.99999982,0.99999850,0.99999382,0.99998426
65.4714,1.00000000,1.00000000,1.00000000,0.99999998,0.99999990,0.99999873,0.99999398,0.99998423
65.5264,1.00000000,1.00000000,1.00000000,0.99999999,0.99999995,0.99999894,0.99999416,0.99998420
65.5814,1.00000000,1.00000000,1.00000000,1.00000000,0.99999997,0.99999913,0.99999435,0.99998418
65.6364,1.00000000,1.00000000,1.00000000,1.00000000,0.99999999,0.99999930,0.99999455,0.99998416
65.6914,1.00000000,1.00000000,1.00000000,1.00000000,0.99999999,0.99999945,0.99999476,0.99998415
65.7464,1.00000000,1.00000000,1.00000000,1.00000000,1.00000000,0.99999958,0.99999497,0.99998415
65.8015,1.00000000,1.00000000,1.00000000,1.00000000,1.00000000,0.99999968,0.99999520,0.99998415
65.8565,1.00000000,1.00000000,1.00000000,1.00000000,1.00000000,0.99999976,0.99999542,0.99998415
65.9115,1.00000000,1.00000000,1.00000000,1.00000000,1.00000000,0.99999983,0.99999564,0.99998416
65.9665,1.00000000,1.00000000,1.00000000,1.00000000,1.00000000,0.99999988,0.99999587,0.99998418
66.0215,1.00000000,1.00000000,1.00000000,1.00000000,1.00000000,0.99999991,0.99999609,0.99998419
66.0765,1.00000000,1.00000000,1.00000000,1.00000000,1.00000000,0.99999994,0.99999631,0.99998421
66.1315,1.00000000,1.00000000,1.00000000,1.00000000,1.00000000,0.99999996,0.99999652,0.99998424
66.1865,1.00000000,1.00000000,1.00000000,1.00000000,1.00000000,0.99999997,0.99999672,0.99998426
66.2416,1.00000000,1.00000000,1.00000000,1.00000000,1.00000000,0.99999998,0.99999692,0.99998429
66.2966,1.00000000,1.00000000,1.00000000,1.00000000,1.00000000,0.99999999,0.99999710,0.99998432
66.3516,1.00000000,1.00000000,1.00000000,1.00000000,1.00000000,0.99999999,0.99999728,0.99998436
66.4066,1.00000000,1.00000000,1.00000000,1.00000000,1.00000000,1.00000000,0.99999744,0.99998439
66.4616,1.00000000,1.00000000,1.00000000,1.00000000,1.00000000,1.00000000,0.99999758,0.99998443
66.5166,1.00000000,1.00000000,1.00000000,1.00000000,1.00000000,1.00000000,0.99999772,0.99998447
66.5716,1.00000000,1.00000000,1.00000000,1.00000000,1.00000000,1.00000000,0.99999783,0.99998451
66.6267,1.00000000,1.00000000,1.00000000,1.00000000,1.00000000,1.00000000,0.99999794,0.99998455
66.6817,1.00000000,1.00000000,1.00000000,1.00000000,1.00000000,1.00000000,0.99999802,0.99998459
66.7367,1.00000000,1.00000000,1.00000000,1.00000000,1.00000000,1.00000000,0.99999809,0.99998463
66.7917,1.00000000,1.00000000,1.00000000,1.00000000,1.00000000,1.00000000,0.99999814,0.99998467
66.8467,1.00000000,1.00000000,1.00000000,1.00000000,1.00000000,1.00000000,0.99999818,0.99998472
66.9017,1.00000000,1.00000000,1.00000000,1.00000000,1.00000000,1.00000000,0.99999820,0.99998476
66.9567,1.00000000,1.00000000,1.00000000,1.00000000,1.00000000,1.00000000,0.99999820,0.99998480
67.0118,1.00000000,1.00000000,1.00000000,1.00000000,1.00000000,1.00000000,0.99999819,0.99998485
67.0668,1.00000000,1.00000000,1.00000000,1.00000000,1.00000000,1.00000000,0.99999816,0.99998489
67.1218,1.00000000,1.00000000,1.00000000,1.00000000,1.00000000,1.00000000,0.99999811,0.99998494
67.1768,1.00000000,1.00000000,1.00000000,1.00000000,1.00000000,1.00000000,0.99999805,0.99998498
67.2318,1.00000000,1.00000000,1.00000000,1.00000000,1.00000000,1.00000000,0.99999797,0.99998503
67.2868,1.00000000,1.00000000,1.00000000,1.00000000,1.00000000,1.00000000,0.99999788,0.99998507
67.3418,1.00000000,1.00000000,1.00000000,1.00000000,1.00000000,1.00000000,0.99999777,0.99998512
67.3968,1.00000000,1.00000000,1.00000000,1.00000000,1.00000000,0.99999999,0.99999765,0.99998516
67.4519,1.00000000,1.00000000,1.00000000,1.00000000,1.00000000,0.99999999,0.99999752,0.99998521
67.5069,1.00000000,1.00000000,1.00000000,1.00000000,1.00000000,0.99999999,0.99999738,0.99998525
67.5619,1.00000000,1.00000000,1.00000000,1.00000000,1.00000000,0.99999998,0.99999723,0.99998530
67.6169,1.00000000,1.00000000,1.00000000,1.00000000,1.00000000,0.99999997,0.99999707,0.99998535
67.6719,1.00000000,1.00000000,1.00000000,1.00000000,1.00000000,0.99999995,0.99999691,0.99998540
67.7269,1.00000000,1.00000000,1.00000000,1.00000000,1.00000000,0.99999992,0.99999674,0.99998545
67.7819,1.00000000,1.00000000,1.00000000,1.00000000,1.00000000,0.99999989,0.99999656,0.99998550
67.8370,1.00000000,1.00000000,1.00000000,1.00000000,1.00000000,0.99999985,0.99999638,0.99998555
67.8920,1.00000000,1.00000000,1.00000000,1.00000000,1.00000000,0.99999980,0.99999620,0.99998561
67.9470,1.00000000,1.00000000,1.00000000,1.00000000,1.00000000,0.99999972,0.99999602,0.99998566
68.0020,1.00000000,1.00000000,1.00000000,1.00000000,1.00000000,0.99999964,0.99999585,0.99998572
68.0570,1.00000000,1.00000000,1.00000000,1.00000000,0.99999999,0.99999953,0.99999568,0.99998578
68.1120,1.00000000,1.00000000,1.00000000,1.00000000,0.99999999,0.99999941,0.99999551,0.99998584
68.1670,1.00000000,1.00000000,1.00000000,1.00000000,0.99999997,0.99999926,0.99999535,0.99998590
68.2221,1.00000000,1.00000000,1.00000000,0.99999999,0.99999995,0.99999910,0.99999520,0.99998597
68.2771,1.00000000,1.00000000,1.00000000,0.99999998,0.99999991,0.99999892,0.99999506,0.99998603
68.3321,1.00000000,1.00000000,1.00000000,0.99999996,0.99999984,0.99999874,0.99999493,0.99998610
68.3871,1.00000000,1.00000000,0.99999999,0.99999991,0.99999974,0.99999855,0.99999481,0.99998617
68.4421,1.00000000,1.00000000,0.99999996,0.99999984,0.99999961,0.99999837,0.99999471,0.99998625
68.4971,1.00000000,1.00000000,0.99999991,0.99999972,0.99999946,0.99999819,0.99999462,0.99998633
68.5521,0.99999999,0.99999999,0.99999982,0.99999958,0.99999928,0.99999804,0.99999455,0.99998641
68.6072,0.99999998,0.99999996,0.99999969,0.99999942,0.99999912,0.99999792,0.99999449,0.99998649
68.6622,0.99999996,0.99999993,0.99999955,0.99999927,0.99999898,0.99999783,0.99999445,0.99998657
68.7172,0.99999995,0.99999990,0.99999946,0.99999918,0.99999890,0.99999778,0.99999443,0.99998666
68.7722,0.99999995,0.99999989,0.99999945,0.99999917,0.99999889,0.99999778,0.99999443,0.99998675
68.8272,0.99999996,0.99999992,0.99999952,0.99999924,0.99999895,0.99999781,0.99999445,0.99998684
68.8822,0.99999998,0.99999996,0.99999965,0.99999937,0.99999908,0.99999789,0.99999448,0.99998693
68.9372,0.99999999,0.99999998,0.99999978,0.99999953,0.99999924,0.99999801,0.99999453,0.99998703
68.9922,1.00000000,0.99999999,0.99999989,0.99999969,0.99999941,0.99999815,0.99999460,0.99998712
69.0473,1.00000000,1.00000000,0.99999995,0.99999981,0.99999957,0.99999832,0.99999469,0.99998722
69.1023,1.00000000,1.00000000,0.99999998,0.99999990,0.99999971,0.99999850,0.99999479,0.99998732
69.1573,1.00000000,1.00000000,0.99999999,0.99999995,0.99999982,0.99999869,0.99999491,0.99998742
69.2123,1.00000000,1.00000000,1.00000000,0.99999998,0.99999989,0.99999888,0.99999504,0.99998751
69.2673,1.00000000,1.00000000,1.00000000,0.99999999,0.99999994,0.99999905,0.99999518,0.99998761
69.3223,1.00000000,1.00000000,1.00000000,1.00000000,0.99999997,0.99999922,0.99999533,0.99998770
69.3773,1.00000000,1.00000000,1.00000000,1.00000000,0.99999998,0.99999937,0.99999550,0.99998780
69.4324,1.00000000,1.00000000,1.00000000,1.00000000,0.99999999,0.99999950,0.99999567,0.99998789
69.4874,1.00000000,1.00000000,1.00000000,1.00000000,1.00000000,0.99999961,0.99999585,0.99998797
69.5424,1.00000000,1.00000000,1.00000000,1.00000000,1.00000000,0.99999970,0.99999603,0.99998805
69.5974,1.00000000,1.00000000,1.00000000,1.00000000,1.00000000,0.99999978,0.99999622,0.99998813
69.6524,1.00000000,1.00000000,1.00000000,1.00000000,1.00000000,0.99999984,0.99999641,0.99998819
69.7074,1.00000000,1.00000000,1.00000000,1.00000000,1.00000000,0.99999988,0.99999661,0.99998825
69.7624,1.00000000,1.00000000,1.00000000,1.00000000,1.00000000,0.99999992,0.99999680,0.99998830
69.8175,1.00000000,1.00000000,1.00000000,1.00000000,1.00000000,0.99999994,0.99999699,0.99998834
69.8725,1.00000000,1.00000000,1.00000000,1.00000000,1.00000000,0.99999996,0.99999718,0.99998837
69.9275,1.00000000,1.00000000,1.00000000,1.00000000,1.00000000,0.99999997,0.99999737,0.99998839
69.9825,1.00000000,1.00000000,1.00000000,1.00000000,1.00000000,0.99999998,0.99999755,0.99998838
70.0375,1.00000000,1.00000000,1.00000000,1.00000000,1.00000000,0.99999999,0.99999773,0.99998836
70.0925,1.00000000,1.00000000,1.00000000,1.00000000,1.00000000,0.99999999,0.99999790,0.99998833
70.1475,1.00000000,1.00000000,1.00000000,1.00000000,1.00000000,1.00000000,0.99999806,0.99998827
70.2026,1.00000000,1.00000000,1.00000000,1.00000000,1.00000000,1.00000000,0.99999822,0.99998818
70.2576,1.00000000,1.00000000,1.00000000,1.00000000,1.00000000,1.00000000,0.99999837,0.99998808
70.3126,1.00000000,1.00000000,1.00000000,1.00000000,1.00000000,1.00000000,0.99999851,0.99998794
70.3676,1.00000000,1.00000000,1.00000000,1.00000000,1.00000000,1.00000000,0.99999865,0.99998777
70.4226,1.00000000,1.00000000,1.00000000,1.00000000,1.00000000,1.00000000,0.99999877,0.99998757
70.4776,1.00000000,1.00000000,1.00000000,1.00000000,1.00000000,1.00000000,0.99999889,0.99998733
70.5326,1.00000000,1.00000000,1.00000000,1.00000000,1.00000000,1.00000000,0.99999900,0.99998705
70.5876,1.00000000,1.00000000,1.00000000,1.00000000,1.00000000,1.00000000,0.99999910,0.99998673
70.6427,1.00000000,1.00000000,1.00000000,1.00000000,1.00000000,1.00000000,0.99999920,0.99998637
70.6977,1.00000000,1.00000000,1.00000000,1.00000000,1.00000000,1.00000000,0.99999929,0.99998595
70.7527,1.00000000,1.00000000,1.00000000,1.00000000,1.00000000,1.00000000,0.99999937,0.99998548
70.8077,1.00000000,1.00000000,1.00000000,1.00000000,1.00000000,1.00000000,0.99999944,0.99998495
70.8627,1.00000000,1.00000000,1.00000000,1.00000000,1.00000000,1.00000000,0.99999950,0.99998436
70.9177,1.00000000,1.00000000,1.00000000,1.00000000,1.00000000,1.00000000,0.99999956,0.99998370
70.9727,1.00000000,1.00000000,1.00000000,1.00000000,1.00000000,1.00000000,0.99999962,0.99998296
71.0278,1.00000000,1.00000000,1.00000000,1.00000000,1.00000000,1.00000000,0.99999966,0.99998216
71.0828,1.00000000,1.00000000,1.00000000,1.00000000,1.00000000,1.00000000,0.99999971,0.99998127
71.1378,1.00000000,1.00000000,1.00000000,1.00000000,1.00000000,1.00000000,0.99999975,0.99998029
71.1928,1.00000000,1.00000000,1.00000000,1.00000000,1.00000000,1.00000000,0.99999978,0.99997921
71.2478,1.00000000,1.00000000,1.00000000,1.00000000,1.00000000,1.00000000,0.99999981,0.99997804
71.3028,1.00000000,1.00000000,1.00000000,1.00000000,1.00000000,1.00000000,0.99999984,0.99997677
71.3578,1.00000000,1.00000000,1.00000000,1.00000000,1.00000000,1.00000000,0.99999986,0.99997538
71.4129,1.00000000,1.00000000,1.00000000,1.00000000,1.00000000,1.00000000,0.99999988,0.99997387
71.4679,1.00000000,1.00000000,1.00000000,1.00000000,1.00000000,1.00000000,0.99999990,0.99997223
71.5229,1.00000000,1.00000000,1.00000000,1.00000000,1.00000000,1.00000000,0.99999991,0.99997046
71.5779,1.00000000,1.00000000,1.00000000,1.00000000,1.00000000,1.00000000,0.99999993,0.99996855
71.6329,1.00000000,1.00000000,1.00000000,1.00000000,1.00000000,1.00000000,0.99999994,0.99996649
71.6879,1.00000000,1.00000000,1.00000000,1.00000000,1.00000000,1.00000000,0.99999995,0.99996427
71.7429,1.00000000,1.00000000,1.00000000,1.00000000,1.00000000,1.00000000,0.99999995,0.99996189
71.7979,1.00000000,1.00000000,1.00000000,1.00000000,1.00000000,1.00000000,0.99999996,0.99995933
71.8530,1.00000000,1.00000000,1.00000000,1.00000000,1.00000000,1.00000000,0.99999997,0.99995658
71.9080,1.00000000,1.00000000,1.00000000,1.00000000,1.00000000,1.00000000,0.99999997,0.99995364
71.9630,1.00000000,1.00000000,1.00000000,1.00000000,1.00000000,1.00000000,0.99999997,0.99995050
72.0180,1.00000000,1.00000000,1.00000000,1.00000000,1.00000000,1.00000000,0.99999998,0.99994714
72.0730,1.00000000,1.00000000,1.00000000,1.00000000,1.00000000,1.00000000,0.99999998,0.99994355
72.1280,1.00000000,1.00000000,1.00000000,1.00000000,1.00000000,1.00000000,0.99999998,0.99993973
72.1830,1.00000000,1.00000000,1.00000000,1.00000000,1.00000000,1.00000000,0.99999998,0.99993567
72.2381,1.00000000,1.00000000,1.00000000,1.00000000,1.00000000,1.00000000,0.99999997,0.99993134
72.2931,1.00000000,1.00000000,1.00000000,1.00000000,1.00000000,1.00000000,0.99999997,0.99992675
72.3481,1.00000000,1.00000000,1.00000000,1.00000000,1.00000000,1.00000000,0.99999996,0.99992187
72.4031,1.00000000,1.00000000,1.00000000,1.00000000,1.00000000,1.00000000,0.99999996,0.99991671
72.4581,1.00000000,1.00000000,1.00000000,1.00000000,1.00000000,1.00000000,0.99999995,0.99991123
72.5131,1.00000000,1.00000000,1.00000000,1.00000000,1.00000000,1.00000000,0.99999993,0.99990544
72.5681,1.00000000,1.00000000,1.00000000,1.00000000,1.00000000,1.00000000,0.99999992,0.99989931
72.6232,1.00000000,1.00000000,1.00000000,1.00000000,1.00000000,1.00000000,0.99999990,0.99989284
72.6782,1.00000000,1.00000000,1.00000000,1.00000000,1.00000000,1.00000000,0.99999987,0.99988601
72.7332,1.00000000,1.00000000,1.00000000,1.00000000,1.00000000,1.00000000,0.99999984,0.99987882
72.7882,1.00000000,1.00000000,1.00000000,1.00000000,1.00000000,1.00000000,0.99999980,0.99987123
72.8432,1.00000000,1.00000000,1.00000000,1.00000000,1.00000000,1.00000000,0.99999975,0.99986325
72.8982,1.00000000,1.00000000,1.00000000,1.00000000,1.00000000,1.00000000,0.99999970,0.99985485
72.9532,1.00000000,1.00000000,1.00000000,1.00000000,1.00000000,1.00000000,0.99999963,0.99984603
73.0083,1.00000000,1.00000000,1.00000000,1.00000000,1.00000000,1.00000000,0.99999954,0.99983677
73.0633,1.00000000,1.00000000,1.00000000,1.00000000,1.00000000,1.00000000,0.99999944,0.99982705
73.1183,1.00000000,1.00000000,1.00000000,1.00000000,1.00000000,1.00000000,0.99999932,0.99981686
73.1733,1.00000000,1.00000000,1.00000000,1.00000000,1.00000000,1.00000000,0.99999917,0.99980618
73.2283,1.00000000,1.00000000,1.00000000,1.00000000,1.00000000,1.00000000,0.99999900,0.99979501
73.2833,1.00000000,1.00000000,1.00000000,1.00000000,1.00000000,1.00000000,0.99999879,0.99978332
73.3383,1.00000000,1.00000000,1.00000000,1.00000000,1.00000000,1.00000000,0.99999854,0.99977110
73.3933,1.00000000,1.00000000,1.00000000,1.00000000,1.00000000,1.00000000,0.99999825,0.99975834
73.4484,1.00000000,1.00000000,1.00000000,1.00000000,1.00000000,1.00000000,0.99999791,0.99974501
73.5034,1.00000000,1.00000000,1.00000000,1.00000000,1.00000000,1.00000000,0.99999751,0.99973111
73.5584,1.00000000,1.00000000,1.00000000,1.00000000,1.00000000,1.00000000,0.99999703,0.99971662
73.6134,1.00000000,1.00000000,1.00000000,1.00000000,1.00000000,1.00000000,0.99999648,0.99970153
73.6684,1.00000000,1.00000000,1.00000000,1.00000000,1.00000000,1.00000000,0.99999584,0.99968581
73.7234,1.00000000,1.00000000,1.00000000,1.00000000,1.00000000,1.00000000,0.99999510,0.99966945
73.7784,1.00000000,1.00000000,1.00000000,1.00000000,1.00000000,1.00000000,0.99999424,0.99965245
73.8335,1.00000000,1.00000000,1.00000000,1.00000000,1.00000000,1.00000000,0.99999325,0.99963477
73.8885,1.00000000,1.00000000,1.00000000,1.00000000,1.00000000,1.00000000,0.99999212,0.99961640
73.9435,1.00000000,1.00000000,1.00000000,1.00000000,1.00000000,1.00000000,0.99999082,0.99959734
73.9985,1.00000000,1.00000000,1.00000000,1.00000000,1.00000000,1.00000000,0.99998934,0.99957756
74.0535,1.00000000,1.00000000,1.00000000,1.00000000,1.00000000,1.00000000,0.99998766,0.99955704
74.1085,1.00000000,1.00000000,1.00000000,1.00000000,1.00000000,1.00000000,0.99998575,0.99953576
74.1635,1.00000000,1.00000000,1.00000000,1.00000000,1.00000000,1.00000000,0.99998360,0.99951372
74.2186,1.00000000,1.00000000,1.00000000,1.00000000,1.00000000,1.00000000,0.99998118,0.99949089
74.2736,1.00000000,1.00000000,1.00000000,1.00000000,1.00000000,1.00000000,0.99997846,0.99946726
74.3286,1.00000000,1.00000000,1.00000000,1.00000000,1.00000000,1.00000000,0.99997542,0.99944280
74.3836,1.00000000,1.00000000,1.00000000,1.00000000,1.00000000,1.00000000,0.99997204,0.99941749
74.4386,1.00000000,1.00000000,1.00000000,1.00000000,1.00000000,1.00000000,0.99996828,0.99939132
74.4936,1.00000000,1.00000000,1.00000000,1.00000000,1.00000000,1.00000000,0.99996412,0.99936427
74.5486,1.00000000,1.00000000,1.00000000,1.00000000,1.00000000,1.00000000,0.99995952,0.99933631
74.6037,1.00000000,1.00000000,1.00000000,1.00000000,1.00000000,1.00000000,0.99995447,0.99930742
74.6587,1.00000000,1.00000000,1.00000000,1.00000000,1.00000000,0.99999999,0.99994894,0.99927758
74.7137,1.00000000,1.00000000,1.00000000,1.00000000,1.00000000,0.99999999,0.99994289,0.99924677
74.7687,1.00000000,1.00000000,1.00000000,1.00000000,1.00000000,0.99999998,0.99993630,0.99921496
74.8237,1.00000000,1.00000000,1.00000000,1.00000000,1.00000000,0.99999996,0.99992916,0.99918213
74.8787,1.00000000,1.00000000,1.00000000,1.00000000,1.00000000,0.99999993,0.99992143,0.99914825
74.9337,1.00000000,1.00000000,1.00000000,1.00000000,1.00000000,0.99999988,0.99991309,0.99911329
74.9887,1.00000000,1.00000000,1.00000000,1.00000000,1.00000000,0.99999981,0.99990414,0.99907722
75.0438,1.00000000,1.00000000,1.00000000,1.00000000,1.00000000,0.99999969,0.99989456,0.99904002
75.0988,1.00000000,1.00000000,1.00000000,1.00000000,1.00000000,0.99999952,0.99988433,0.99900165
75.1538,1.00000000,1.00000000,1.00000000,1.00000000,1.00000000,0.99999926,0.99987345,0.99896208
75.2088,1.00000000,1.00000000,1.00000000,1.00000000,1.00000000,0.99999888,0.99986193,0.99892128
75.2638,1.00000000,1.00000000,1.00000000,1.00000000,1.00000000,0.99999835,0.99984977,0.99887921
75.3188,1.00000000,1.00000000,1.00000000,1.00000000,1.00000000,0.99999761,0.99983697,0.99883584
75.3738,1.00000000,1.00000000,1.00000000,1.00000000,1.00000000,0.99999660,0.99982355,0.99879113
75.4289,1.00000000,1.00000000,1.00000000,1.00000000,1.00000000,0.99999526,0.99980953,0.99874503
75.4839,1.00000000,1.00000000,1.00000000,1.00000000,0.99999999,0.99999351,0.99979495,0.99869751
75.5389,1.00000000,1.00000000,1.00000000,1.00000000,0.99999997,0.99999129,0.99977983,0.99864853
75.5939,1.00000000,1.00000000,1.00000000,1.00000000,0.99999992,0.99998853,0.99976422,0.99859804
75.6489,1.00000000,1.00000000,1.00000000,0.99999999,0.99999981,0.99998518,0.99974816,0.99854601
75.7039,1.00000000,1.00000000,1.00000000,0.99999997,0.99999957,0.99998120,0.99973171,0.99849237
75.7589,1.00000000,1.00000000,1.00000000,0.99999990,0.99999912,0.99997659,0.99971493,0.99843710
75.8140,1.00000000,1.00000000,0.99999999,0.99999974,0.99999830,0.99997136,0.99969789,0.99838013
75.8690,1.00000000,1.00000000,0.99999995,0.99999935,0.99999693,0.99996558,0.99968065,0.99832142
75.9240,1.00000000,1.00000000,0.99999983,0.99999855,0.99999480,0.99995933,0.99966329,0.99826093
75.9790,1.00000000,1.00000000,0.99999947,0.99999706,0.99999176,0.99995274,0.99964591,0.99819860
76.0340,0.99999999,0.99999997,0.99999859,0.99999462,0.99998776,0.99994594,0.99962857,0.99813438
76.0890,0.99999993,0.99999985,0.99999684,0.99999110,0.99998297,0.99993908,0.99961138,0.99806821
76.1440,0.99999976,0.99999950,0.99999397,0.99998668,0.99997779,0.99993229,0.99959442,0.99800006
76.1990,0.99999940,0.99999876,0.99999019,0.99998194,0.99997287,0.99992568,0.99957778,0.99792987
76.2541,0.99999888,0.99999774,0.99998640,0.99997782,0.99996893,0.99991931,0.99956157,0.99785759
76.3091,0.99999847,0.99999693,0.99998391,0.99997534,0.99996662,0.99991321,0.99954587,0.99778316
76.3641,0.99999845,0.99999688,0.99998374,0.99997516,0.99996630,0.99990736,0.99953077,0.99770655
76.4191,0.99999882,0.99999762,0.99998595,0.99997730,0.99996792,0.99990169,0.99951637,0.99762769
76.4741,0.99999933,0.99999863,0.99998961,0.99998115,0.99997096,0.99989613,0.99950274,0.99754656
76.5291,0.99999971,0.99999940,0.99999342,0.99998563,0.99997454,0.99989057,0.99948996,0.99746309
76.5841,0.99999991,0.99999980,0.99999640,0.99998961,0.99997759,0.99988494,0.99947810,0.99737725
76.6392,0.99999998,0.99999995,0.99999817,0.99999214,0.99997907,0.99987920,0.99946722,0.99728899
76.6942,1.00000000,0.99999999,0.99999873,0.99999251,0.99997819,0.99987338,0.99945737,0.99719829
76.7492,0.99999999,0.99999997,0.99999799,0.99999029,0.99997458,0.99986755,0.99944860,0.99710510
76.8042,0.99999994,0.99999986,0.99999558,0.99998534,0.99996843,0.99986187,0.99944091,0.99700939
76.8592,0.99999974,0.99999943,0.99999099,0.99997803,0.99996049,0.99985653,0.99943433,0.99691114
76.9142,0.99999920,0.99999833,0.99998431,0.99996942,0.99995202,0.99985177,0.99942885,0.99681032
76.9692,0.99999825,0.99999644,0.99997686,0.99996129,0.99994456,0.99984783,0.99942444,0.99670691
77.0243,0.99999727,0.99999452,0.99997112,0.99995567,0.99993953,0.99984493,0.99942106,0.99660090
77.0793,0.99999696,0.99999392,0.99996952,0.99995412,0.99993786,0.99984326,0.99941865,0.99649229
77.1343,0.99999758,0.99999512,0.99997278,0.99995701,0.99993973,0.99984295,0.99941712,0.99638106
77.1893,0.99999862,0.99999718,0.99997941,0.99996332,0.99994445,0.99984404,0.99941636,0.99626721
77.2443,0.99999944,0.99999882,0.99998668,0.99997106,0.99995075,0.99984652,0.99941625,0.99615077
77.2993,0.99999983,0.99999964,0.99999229,0.99997802,0.99995710,0.99985031,0.99941662,0.99603174
77.3543,0.99999995,0.99999988,0.99999514,0.99998256,0.99996223,0.99985530,0.99941730,0.99591015
77.4094,0.99999991,0.99999981,0.99999517,0.99998404,0.99996544,0.99986134,0.99941809,0.99578602
77.4644,0.99999972,0.99999940,0.99999294,0.99998286,0.99996674,0.99986826,0.99941875,0.99565939
77.5194,0.99999930,0.99999857,0.99998944,0.99998020,0.99996676,0.99987588,0.99941903,0.99553030
77.5744,0.99999877,0.99999752,0.99998610,0.99997759,0.99996647,0.99988407,0.99941865,0.99539880
77.6294,0.99999845,0.99999689,0.99998440,0.99997636,0.99996681,0.99989266,0.99941731,0.99526497
77.6844,0.99999860,0.99999718,0.99998518,0.99997723,0.99996843,0.99990152,0.99941468,0.99512885
77.7394,0.99999909,0.99999816,0.99998809,0.99998013,0.99997149,0.99991053,0.99941041,0.99499052
77.7944,0.99999958,0.99999913,0.99999191,0.99998433,0.99997573,0.99991954,0.99940413,0.99485008
77.8495,0.99999986,0.99999970,0.99999535,0.99998884,0.99998060,0.99992845,0.99939546,0.99470760
77.9045,0.99999997,0.99999993,0.99999774,0.99999283,0.99998546,0.99993713,0.99938400,0.99456318
77.9595,0.99999999,0.99999999,0.99999907,0.99999584,0.99998980,0.99994546,0.99936932,0.99441694
78.0145,1.00000000,1.00000000,0.99999968,0.99999782,0.99999330,0.99995332,0.99935102,0.99426899
78.0695,1.00000000,1.00000000,0.99999990,0.99999897,0.99999588,0.99996062,0.99932867,0.99411944
78.1245,1.00000000,1.00000000,0.99999998,0.99999956,0.99999763,0.99996727,0.99930183,0.99396843
78.1795,1.00000000,1.00000000,1.00000000,0.99999983,0.99999873,0.99997322,0.99927010,0.99381608
78.2346,1.00000000,1.00000000,1.00000000,0.99999994,0.99999936,0.99997845,0.99923305,0.99366255
78.2896,1.00000000,1.00000000,1.00000000,0.99999998,0.99999970,0.99998294,0.99919030,0.99350797
78.3446,1.00000000,1.00000000,1.00000000,0.99999999,0.99999987,0.99998672,0.99914149,0.99335250
78.3996,1.00000000,1.00000000,1.00000000,1.00000000,0.99999995,0.99998984,0.99908626,0.99319630
78.4546,1.00000000,1.00000000,1.00000000,1.00000000,0.99999998,0.99999235,0.99902432,0.99303952
78.5096,1.00000000,1.00000000,1.00000000,1.00000000,0.99999999,0.99999432,0.99895542,0.99288234
78.5646,1.00000000,1.00000000,1.00000000,1.00000000,1.00000000,0.99999581,0.99887935,0.99272491
78.6197,1.00000000,1.00000000,1.00000000,1.00000000,1.00000000,0.99999689,0.99879596,0.99256742
78.6747,1.00000000,1.00000000,1.00000000,1.00000000,1.00000000,0.99999759,0.99870517,0.99241004
78.7297,1.00000000,1.00000000,1.00000000,1.00000000,1.00000000,0.99999792,0.99860699,0.99225292
78.7847,1.00000000,1.00000000,1.00000000,1.00000000,1.00000000,0.99999786,0.99850147,0.99209626
78.8397,1.00000000,1.00000000,1.00000000,1.00000000,1.00000000,0.99999733,0.99838879,0.99194022
78.8947,1.00000000,1.00000000,1.00000000,1.00000000,1.00000000,0.99999619,0.99826918,0.99178498
78.9497,1.00000000,1.00000000,1.00000000,1.00000000,1.00000000,0.99999420,0.99814299,0.99163069
79.0048,1.00000000,1.00000000,1.00000000,1.00000000,1.00000000,0.99999099,0.99801066,0.99147753
79.0598,1.00000000,1.00000000,1.00000000,1.00000000,1.00000000,0.99998606,0.99787271,0.99132565
79.1148,1.00000000,1.00000000,1.00000000,1.00000000,1.00000000,0.99997871,0.99772979,0.99117522
79.1698,1.00000000,1.00000000,1.00000000,1.00000000,1.00000000,0.99996804,0.99758261,0.99102637
79.2248,1.00000000,1.00000000,1.00000000,1.00000000,1.00000000,0.99995289,0.99743200,0.99087926
79.2798,1.00000000,1.00000000,1.00000000,1.00000000,0.99999999,0.99993188,0.99727886,0.99073401
79.3348,1.00000000,1.00000000,1.00000000,1.00000000,0.99999996,0.99990339,0.99712417,0.99059075
79.3898,1.00000000,1.00000000,1.00000000,1.00000000,0.99999988,0.99986563,0.99696899,0.99044960
79.4449,1.00000000,1.00000000,1.00000000,1.00000000,0.99999965,0.99981672,0.99681444,0.99031067
79.4999,1.00000000,1.00000000,1.00000000,0.99999998,0.99999907,0.99975484,0.99666168,0.99017404
79.5549,1.00000000,1.00000000,1.00000000,0.99999993,0.99999765,0.99967840,0.99651193,0.99003981
79.6099,1.00000000,1.00000000,1.00000000,0.99999974,0.99999445,0.99958629,0.99636639,0.98990803
79.6649,1.00000000,1.00000000,0.99999999,0.99999912,0.99998774,0.99947809,0.99622631,0.98977878
79.7199,1.00000000,1.00000000,0.99999995,0.99999730,0.99997466,0.99935432,0.99609290,0.98965210
79.7749,1.00000000,1.00000000,0.99999972,0.99999254,0.99995101,0.99921665,0.99596737,0.98952802
79.8300,1.00000000,1.00000000,0.99999874,0.99998139,0.99991140,0.99906799,0.99585086,0.98940655
79.8850,1.00000000,0.99999999,0.99999527,0.99995813,0.99985007,0.99891257,0.99574447,0.98928770
79.9400,0.99999995,0.99999988,0.99998498,0.99991498,0.99976265,0.99875575,0.99564921,0.98917146
79.9950,0.99999965,0.99999919,0.99995965,0.99984419,0.99964845,0.99860386,0.99556600,0.98905781
80.0500,0.99999819,0.99999602,0.99990830,0.99974234,0.99951285,0.99846371,0.99549568,0.98894670
80.1050,0.99999331,0.99998584,0.99982377,0.99961547,0.99936843,0.99834217,0.99543894,0.98883808
80.1600,0.99998233,0.99996363,0.99971356,0.99948214,0.99923394,0.99824562,0.99539634,0.98873189
80.2151,0.99996659,0.99993253,0.99960624,0.99937063,0.99913066,0.99817934,0.99536833,0.98862803
80.2701,0.99995483,0.99990959,0.99954221,0.99930975,0.99907701,0.99814708,0.99535519,0.98852642
80.3251,0.99995633,0.99991250,0.99954986,0.99931684,0.99908318,0.99815072,0.99535705,0.98842694
80.3801,0.99996981,0.99993884,0.99962566,0.99938984,0.99914796,0.99819004,0.99537389,0.98832948
80.4351,0.99998507,0.99996913,0.99973672,0.99950822,0.99925918,0.99826277,0.99540553,0.98823391
80.4901,0.99999472,0.99998874,0.99984339,0.99964231,0.99939737,0.99836482,0.99545166,0.98814008
80.5451,0.99999867,0.99999704,0.99992121,0.99976522,0.99954136,0.99849064,0.99551179,0.98804784
80.6002,0.99999976,0.99999944,0.99996648,0.99986094,0.99967343,0.99863371,0.99558531,0.98795702
80.6552,0.99999997,0.99999992,0.99998794,0.99992567,0.99978245,0.99878714,0.99567146,0.98786746
80.7102,1.00000000,0.99999999,0.99999633,0.99996414,0.99986441,0.99894415,0.99576939,0.98777899
80.7652,1.00000000,1.00000000,0.99999906,0.99998439,0.99992094,0.99909861,0.99587810,0.98769141
80.8202,1.00000000,1.00000000,0.99999979,0.99999387,0.99995687,0.99924536,0.99599651,0.98760455
80.8752,1.00000000,1.00000000,0.99999996,0.99999783,0.99997799,0.99938043,0.99612346,0.98751821
80.9302,1.00000000,1.00000000,0.99999999,0.99999930,0.99998949,0.99950116,0.99625772,0.98743221
80.9852,1.00000000,1.00000000,1.00000000,0.99999980,0.99999530,0.99960613,0.99639800,0.98734636
81.0403,1.00000000,1.00000000,1.00000000,0.99999995,0.99999804,0.99969502,0.99654297,0.98726045
81.0953,1.00000000,1.00000000,1.00000000,0.99999999,0.99999923,0.99976842,0.99669128,0.98717432
81.1503,1.00000000,1.00000000,1.00000000,1.00000000,0.99999972,0.99982755,0.99684157,0.98708777
81.2053,1.00000000,1.00000000,1.00000000,1.00000000,0.99999990,0.99987407,0.99699248,0.98700063
81.2603,1.00000000,1.00000000,1.00000000,1.00000000,0.99999997,0.99990982,0.99714267,0.98691273
81.3153,1.00000000,1.00000000,1.00000000,1.00000000,0.99999999,0.99993667,0.99729082,0.98682391
81.3703,1.00000000,1.00000000,1.00000000,1.00000000,1.00000000,0.99995638,0.99743563,0.98673402
81.4254,1.00000000,1.00000000,1.00000000,1.00000000,1.00000000,0.99997054,0.99757588,0.98664292
81.4804,1.00000000,1.00000000,1.00000000,1.00000000,1.00000000,0.99998049,0.99771036,0.98655049
81.5354,1.00000000,1.00000000,1.00000000,1.00000000,1.00000000,0.99998733,0.99783794,0.98645662
81.5904,1.00000000,1.00000000,1.00000000,1.00000000,1.00000000,0.99999193,0.99795755,0.98636121
81.6454,1.00000000,1.00000000,1.00000000,1.00000000,1.00000000,0.99999496,0.99806816,0.98626417
81.7004,1.00000000,1.00000000,1.00000000,1.00000000,1.00000000,0.99999691,0.99816883,0.98616546
81.7554,1.00000000,1.00000000,1.00000000,1.00000000,1.00000000,0.99999814,0.99825866,0.98606504
81.8105,1.00000000,1.00000000,1.00000000,1.00000000,1.00000000,0.99999891,0.99833683,0.98596287
81.8655,1.00000000,1.00000000,1.00000000,1.00000000,1.00000000,0.99999937,0.99840258,0.98585896
81.9205,1.00000000,1.00000000,1.00000000,1.00000000,1.00000000,0.99999964,0.99845522,0.98575333
81.9755,1.00000000,1.00000000,1.00000000,1.00000000,1.00000000,0.99999980,0.99849410,0.98564603
82.0305,1.00000000,1.00000000,1.00000000,1.00000000,1.00000000,0.99999989,0.99851866,0.98553711
82.0855,1.00000000,1.00000000,1.00000000,1.00000000,1.00000000,0.99999994,0.99852839,0.98542668
82.1405,1.00000000,1.00000000,1.00000000,1.00000000,1.00000000,0.99999997,0.99852284,0.98531483
82.1955,1.00000000,1.00000000,1.00000000,1.00000000,1.00000000,0.99999998,0.99850164,0.98520171
82.2506,1.00000000,1.00000000,1.00000000,1.00000000,1.00000000,0.99999998,0.99846446,0.98508748
82.3056,1.00000000,1.00000000,1.00000000,1.00000000,1.00000000,0.99999998,0.99841107,0.98497231
82.3606,1.00000000,1.00000000,1.00000000,1.00000000,1.00000000,0.99999996,0.99834130,0.98485641
82.4156,1.00000000,1.00000000,1.00000000,1.00000000,1.00000000,0.99999992,0.99825507,0.98474001
82.4706,1.00000000,1.00000000,1.00000000,1.00000000,1.00000000,0.99999985,0.99815236,0.98462335
82.5256,1.00000000,1.00000000,1.00000000,1.00000000,1.00000000,0.99999973,0.99803328,0.98450670
82.5806,1.00000000,1.00000000,1.00000000,1.00000000,1.00000000,0.99999951,0.99789801,0.98439035
82.6357,1.00000000,1.00000000,1.00000000,1.00000000,1.00000000,0.99999912,0.99774685,0.98427460
82.6907,1.00000000,1.00000000,1.00000000,1.00000000,1.00000000,0.99999847,0.99758022,0.98415978
82.7457,1.00000000,1.00000000,1.00000000,1.00000000,1.00000000,0.99999738,0.99739864,0.98404624
82.8007,1.00000000,1.00000000,1.00000000,1.00000000,1.00000000,0.99999561,0.99720280,0.98393431
82.8557,1.00000000,1.00000000,1.00000000,1.00000000,1.00000000,0.99999278,0.99699347,0.98382438
82.9107,1.00000000,1.00000000,1.00000000,1.00000000,1.00000000,0.99998835,0.99677161,0.98371682
82.9657,1.00000000,1.00000000,1.00000000,1.00000000,1.00000000,0.99998157,0.99653829,0.98361203
83.0208,1.00000000,1.00000000,1.00000000,1.00000000,1.00000000,0.99997141,0.99629473,0.98351039
83.0758,1.00000000,1.00000000,1.00000000,1.00000000,1.00000000,0.99995651,0.99604230,0.98341232
83.1308,1.00000000,1.00000000,1.00000000,1.00000000,1.00000000,0.99993512,0.99578250,0.98331823
83.1858,1.00000000,1.00000000,1.00000000,1.00000000,0.99999999,0.99990508,0.99551696,0.98322853
83.2408,1.00000000,1.00000000,1.00000000,1.00000000,0.99999997,0.99986382,0.99524746,0.98314362
83.2958,1.00000000,1.00000000,1.00000000,1.00000000,0.99999989,0.99980839,0.99497585,0.98306393
83.3508,1.00000000,1.00000000,1.00000000,1.00000000,0.99999968,0.99973563,0.99470411,0.98298985
83.4059,1.00000000,1.00000000,1.00000000,0.99999999,0.99999909,0.99964229,0.99443429,0.98292180
83.4609,1.00000000,1.00000000,1.00000000,0.99999995,0.99999762,0.99952535,0.99416849,0.98286016
83.5159,1.00000000,1.00000000,1.00000000,0.99999979,0.99999416,0.99938236,0.99390887,0.98280532
83.5709,1.00000000,1.00000000,1.00000000,0.99999925,0.99998659,0.99921183,0.99365759,0.98275766
83.6259,1.00000000,1.00000000,0.99999997,0.99999755,0.99997120,0.99901367,0.99341681,0.98271753
83.6809,1.00000000,1.00000000,0.99999981,0.99999282,0.99994210,0.99878955,0.99318864,0.98268528
83.7359,1.00000000,1.00000000,0.99999908,0.99998098,0.99989110,0.99854323,0.99297514,0.98266124
83.7909,1.00000000,1.00000000,0.99999617,0.99995454,0.99980837,0.99828068,0.99277827,0.98264571
83.8460,0.99999998,0.99999994,0.99998658,0.99990195,0.99968453,0.99801006,0.99259987,0.98263899
83.9010,0.99999980,0.99999953,0.99996021,0.99980914,0.99951411,0.99774136,0.99244164,0.98264135
83.9560,0.99999876,0.99999720,0.99990023,0.99966474,0.99929982,0.99748596,0.99230510,0.98265302
84.0110,0.99999442,0.99998793,0.99978842,0.99946856,0.99905603,0.99725578,0.99219160,0.98267423
84.0660,0.99998204,0.99996247,0.99962052,0.99923979,0.99880934,0.99706244,0.99210224,0.98270517
84.1210,0.99995866,0.99991570,0.99942438,0.99901864,0.99859491,0.99691629,0.99203793,0.98274600
84.1760,0.99993195,0.99986324,0.99926155,0.99885678,0.99844869,0.99682545,0.99199931,0.98279687
84.2311,0.99991988,0.99983976,0.99919879,0.99879818,0.99839757,0.99679513,0.99198679,0.98285789
84.2861,0.99993254,0.99986440,0.99926479,0.99885986,0.99845140,0.99682708,0.99200049,0.98292913
84.3411,0.99995939,0.99991713,0.99942942,0.99902392,0.99859982,0.99691945,0.99204030,0.98301065
84.3961,0.99998251,0.99996342,0.99962550,0.99924591,0.99881557,0.99706696,0.99210583,0.98310247
84.4511,0.99999462,0.99998834,0.99979211,0.99947426,0.99906261,0.99726140,0.99219646,0.98320459
84.5061,0.99999881,0.99999732,0.99990240,0.99966923,0.99930592,0.99749239,0.99231131,0.98331695
84.5611,0.99999981,0.99999955,0.99996125,0.99981220,0.99951918,0.99774830,0.99244928,0.98343949
84.6162,0.99999998,0.99999995,0.99998699,0.99990378,0.99968837,0.99801719,0.99260906,0.98357212
84.6712,1.00000000,1.00000000,0.99999630,0.99995551,0.99981103,0.99828772,0.99278917,0.98371470
84.7262,1.00000000,1.00000000,0.99999911,0.99998144,0.99989280,0.99854994,0.99298794,0.98386707
84.7812,1.00000000,1.00000000,0.99999982,0.99999301,0.99994310,0.99879574,0.99320357,0.98402905
84.8362,1.00000000,1.00000000,0.99999997,0.99999763,0.99997175,0.99901922,0.99343416,0.98420043
84.8912,1.00000000,1.00000000,1.00000000,0.99999927,0.99998687,0.99921667,0.99367771,0.98438095
84.9462,1.00000000,1.00000000,1.00000000,0.99999980,0.99999429,0.99938646,0.99393217,0.98457036
85.0013,1.00000000,1.00000000,1.00000000,0.99999995,0.99999768,0.99952874,0.99419548,0.98476836
85.0563,1.00000000,1.00000000,1.00000000,0.99999999,0.99999912,0.99964503,0.99446556,0.98497464
85.1113,1.00000000,1.00000000,1.00000000,1.00000000,0.99999969,0.99973779,0.99474037,0.98518885
85.1663,1.00000000,1.00000000,1.00000000,1.00000000,0.99999990,0.99981006,0.99501792,0.98541065
85.2213,1.00000000,1.00000000,1.00000000,1.00000000,0.99999997,0.99986507,0.99529628,0.98563964
85.2763,1.00000000,1.00000000,1.00000000,1.00000000,0.99999999,0.99990600,0.99557365,0.98587544
85.3313,1.00000000,1.00000000,1.00000000,1.00000000,1.00000000,0.99993578,0.99584832,0.98611762
85.3863,1.00000000,1.00000000,1.00000000,1.00000000,1.00000000,0.99995697,0.99611870,0.98636578
85.4414,1.00000000,1.00000000,1.00000000,1.00000000,1.00000000,0.99997173,0.99638337,0.98661945
85.4964,1.00000000,1.00000000,1.00000000,1.00000000,1.00000000,0.99998179,0.99664103,0.98687820
85.5514,1.00000000,1.00000000,1.00000000,1.00000000,1.00000000,0.99998849,0.99689056,0.98714157
85.6064,1.00000000,1.00000000,1.00000000,1.00000000,1.00000000,0.99999287,0.99713099,0.98740907
85.6614,1.00000000,1.00000000,1.00000000,1.00000000,1.00000000,0.99999567,0.99736150,0.98768024
85.7164,1.00000000,1.00000000,1.00000000,1.00000000,1.00000000,0.99999742,0.99758145,0.98795460
85.7714,1.00000000,1.00000000,1.00000000,1.00000000,1.00000000,0.99999849,0.99779033,0.98823166
85.8265,1.00000000,1.00000000,1.00000000,1.00000000,1.00000000,0.99999914,0.99798778,0.98851095
85.8815,1.00000000,1.00000000,1.00000000,1.00000000,1.00000000,0.99999951,0.99817360,0.98879198
85.9365,1.00000000,1.00000000,1.00000000,1.00000000,1.00000000,0.99999973,0.99834769,0.98907426
85.9915,1.00000000,1.00000000,1.00000000,1.00000000,1.00000000,0.99999986,0.99851009,0.98935733
86.0465,1.00000000,1.00000000,1.00000000,1.00000000,1.00000000,0.99999992,0.99866092,0.98964070
86.1015,1.00000000,1.00000000,1.00000000,1.00000000,1.00000000,0.99999996,0.99880044,0.98992392
86.1565,1.00000000,1.00000000,1.00000000,1.00000000,1.00000000,0.99999998,0.99892894,0.99020652
86.2116,1.00000000,1.00000000,1.00000000,1.00000000,1.00000000,0.99999999,0.99904680,0.99048806
86.2666,1.00000000,1.00000000,1.00000000,1.00000000,1.00000000,1.00000000,0.99915448,0.99076810
86.3216,1.00000000,1.00000000,1.00000000,1.00000000,1.00000000,1.00000000,0.99925245,0.99104621
86.3766,1.00000000,1.00000000,1.00000000,1.00000000,1.00000000,1.00000000,0.99934124,0.99132197
86.4316,1.00000000,1.00000000,1.00000000,1.00000000,1.00000000,1.00000000,0.99942138,0.99159499
86.4866,1.00000000,1.00000000,1.00000000,1.00000000,1.00000000,1.00000000,0.99949344,0.99186488
86.5416,1.00000000,1.00000000,1.00000000,1.00000000,1.00000000,1.00000000,0.99955798,0.99213126
86.5966,1.00000000,1.00000000,1.00000000,1.00000000,1.00000000,1.00000000,0.99961556,0.99239378
86.6517,1.00000000,1.00000000,1.00000000,1.00000000,1.00000000,1.00000000,0.99966674,0.99265209
86.7067,1.00000000,1.00000000,1.00000000,1.00000000,1.00000000,1.00000000,0.99971204,0.99290588
86.7617,1.00000000,1.00000000,1.00000000,1.00000000,1.00000000,1.00000000,0.99975201,0.99315483
86.8167,1.00000000,1.00000000,1.00000000,1.00000000,1.00000000,1.00000000,0.99978713,0.99339865
86.8717,1.00000000,1.00000000,1.00000000,1.00000000,1.00000000,1.00000000,0.99981787,0.99363708
86.9267,1.00000000,1.00000000,1.00000000,1.00000000,1.00000000,1.00000000,0.99984468,0.99386984
86.9817,1.00000000,1.00000000,1.00000000,1.00000000,1.00000000,1.00000000,0.99986798,0.99409672
87.0368,1.00000000,1.00000000,1.00000000,1.00000000,1.00000000,1.00000000,0.99988815,0.99431747
87.0918,1.00000000,1.00000000,1.00000000,1.00000000,1.00000000,1.00000000,0.99990555,0.99453191
87.1468,1.00000000,1.00000000,1.00000000,1.00000000,1.00000000,1.00000000,0.99992050,0.99473985
87.2018,1.00000000,1.00000000,1.00000000,1.00000000,1.00000000,1.00000000,0.99993330,0.99494111
87.2568,1.00000000,1.00000000,1.00000000,1.00000000,1.00000000,1.00000000,0.99994422,0.99513554
87.3118,1.00000000,1.00000000,1.00000000,1.00000000,1.00000000,1.00000000,0.99995350,0.99532302
87.3668,1.00000000,1.00000000,1.00000000,1.00000000,1.00000000,1.00000000,0.99996136,0.99550340
87.4219,1.00000000,1.00000000,1.00000000,1.00000000,1.00000000,1.00000000,0.99996799,0.99567660
87.4769,1.00000000,1.00000000,1.00000000,1.00000000,1.00000000,1.00000000,0.99997355,0.99584252
87.5319,1.00000000,1.00000000,1.00000000,1.00000000,1.00000000,1.00000000,0.99997821,0.99600108
87.5869,1.00000000,1.00000000,1.00000000,1.00000000,1.00000000,1.00000000,0.99998209,0.99615223
87.6419,1.00000000,1.00000000,1.00000000,1.00000000,1.00000000,1.00000000,0.99998531,0.99629590
87.6969,1.00000000,1.00000000,1.00000000,1.00000000,1.00000000,1.00000000,0.99998796,0.99643208
87.7519,1.00000000,1.00000000,1.00000000,1.00000000,1.00000000,1.00000000,0.99999013,0.99656072
87.8070,1.00000000,1.00000000,1.00000000,1.00000000,1.00000000,1.00000000,0.99999189,0.99668182
87.8620,1.00000000,1.00000000,1.00000000,1.00000000,1.00000000,1.00000000,0.99999330,0.99679538
87.9170,1.00000000,1.00000000,1.00000000,1.00000000,1.00000000,1.00000000,0.99999442,0.99690140
87.9720,1.00000000,1.00000000,1.00000000,1.00000000,1.00000000,1.00000000,0.99999528,0.99699989
88.0270,1.00000000,1.00000000,1.00000000,1.00000000,1.00000000,1.00000000,0.99999592,0.99709090
88.0820,1.00000000,1.00000000,1.00000000,1.00000000,1.00000000,1.00000000,0.99999636,0.99717444
88.1370,1.00000000,1.00000000,1.00000000,1.00000000,1.00000000,1.00000000,0.99999663,0.99725055
88.1920,1.00000000,1.00000000,1.00000000,1.00000000,1.00000000,1.00000000,0.99999673,0.99731930
88.2471,1.00000000,1.00000000,1.00000000,1.00000000,1.00000000,1.00000000,0.99999667,0.99738072
88.3021,1.00000000,1.00000000,1.00000000,1.00000000,1.00000000,1.00000000,0.99999645,0.99743489
88.3571,1.00000000,1.00000000,1.00000000,1.00000000,1.00000000,1.00000000,0.99999608,0.99748186
88.4121,1.00000000,1.00000000,1.00000000,1.00000000,1.00000000,1.00000000,0.99999553,0.99752170
88.4671,1.00000000,1.00000000,1.00000000,1.00000000,1.00000000,1.00000000,0.99999481,0.99755450
88.5221,1.00000000,1.00000000,1.00000000,1.00000000,1.00000000,1.00000000,0.99999387,0.99758032
88.5771,1.00000000,1.00000000,1.00000000,1.00000000,1.00000000,1.00000000,0.99999272,0.99759924
88.6322,1.00000000,1.00000000,1.00000000,1.00000000,1.00000000,1.00000000,0.99999130,0.99761136
88.6872,1.00000000,1.00000000,1.00000000,1.00000000,1.00000000,1.00000000,0.99998959,0.99761676
88.7422,1.00000000,1.00000000,1.00000000,1.00000000,1.00000000,1.00000000,0.99998754,0.99761553
88.7972,1.00000000,1.00000000,1.00000000,1.00000000,1.00000000,1.00000000,0.99998510,0.99760775
88.8522,1.00000000,1.00000000,1.00000000,1.00000000,1.00000000,1.00000000,0.99998223,0.99759352
88.9072,1.00000000,1.00000000,1.00000000,1.00000000,1.00000000,1.00000000,0.99997885,0.99757294
88.9622,1.00000000,1.00000000,1.00000000,1.00000000,1.00000000,1.00000000,0.99997489,0.99754610
89.0173,1.00000000,1.00000000,1.00000000,1.00000000,1.00000000,1.00000000,0.99997028,0.99751310
89.0723,1.00000000,1.00000000,1.00000000,1.00000000,1.00000000,1.00000000,0.99996494,0.99747403
89.1273,1.00000000,1.00000000,1.00000000,1.00000000,1.00000000,1.00000000,0.99995876,0.99742899
89.1823,1.00000000,1.00000000,1.00000000,1.00000000,1.00000000,1.00000000,0.99995164,0.99737809
89.2373,1.00000000,1.00000000,1.00000000,1.00000000,1.00000000,1.00000000,0.99994349,0.99732142
89.2923,1.00000000,1.00000000,1.00000000,1.00000000,1.00000000,1.00000000,0.99993417,0.99725908
89.3473,1.00000000,1.00000000,1.00000000,1.00000000,1.00000000,1.00000000,0.99992356,0.99719118
89.4024,1.00000000,1.00000000,1.00000000,1.00000000,1.00000000,1.00000000,0.99991153,0.99711782
89.4574,1.00000000,1.00000000,1.00000000,1.00000000,1.00000000,1.00000000,0.99989794,0.99703910
89.5124,1.00000000,1.00000000,1.00000000,1.00000000,1.00000000,1.00000000,0.99988266,0.99695512
89.5674,1.00000000,1.00000000,1.00000000,1.00000000,1.00000000,1.00000000,0.99986551,0.99686599
89.6224,1.00000000,1.00000000,1.00000000,1.00000000,1.00000000,1.00000000,0.99984637,0.99677182
89.6774,1.00000000,1.00000000,1.00000000,1.00000000,1.00000000,1.00000000,0.99982508,0.99667270
89.7324,1.00000000,1.00000000,1.00000000,1.00000000,1.00000000,1.00000000,0.99980148,0.99656877
89.7874,1.00000000,1.00000000,1.00000000,1.00000000,1.00000000,1.00000000,0.99977544,0.99646011
89.8425,1.00000000,1.00000000,1.00000000,1.00000000,1.00000000,1.00000000,0.99974680,0.99634685
89.8975,1.00000000,1.00000000,1.00000000,1.00000000,1.00000000,0.99999999,0.99971544,0.99622909
89.9525,1.00000000,1.00000000,1.00000000,1.00000000,1.00000000,0.99999999,0.99968123,0.99610695
90.0075,1.00000000,1.00000000,1.00000000,1.00000000,1.00000000,0.99999998,0.99964407,0.99598055
90.0625,1.00000000,1.00000000,1.00000000,1.00000000,1.00000000,0.99999996,0.99960387,0.99585001
90.1175,1.00000000,1.00000000,1.00000000,1.00000000,1.00000000,0.99999993,0.99956055,0.99571546
90.1725,1.00000000,1.00000000,1.00000000,1.00000000,1.00000000,0.99999987,0.99951406,0.99557700
90.2276,1.00000000,1.00000000,1.00000000,1.00000000,1.00000000,0.99999977,0.99946439,0.99543478
90.2826,1.00000000,1.00000000,1.00000000,1.00000000,1.00000000,0.99999960,0.99941154,0.99528893
90.3376,1.00000000,1.00000000,1.00000000,1.00000000,1.00000000,0.99999931,0.99935554,0.99513957
90.3926,1.00000000,1.00000000,1.00000000,1.00000000,1.00000000,0.99999885,0.99929646,0.99498684
90.4476,1.00000000,1.00000000,1.00000000,1.00000000,1.00000000,0.99999810,0.99923441,0.99483089
90.5026,1.00000000,1.00000000,1.00000000,1.00000000,1.00000000,0.99999694,0.99916953,0.99467186
90.5576,1.00000000,1.00000000,1.00000000,1.00000000,1.00000000,0.99999515,0.99910198,0.99450989
90.6127,1.00000000,1.00000000,1.00000000,1.00000000,1.00000000,0.99999248,0.99903199,0.99434514
90.6677,1.00000000,1.00000000,1.00000000,1.00000000,1.00000000,0.99998855,0.99895978,0.99417777
90.7227,1.00000000,1.00000000,1.00000000,1.00000000,1.00000000,0.99998291,0.99888565,0.99400794
90.7777,1.00000000,1.00000000,1.00000000,1.00000000,1.00000000,0.99997500,0.99880989,0.99383581
90.8327,1.00000000,1.00000000,1.00000000,1.00000000,0.99999999,0.99996412,0.99873283,0.99366155
90.8877,1.00000000,1.00000000,1.00000000,1.00000000,0.99999997,0.99994950,0.99865484,0.99348534
90.9427,1.00000000,1.00000000,1.00000000,1.00000000,0.99999992,0.99993030,0.99857629,0.99330735
90.9977,1.00000000,1.00000000,1.00000000,1.00000000,0.99999976,0.99990566,0.99849755,0.99312777
91.0528,1.00000000,1.00000000,1.00000000,0.99999999,0.99999938,0.99987479,0.99841902,0.99294679
91.1078,1.00000000,1.00000000,1.00000000,0.99999995,0.99999847,0.99983702,0.99834107,0.99276460
91.1628,1.00000000,1.00000000,1.00000000,0.99999980,0.99999649,0.99979196,0.99826410,0.99258139
91.2178,1.00000000,1.00000000,0.99999999,0.99999936,0.99999245,0.99973958,0.99818844,0.99239739
91.2728,1.00000000,1.00000000,0.99999995,0.99999813,0.99998481,0.99968032,0.99811444,0.99221278
91.3278,1.00000000,1.00000000,0.99999976,0.99999503,0.99997141,0.99961515,0.99804240,0.99202778
91.3828,1.00000000,1.00000000,0.99999901,0.99998811,0.99994964,0.99954566,0.99797256,0.99184262
91.4379,0.99999999,0.99999999,0.99999651,0.99997430,0.99991702,0.99947400,0.99790514,0.99165751
91.4929,0.99999995,0.99999988,0.99998962,0.99994991,0.99987206,0.99940280,0.99784029,0.99147268
91.5479,0.99999968,0.99999928,0.99997390,0.99991187,0.99981546,0.99933508,0.99777809,0.99128836
91.6029,0.99999855,0.99999686,0.99994451,0.99986009,0.99975096,0.99927399,0.99771858,0.99110479
91.6579,0.99999531,0.99999020,0.99990023,0.99979956,0.99968556,0.99922261,0.99766170,0.99092220
91.7129,0.99998916,0.99997789,0.99984829,0.99974086,0.99962857,0.99918370,0.99760733,0.99074084
91.7679,0.99998206,0.99996395,0.99980489,0.99969766,0.99958951,0.99915941,0.99755530,0.99056095
91.8230,0.99997878,0.99995756,0.99978778,0.99968168,0.99957557,0.99915114,0.99750532,0.99038278
91.8780,0.99998204,0.99996391,0.99980478,0.99969755,0.99958942,0.99915936,0.99745707,0.99020659
91.9330,0.99998913,0.99997784,0.99984812,0.99974068,0.99962841,0.99918359,0.99741016,0.99003263
91.9880,0.99999530,0.99999017,0.99990006,0.99979935,0.99968535,0.99922246,0.99736412,0.98986115
92.0430,0.99999855,0.99999685,0.99994439,0.99985990,0.99975074,0.99927379,0.99731844,0.98969241
92.0980,0.99999968,0.99999927,0.99997383,0.99991172,0.99981525,0.99933485,0.99727259,0.98952668
92.1530,0.99999995,0.99999988,0.99998958,0.99994980,0.99987189,0.99940254,0.99722597,0.98936420
92.2081,0.99999999,0.99999999,0.99999649,0.99997424,0.99991689,0.99947371,0.99717798,0.98920525
92.2631,1.00000000,1.00000000,0.99999900,0.99998807,0.99994955,0.99954534,0.99712803,0.98905007
92.3181,1.00000000,1.00000000,0.99999976,0.99999502,0.99997135,0.99961476,0.99707552,0.98889894
92.3731,1.00000000,1.00000000,0.99999995,0.99999812,0.99998478,0.99967981,0.99701988,0.98875210
92.4281,1.00000000,1.00000000,0.99999999,0.99999936,0.99999243,0.99973886,0.99696057,0.98860981
92.4831,1.00000000,1.00000000,1.00000000,0.99999980,0.99999648,0.99979086,0.99689712,0.98847232
92.5381,1.00000000,1.00000000,1.00000000,0.99999995,0.99999847,0.99983528,0.99682912,0.98833989
92.5931,1.00000000,1.00000000,1.00000000,0.99999999,0.99999938,0.99987197,0.99675624,0.98821276
92.6482,1.00000000,1.00000000,1.00000000,1.00000000,0.99999976,0.99990112,0.99667825,0.98809116
92.7032,1.00000000,1.00000000,1.00000000,1.00000000,0.99999992,0.99992303,0.99659503,0.98797534
92.7582,1.00000000,1.00000000,1.00000000,1.00000000,0.99999997,0.99993803,0.99650657,0.98786551
92.8132,1.00000000,1.00000000,1.00000000,1.00000000,0.99999999,0.99994633,0.99641298,0.98776192
92.8682,1.00000000,1.00000000,1.00000000,1.00000000,1.00000000,0.99994791,0.99631451,0.98766476
92.9232,1.00000000,1.00000000,1.00000000,1.00000000,1.00000000,0.99994244,0.99621153,0.98757424
92.9782,1.00000000,1.00000000,1.00000000,1.00000000,0.99999999,0.99992923,0.99610456,0.98749057
93.0333,1.00000000,1.00000000,1.00000000,1.00000000,0.99999998,0.99990719,0.99599423,0.98741393
93.0883,1.00000000,1.00000000,1.00000000,1.00000000,0.99999994,0.99987491,0.99588130,0.98734449
93.1433,1.00000000,1.00000000,1.00000000,1.00000000,0.99999981,0.99983068,0.99576666,0.98728244
93.1983,1.00000000,1.00000000,1.00000000,0.99999999,0.99999947,0.99977267,0.99565128,0.98722791
93.2533,1.00000000,1.00000000,1.00000000,0.99999997,0.99999860,0.99969907,0.99553625,0.98718106
93.3083,1.00000000,1.00000000,1.00000000,0.99999988,0.99999655,0.99960839,0.99542272,0.98714201
93.3633,1.00000000,1.00000000,1.00000000,0.99999957,0.99999201,0.99949967,0.99531190,0.98711088
93.4184,1.00000000,1.00000000,0.99999998,0.99999859,0.99998271,0.99937279,0.99520506,0.98708778
93.4734,1.00000000,1.00000000,0.99999990,0.99999583,0.99996499,0.99922877,0.99510346,0.98707279
93.5284,1.00000000,1.00000000,0.99999949,0.99998883,0.99993367,0.99906991,0.99500839,0.98706599
93.5834,1.00000000,1.00000000,0.99999785,0.99997299,0.99988242,0.99889996,0.99492110,0.98706743
93.6384,0.99999999,0.99999997,0.99999233,0.99994107,0.99980500,0.99872408,0.99484281,0.98707716
93.6934,0.99999990,0.99999975,0.99997684,0.99988399,0.99969744,0.99854868,0.99477467,0.98709521
93.7484,0.99999933,0.99999848,0.99994084,0.99979389,0.99956079,0.99838108,0.99471774,0.98712158
93.8035,0.99999687,0.99999321,0.99987219,0.99966955,0.99940349,0.99822904,0.99467299,0.98715627
93.8585,0.99998956,0.99997810,0.99976649,0.99952190,0.99924205,0.99810018,0.99464127,0.98719926
93.9135,0.99997505,0.99994901,0.99963918,0.99937578,0.99909894,0.99800135,0.99462329,0.98725050
93.9685,0.99995738,0.99991424,0.99952846,0.99926452,0.99899782,0.99793803,0.99461961,0.98730995
94.0235,0.99994792,0.99989584,0.99947883,0.99921800,0.99895715,0.99791384,0.99463065,0.98737752
94.0785,0.99995450,0.99990863,0.99951282,0.99924967,0.99898474,0.99793018,0.99465666,0.98745314
94.1335,0.99997157,0.99994212,0.99961485,0.99935030,0.99907527,0.99798609,0.99469771,0.98753668
94.1885,0.99998730,0.99997351,0.99974248,0.99949234,0.99921198,0.99807839,0.99475373,0.98762803
94.2436,0.99999594,0.99999125,0.99985437,0.99964203,0.99937173,0.99820190,0.99482445,0.98772705
94.2986,0.99999907,0.99999791,0.99993035,0.99977221,0.99953137,0.99835001,0.99490947,0.98783358
94.3536,0.99999985,0.99999964,0.99997183,0.99986920,0.99967296,0.99851519,0.99500822,0.98794746
94.4086,0.99999998,0.99999996,0.99999036,0.99993222,0.99978647,0.99868968,0.99512000,0.98806850
94.4636,1.00000000,1.00000000,0.99999721,0.99996830,0.99986957,0.99886601,0.99524397,0.98819649
94.5186,1.00000000,1.00000000,0.99999932,0.99998662,0.99992546,0.99903760,0.99537918,0.98833123
94.5736,1.00000000,1.00000000,0.99999986,0.99999491,0.99996014,0.99919901,0.99552457,0.98847249
94.6287,1.00000000,1.00000000,0.99999998,0.99999825,0.99998006,0.99934624,0.99567900,0.98862002
94.6837,1.00000000,1.00000000,1.00000000,0.99999946,0.99999067,0.99947673,0.99584129,0.98877358
94.7387,1.00000000,1.00000000,1.00000000,0.99999985,0.99999591,0.99958927,0.99601019,0.98893291
94.7937,1.00000000,1.00000000,1.00000000,0.99999996,0.99999833,0.99968384,0.99618443,0.98909772
94.8487,1.00000000,1.00000000,1.00000000,0.99999999,0.99999936,0.99976134,0.99636273,0.98926773
94.9037,1.00000000,1.00000000,1.00000000,1.00000000,0.99999977,0.99982332,0.99654381,0.98944267
94.9587,1.00000000,1.00000000,1.00000000,1.00000000,0.99999992,0.99987174,0.99672644,0.98962221
95.0138,1.00000000,1.00000000,1.00000000,1.00000000,0.99999998,0.99990869,0.99690942,0.98980607
95.0688,1.00000000,1.00000000,1.00000000,1.00000000,0.99999999,0.99993625,0.99709159,0.98999392
95.1238,1.00000000,1.00000000,1.00000000,1.00000000,1.00000000,0.99995635,0.99727188,0.99018545
95.1788,1.00000000,1.00000000,1.00000000,1.00000000,1.00000000,0.99997069,0.99744929,0.99038034
95.2338,1.00000000,1.00000000,1.00000000,1.00000000,1.00000000,0.99998070,0.99762291,0.99057826
95.2888,1.00000000,1.00000000,1.00000000,1.00000000,1.00000000,0.99998754,0.99779190,0.99077889
95.3438,1.00000000,1.00000000,1.00000000,1.00000000,1.00000000,0.99999211,0.99795556,0.99098190
95.3988,1.00000000,1.00000000,1.00000000,1.00000000,1.00000000,0.99999510,0.99811324,0.99118696
95.4539,1.00000000,1.00000000,1.00000000,1.00000000,1.00000000,0.99999702,0.99826444,0.99139375
95.5089,1.00000000,1.00000000,1.00000000,1.00000000,1.00000000,0.99999822,0.99840873,0.99160194
95.5639,1.00000000,1.00000000,1.00000000,1.00000000,1.00000000,0.99999896,0.99854578,0.99181122
95.6189,1.00000000,1.00000000,1.00000000,1.00000000,1.00000000,0.99999940,0.99867537,0.99202125
95.6739,1.00000000,1.00000000,1.00000000,1.00000000,1.00000000,0.99999966,0.99879735,0.99223174
95.7289,1.00000000,1.00000000,1.00000000,1.00000000,1.00000000,0.99999981,0.99891167,0.99244237
95.7839,1.00000000,1.00000000,1.00000000,1.00000000,1.00000000,0.99999990,0.99901834,0.99265284
95.8390,1.00000000,1.00000000,1.00000000,1.00000000,1.00000000,0.99999995,0.99911745,0.99286285
95.8940,1.00000000,1.00000000,1.00000000,1.00000000,1.00000000,0.99999997,0.99920915,0.99307213
95.9490,1.00000000,1.00000000,1.00000000,1.00000000,1.00000000,0.99999999,0.99929364,0.99328038
96.0040,1.00000000,1.00000000,1.00000000,1.00000000,1.00000000,0.99999999,0.99937117,0.99348735
96.0590,1.00000000,1.00000000,1.00000000,1.00000000,1.00000000,1.00000000,0.99944202,0.99369277
96.1140,1.00000000,1.00000000,1.00000000,1.00000000,1.00000000,1.00000000,0.99950651,0.99389639
96.1690,1.00000000,1.00000000,1.00000000,1.00000000,1.00000000,1.00000000,0.99956497,0.99409797
96.2241,1.00000000,1.00000000,1.00000000,1.00000000,1.00000000,1.00000000,0.99961777,0.99429729
96.2791,1.00000000,1.00000000,1.00000000,1.00000000,1.00000000,1.00000000,0.99966525,0.99449413
96.3341,1.00000000,1.00000000,1.00000000,1.00000000,1.00000000,1.00000000,0.99970780,0.99468828
96.3891,1.00000000,1.00000000,1.00000000,1.00000000,1.00000000,1.00000000,0.99974578,0.99487956
96.4441,1.00000000,1.00000000,1.00000000,1.00000000,1.00000000,1.00000000,0.99977954,0.99506778
96.4991,1.00000000,1.00000000,1.00000000,1.00000000,1.00000000,1.00000000,0.99980945,0.99525277
96.5541,1.00000000,1.00000000,1.00000000,1.00000000,1.00000000,1.00000000,0.99983584,0.99543439
96.6092,1.00000000,1.00000000,1.00000000,1.00000000,1.00000000,1.00000000,0.99985903,0.99561249
96.6642,1.00000000,1.00000000,1.00000000,1.00000000,1.00000000,1.00000000,0.99987935,0.99578693
96.7192,1.00000000,1.00000000,1.00000000,1.00000000,1.00000000,1.00000000,0.99989708,0.99595761
96.7742,1.00000000,1.00000000,1.00000000,1.00000000,1.00000000,1.00000000,0.99991249,0.99612442
96.8292,1.00000000,1.00000000,1.00000000,1.00000000,1.00000000,1.00000000,0.99992583,0.99628726
96.8842,1.00000000,1.00000000,1.00000000,1.00000000,1.00000000,1.00000000,0.99993735,0.99644606
96.9392,1.00000000,1.00000000,1.00000000,1.00000000,1.00000000,1.00000000,0.99994725,0.99660075
96.9942,1.00000000,1.00000000,1.00000000,1.00000000,1.00000000,1.00000000,0.99995573,0.99675127
97.0493,1.00000000,1.00000000,1.00000000,1.00000000,1.00000000,1.00000000,0.99996297,0.99689758
97.1043,1.00000000,1.00000000,1.00000000,1.00000000,1.00000000,1.00000000,0.99996913,0.99703965
97.1593,1.00000000,1.00000000,1.00000000,1.00000000,1.00000000,1.00000000,0.99997435,0.99717745
97.2143,1.00000000,1.00000000,1.00000000,1.00000000,1.00000000,1.00000000,0.99997876,0.99731097
97.2693,1.00000000,1.00000000,1.00000000,1.00000000,1.00000000,1.00000000,0.99998246,0.99744021
97.3243,1.00000000,1.00000000,1.00000000,1.00000000,1.00000000,1.00000000,0.99998557,0.99756518
97.3793,1.00000000,1.00000000,1.00000000,1.00000000,1.00000000,1.00000000,0.99998817,0.99768590
97.4344,1.00000000,1.00000000,1.00000000,1.00000000,1.00000000,1.00000000,0.99999033,0.99780238
97.4894,1.00000000,1.00000000,1.00000000,1.00000000,1.00000000,1.00000000,0.99999212,0.99791466
97.5444,1.00000000,1.00000000,1.00000000,1.00000000,1.00000000,1.00000000,0.99999360,0.99802279
97.5994,1.00000000,1.00000000,1.00000000,1.00000000,1.00000000,1.00000000,0.99999482,0.99812681
97.6544,1.00000000,1.00000000,1.00000000,1.00000000,1.00000000,1.00000000,0.99999582,0.99822679
97.7094,1.00000000,1.00000000,1.00000000,1.00000000,1.00000000,1.00000000,0.99999664,0.99832277
97.7644,1.00000000,1.00000000,1.00000000,1.00000000,1.00000000,1.00000000,0.99999731,0.99841483
97.8195,1.00000000,1.00000000,1.00000000,1.00000000,1.00000000,1.00000000,0.99999785,0.99850304
97.8745,1.00000000,1.00000000,1.00000000,1.00000000,1.00000000,1.00000000,0.99999829,0.99858747
97.9295,1.00000000,1.00000000,1.00000000,1.00000000,1.00000000,1.00000000,0.99999864,0.99866822
97.9845,1.00000000,1.00000000,1.00000000,1.00000000,1.00000000,1.00000000,0.99999892,0.99874536
98.0395,1.00000000,1.00000000,1.00000000,1.00000000,1.00000000,1.00000000,0.99999915,0.99881899
98.0945,1.00000000,1.00000000,1.00000000,1.00000000,1.00000000,1.00000000,0.99999933,0.99888919
98.1495,1.00000000,1.00000000,1.00000000,1.00000000,1.00000000,1.00000000,0.99999948,0.99895607
98.2046,1.00000000,1.00000000,1.00000000,1.00000000,1.00000000,1.00000000,0.99999959,0.99901971
98.2596,1.00000000,1.00000000,1.00000000,1.00000000,1.00000000,1.00000000,0.99999968,0.99908021
98.3146,1.00000000,1.00000000,1.00000000,1.00000000,1.00000000,1.00000000,0.99999975,0.99913768
98.3696,1.00000000,1.00000000,1.00000000,1.00000000,1.00000000,1.00000000,0.99999981,0.99919221
98.4246,1.00000000,1.00000000,1.00000000,1.00000000,1.00000000,1.00000000,0.99999985,0.99924391
98.4796,1.00000000,1.00000000,1.00000000,1.00000000,1.00000000,1.00000000,0.99999989,0.99929287
98.5346,1.00000000,1.00000000,1.00000000,1.00000000,1.00000000,1.00000000,0.99999991,0.99933920
98.5896,1.00000000,1.00000000,1.00000000,1.00000000,1.00000000,1.00000000,0.99999993,0.99938299
98.6447,1.00000000,1.00000000,1.00000000,1.00000000,1.00000000,1.00000000,0.99999995,0.99942435
98.6997,1.00000000,1.00000000,1.00000000,1.00000000,1.00000000,1.00000000,0.99999996,0.99946337
98.7547,1.00000000,1.00000000,1.00000000,1.00000000,1.00000000,1.00000000,0.99999997,0.99950016
98.8097,1.00000000,1.00000000,1.00000000,1.00000000,1.00000000,1.00000000,0.99999998,0.99953480
98.8647,1.00000000,1.00000000,1.00000000,1.00000000,1.00000000,1.00000000,0.99999998,0.99956739
98.9197,1.00000000,1.00000000,1.00000000,1.00000000,1.00000000,1.00000000,0.99999999,0.99959803
98.9747,1.00000000,1.00000000,1.00000000,1.00000000,1.00000000,1.00000000,0.99999999,0.99962680
99.0298,1.00000000,1.00000000,1.00000000,1.00000000,1.00000000,1.00000000,0.99999999,0.99965380
99.0848,1.00000000,1.00000000,1.00000000,1.00000000,1.00000000,1.00000000,1.00000000,0.99967910
99.1398,1.00000000,1.00000000,1.00000000,1.00000000,1.00000000,1.00000000,1.00000000,0.99970280
99.1948,1.00000000,1.00000000,1.00000000,1.00000000,1.00000000,1.00000000,1.00000000,0.99972497
99.2498,1.00000000,1.00000000,1.00000000,1.00000000,1.00000000,1.00000000,1.00000000,0.99974569
99.3048,1.00000000,1.00000000,1.00000000,1.00000000,1.00000000,1.00000000,1.00000000,0.99976505
99.3598,1.00000000,1.00000000,1.00000000,1.00000000,1.00000000,1.00000000,1.00000000,0.99978311
99.4149,1.00000000,1.00000000,1.00000000,1.00000000,1.00000000,1.00000000,1.00000000,0.99979995
99.4699,1.00000000,1.00000000,1.00000000,1.00000000,1.00000000,1.00000000,1.00000000,0.99981562
99.5249,1.00000000,1.00000000,1.00000000,1.00000000,1.00000000,1.00000000,1.00000000,0.99983021
99.5799,1.00000000,1.00000000,1.00000000,1.00000000,1.00000000,1.00000000,1.00000000,0.99984378
99.6349,1.00000000,1.00000000,1.00000000,1.00000000,1.00000000,1.00000000,1.00000000,0.99985637
99.6899,1.00000000,1.00000000,1.00000000,1.00000000,1.00000000,1.00000000,1.00000000,0.99986806
99.7449,1.00000000,1.00000000,1.00000000,1.00000000,1.00000000,1.00000000,1.00000000,0.99987890
99.7999,1.00000000,1.00000000,1.00000000,1.00000000,1.00000000,1.00000000,1.00000000,0.99988894
99.8550,1.00000000,1.00000000,1.00000000,1.00000000,1.00000000,1.00000000,1.00000000,0.99989823
99.9100,1.00000000,1.00000000,1.00000000,1.00000000,1.00000000,1.00000000,1.00000000,0.99990682
99.9650,1.00000000,1.00000000,1.00000000,1.00000000,1.00000000,1.00000000,1.00000000,0.99991475
100.0200,1.00000000,1.00000000,1.00000000,1.00000000,1.00000000,1.00000000,1.00000000,0.99992207
100.0750,1.00000000,1.00000000,1.00000000,1.00000000,1.00000000,1.00000000,1.00000000,0.99992882
100.1300,1.00000000,1.00000000,1.00000000,1.00000000,1.00000000,1.00000000,1.00000000,0.99993504
100.1850,1.00000000,1.00000000,1.00000000,1.00000000,1.00000000,1.00000000,1.00000000,0.99994077
100.2401,1.00000000,1.00000000,1.00000000,1.00000000,1.00000000,1.00000000,1.00000000,0.99994603
100.2951,1.00000000,1.00000000,1.00000000,1.00000000,1.00000000,1.00000000,1.00000000,0.99995087
100.3501,1.00000000,1.00000000,1.00000000,1.00000000,1.00000000,1.00000000,1.00000000,0.99995531
100.4051,1.00000000,1.00000000,1.00000000,1.00000000,1.00000000,1.00000000,1.00000000,0.99995938
100.4601,1.00000000,1.00000000,1.00000000,1.00000000,1.00000000,1.00000000,1.00000000,0.99996311
100.5151,1.00000000,1.00000000,1.00000000,1.00000000,1.00000000,1.00000000,1.00000000,0.99996652
100.5701,1.00000000,1.00000000,1.00000000,1.00000000,1.00000000,1.00000000,1.00000000,0.99996965
100.6252,1.00000000,1.00000000,1.00000000,1.00000000,1.00000000,1.00000000,1.00000000,0.99997250
100.6802,1.00000000,1.00000000,1.00000000,1.00000000,1.00000000,1.00000000,1.00000000,0.99997511
100.7352,1.00000000,1.00000000,1.00000000,1.00000000,1.00000000,1.00000000,1.00000000,0.99997748
100.7902,1.00000000,1.00000000,1.00000000,1.00000000,1.00000000,1.00000000,1.00000000,0.99997965
100.8452,1.00000000,1.00000000,1.00000000,1.00000000,1.00000000,1.00000000,1.00000000,0.99998162
100.9002,1.00000000,1.00000000,1.00000000,1.00000000,1.00000000,1.00000000,1.00000000,0.99998341
100.9552,1.00000000,1.00000000,1.00000000,1.00000000,1.00000000,1.00000000,1.00000000,0.99998504
101.0103,1.00000000,1.00000000,1.00000000,1.00000000,1.00000000,1.00000000,1.00000000,0.99998652
101.0653,1.00000000,1.00000000,1.00000000,1.00000000,1.00000000,1.00000000,1.00000000,0.99998787
101.1203,1.00000000,1.00000000,1.00000000,1.00000000,1.00000000,1.00000000,1.00000000,0.99998908
101.1753,1.00000000,1.00000000,1.00000000,1.00000000,1.00000000,1.00000000,1.00000000,0.99999018
101.2303,1.00000000,1.00000000,1.00000000,1.00000000,1.00000000,1.00000000,1.00000000,0.99999118
101.2853,1.00000000,1.00000000,1.00000000,1.00000000,1.00000000,1.00000000,1.00000000,0.99999208
101.3403,1.00000000,1.00000000,1.00000000,1.00000000,1.00000000,1.00000000,1.00000000,0.99999289
101.3953,1.00000000,1.00000000,1.00000000,1.00000000,1.00000000,1.00000000,1.00000000,0.99999362
101.4504,1.00000000,1.00000000,1.00000000,1.00000000,1.00000000,1.00000000,1.00000000,0.99999428
101.5054,1.00000000,1.00000000,1.00000000,1.00000000,1.00000000,1.00000000,1.00000000,0.99999487
101.5604,1.00000000,1.00000000,1.00000000,1.00000000,1.00000000,1.00000000,1.00000000,0.99999540
101.6154,1.00000000,1.00000000,1.00000000,1.00000000,1.00000000,1.00000000,1.00000000,0.99999588
101.6704,1.00000000,1.00000000,1.00000000,1.00000000,1.00000000,1.00000000,1.00000000,0.99999631
101.7254,1.00000000,1.00000000,1.00000000,1.00000000,1.00000000,1.00000000,1.00000000,0.99999669
101.7804,1.00000000,1.00000000,1.00000000,1.00000000,1.00000000,1.00000000,1.00000000,0.99999703
101.8355,1.00000000,1.00000000,1.00000000,1.00000000,1.00000000,1.00000000,1.00000000,0.99999733
101.8905,1.00000000,1.00000000,1.00000000,1.00000000,1.00000000,1.00000000,1.00000000,0.99999760
101.9455,1.00000000,1.00000000,1.00000000,1.00000000,1.00000000,1.00000000,1.00000000,0.99999784
102.0005,1.00000000,1.00000000,1.00000000,1.00000000,1.00000000,1.00000000,1.00000000,0.99999805
102.0555,1.00000000,1.00000000,1.00000000,1.00000000,1.00000000,1.00000000,1.00000000,0.99999824
102.1105,1.00000000,1.00000000,1.00000000,1.00000000,1.00000000,1.00000000,1.00000000,0.99999840
102.1655,1.00000000,1.00000000,1.00000000,1.00000000,1.00000000,1.00000000,1.00000000,0.99999854
102.2206,1.00000000,1.00000000,1.00000000,1.00000000,1.00000000,1.00000000,1.00000000,0.99999867
102.2756,1.00000000,1.00000000,1.00000000,1.00000000,1.00000000,1.00000000,1.00000000,0.99999877
102.3306,1.00000000,1.00000000,1.00000000,1.00000000,1.00000000,1.00000000,1.00000000,0.99999886
102.3856,1.00000000,1.00000000,1.00000000,1.00000000,1.00000000,1.00000000,1.00000000,0.99999894
102.4406,1.00000000,1.00000000,1.00000000,1.00000000,1.00000000,1.00000000,1.00000000,0.99999900
102.4956,1.00000000,1.00000000,1.00000000,1.00000000,1.00000000,1.00000000,1.00000000,0.99999905
102.5506,1.00000000,1.00000000,1.00000000,1.00000000,1.00000000,1.00000000,1.00000000,0.99999909
102.6057,1.00000000,1.00000000,1.00000000,1.00000000,1.00000000,1.00000000,1.00000000,0.99999912
102.6607,1.00000000,1.00000000,1.00000000,1.00000000,1.00000000,1.00000000,1.00000000,0.99999914
102.7157,1.00000000,1.00000000,1.00000000,1.00000000,1.00000000,1.00000000,1.00000000,0.99999915
102.7707,1.00000000,1.00000000,1.00000000,1.00000000,1.00000000,1.00000000,1.00000000,0.99999916
102.8257,1.00000000,1.00000000,1.00000000,1.00000000,1.00000000,1.00000000,1.00000000,0.99999915
102.8807,1.00000000,1.00000000,1.00000000,1.00000000,1.00000000,1.00000000,1.00000000,0.99999914
102.9357,1.00000000,1.00000000,1.00000000,1.00000000,1.00000000,1.00000000,1.00000000,0.99999912
102.9907,1.00000000,1.00000000,1.00000000,1.00000000,1.00000000,1.00000000,1.00000000,0.99999909
103.0458,1.00000000,1.00000000,1.00000000,1.00000000,1.00000000,1.00000000,1.00000000,0.99999906
103.1008,1.00000000,1.00000000,1.00000000,1.00000000,1.00000000,1.00000000,1.00000000,0.99999902
103.1558,1.00000000,1.00000000,1.00000000,1.00000000,1.00000000,1.00000000,1.00000000,0.99999898
103.2108,1.00000000,1.00000000,1.00000000,1.00000000,1.00000000,1.00000000,1.00000000,0.99999893
103.2658,1.00000000,1.00000000,1.00000000,1.00000000,1.00000000,1.00000000,1.00000000,0.99999887
103.3208,1.00000000,1.00000000,1.00000000,1.00000000,1.00000000,1.00000000,1.00000000,0.99999881
103.3758,1.00000000,1.00000000,1.00000000,1.00000000,1.00000000,1.00000000,1.00000000,0.99999874
103.4309,1.00000000,1.00000000,1.00000000,1.00000000,1.00000000,1.00000000,1.00000000,0.99999866
103.4859,1.00000000,1.00000000,1.00000000,1.00000000,1.00000000,1.00000000,1.00000000,0.99999858
103.5409,1.00000000,1.00000000,1.00000000,1.00000000,1.00000000,1.00000000,1.00000000,0.99999849
103.5959,1.00000000,1.00000000,1.00000000,1.00000000,1.00000000,1.00000000,1.00000000,0.99999840
103.6509,1.00000000,1.00000000,1.00000000,1.00000000,1.00000000,1.00000000,1.00000000,0.99999830
103.7059,1.00000000,1.00000000,1.00000000,1.00000000,1.00000000,1.00000000,1.00000000,0.99999820
103.7609,1.00000000,1.00000000,1.00000000,1.00000000,1.00000000,1.00000000,1.00000000,0.99999808
103.8160,1.00000000,1.00000000,1.00000000,1.00000000,1.00000000,1.00000000,1.00000000,0.99999796
103.8710,1.00000000,1.00000000,1.00000000,1.00000000,1.00000000,1.00000000,1.00000000,0.99999784
103.9260,1.00000000,1.00000000,1.00000000,1.00000000,1.00000000,1.00000000,1.00000000,0.99999771
103.9810,1.00000000,1.00000000,1.00000000,1.00000000,1.00000000,1.00000000,1.00000000,0.99999757
104.0360,1.00000000,1.00000000,1.00000000,1.00000000,1.00000000,1.00000000,1.00000000,0.99999742
104.0910,1.00000000,1.00000000,1.00000000,1.00000000,1.00000000,1.00000000,0.99999999,0.99999727
104.1460,1.00000000,1.00000000,1.00000000,1.00000000,1.00000000,1.00000000,0.99999999,0.99999711
104.2011,1.00000000,1.00000000,1.00000000,1.00000000,1.00000000,1.00000000,0.99999999,0.99999694
104.2561,1.00000000,1.00000000,1.00000000,1.00000000,1.00000000,1.00000000,0.99999999,0.99999676
104.3111,1.00000000,1.00000000,1.00000000,1.00000000,1.00000000,1.00000000,0.99999999,0.99999658
104.3661,1.00000000,1.00000000,1.00000000,1.00000000,1.00000000,1.00000000,0.99999999,0.99999638
104.4211,1.00000000,1.00000000,1.00000000,1.00000000,1.00000000,1.00000000,0.99999998,0.99999618
104.4761,1.00000000,1.00000000,1.00000000,1.00000000,1.00000000,1.00000000,0.99999998,0.99999597
104.5311,1.00000000,1.00000000,1.00000000,1.00000000,1.00000000,1.00000000,0.99999997,0.99999576
104.5861,1.00000000,1.00000000,1.00000000,1.00000000,1.00000000,1.00000000,0.99999997,0.99999553
104.6412,1.00000000,1.00000000,1.00000000,1.00000000,1.00000000,1.00000000,0.99999996,0.99999530
104.6962,1.00000000,1.00000000,1.00000000,1.00000000,1.00000000,1.00000000,0.99999995,0.99999505
104.7512,1.00000000,1.00000000,1.00000000,1.00000000,1.00000000,1.00000000,0.99999995,0.99999480
104.8062,1.00000000,1.00000000,1.00000000,1.00000000,1.00000000,1.00000000,0.99999993,0.99999454
104.8612,1.00000000,1.00000000,1.00000000,1.00000000,1.00000000,1.00000000,0.99999992,0.99999427
104.9162,1.00000000,1.00000000,1.00000000,1.00000000,1.00000000,1.00000000,0.99999991,0.99999399
104.9712,1.00000000,1.00000000,1.00000000,1.00000000,1.00000000,1.00000000,0.99999989,0.99999370
105.0263,1.00000000,1.00000000,1.00000000,1.00000000,1.00000000,1.00000000,0.99999987,0.99999340
105.0813,1.00000000,1.00000000,1.00000000,1.00000000,1.00000000,1.00000000,0.99999985,0.99999310
105.1363,1.00000000,1.00000000,1.00000000,1.00000000,1.00000000,1.00000000,0.99999982,0.99999278
105.1913,1.00000000,1.00000000,1.00000000,1.00000000,1.00000000,1.00000000,0.99999979,0.99999246
105.2463,1.00000000,1.00000000,1.00000000,1.00000000,1.00000000,1.00000000,0.99999976,0.99999213
105.3013,1.00000000,1.00000000,1.00000000,1.00000000,1.00000000,1.00000000,0.99999972,0.99999179
105.3563,1.00000000,1.00000000,1.00000000,1.00000000,1.00000000,1.00000000,0.99999968,0.99999144
105.4114,1.00000000,1.00000000,1.00000000,1.00000000,1.00000000,1.00000000,0.99999963,0.99999108
105.4664,1.00000000,1.00000000,1.00000000,1.00000000,1.00000000,1.00000000,0.99999957,0.99999071
105.5214,1.00000000,1.00000000,1.00000000,1.00000000,1.00000000,1.00000000,0.99999951,0.99999034
105.5764,1.00000000,1.00000000,1.00000000,1.00000000,1.00000000,1.00000000,0.99999944,0.99998996
105.6314,1.00000000,1.00000000,1.00000000,1.00000000,1.00000000,1.00000000,0.99999936,0.99998957
105.6864,1.00000000,1.00000000,1.00000000,1.00000000,1.00000000,1.00000000,0.99999928,0.99998917
105.7414,1.00000000,1.00000000,1.00000000,1.00000000,1.00000000,1.00000000,0.99999918,0.99998877
105.7964,1.00000000,1.00000000,1.00000000,1.00000000,1.00000000,1.00000000,0.99999908,0.99998836
105.8515,1.00000000,1.00000000,1.00000000,1.00000000,1.00000000,1.00000000,0.99999896,0.99998794
105.9065,1.00000000,1.00000000,1.00000000,1.00000000,1.00000000,1.00000000,0.99999884,0.99998752
105.9615,1.00000000,1.00000000,1.00000000,1.00000000,1.00000000,1.00000000,0.99999870,0.99998709
106.0165,1.00000000,1.00000000,1.00000000,1.00000000,1.00000000,1.00000000,0.99999856,0.99998665
106.0715,1.00000000,1.00000000,1.00000000,1.00000000,1.00000000,1.00000000,0.99999840,0.99998622
106.1265,1.00000000,1.00000000,1.00000000,1.00000000,1.00000000,1.00000000,0.99999823,0.99998577
106.1815,1.00000000,1.00000000,1.00000000,1.00000000,1.00000000,1.00000000,0.99999805,0.99998533
106.2366,1.00000000,1.00000000,1.00000000,1.00000000,1.00000000,1.00000000,0.99999786,0.99998488
106.2916,1.00000000,1.00000000,1.00000000,1.00000000,1.00000000,1.00000000,0.99999766,0.99998442
106.3466,1.00000000,1.00000000,1.00000000,1.00000000,1.00000000,1.00000000,0.99999744,0.99998397
106.4016,1.00000000,1.00000000,1.00000000,1.00000000,1.00000000,0.99999999,0.99999721,0.99998351
106.4566,1.00000000,1.00000000,1.00000000,1.00000000,1.00000000,0.99999999,0.99999698,0.99998306
106.5116,1.00000000,1.00000000,1.00000000,1.00000000,1.00000000,0.99999998,0.99999673,0.99998260
106.5666,1.00000000,1.00000000,1.00000000,1.00000000,1.00000000,0.99999997,0.99999647,0.99998214
106.6217,1.00000000,1.00000000,1.00000000,1.00000000,1.00000000,0.99999995,0.99999620,0.99998168
106.6767,1.00000000,1.00000000,1.00000000,1.00000000,1.00000000,0.99999993,0.99999593,0.99998123
106.7317,1.00000000,1.00000000,1.00000000,1.00000000,1.00000000,0.99999990,0.99999565,0.99998077
106.7867,1.00000000,1.00000000,1.00000000,1.00000000,1.00000000,0.99999986,0.99999536,0.99998032
106.8417,1.00000000,1.00000000,1.00000000,1.00000000,1.00000000,0.99999980,0.99999507,0.99997988
106.8967,1.00000000,1.00000000,1.00000000,1.00000000,1.00000000,0.99999973,0.99999477,0.99997943
106.9517,1.00000000,1.00000000,1.00000000,1.00000000,1.00000000,0.99999963,0.99999447,0.99997899
107.0068,1.00000000,1.00000000,1.00000000,1.00000000,1.00000000,0.99999952,0.99999417,0.99997856
107.0618,1.00000000,1.00000000,1.00000000,1.00000000,0.99999999,0.99999938,0.99999387,0.99997813
107.1168,1.00000000,1.00000000,1.00000000,1.00000000,0.99999998,0.99999921,0.99999357,0.99997771
107.1718,1.00000000,1.00000000,1.00000000,1.00000000,0.99999997,0.99999902,0.99999327,0.99997730
107.2268,1.00000000,1.00000000,1.00000000,0.99999999,0.99999993,0.99999881,0.99999298,0.99997690
107.2818,1.00000000,1.00000000,1.00000000,0.99999998,0.99999988,0.99999858,0.99999269,0.99997650
107.3368,1.00000000,1.00000000,0.99999999,0.99999994,0.99999979,0.99999833,0.99999241,0.99997611
107.3918,1.00000000,1.00000000,0.99999998,0.99999988,0.99999966,0.99999809,0.99999213,0.99997574
107.4469,1.00000000,1.00000000,0.99999995,0.99999978,0.99999949,0.99999784,0.99999187,0.99997537
107.5019,1.00000000,1.00000000,0.99999988,0.99999963,0.99999928,0.99999762,0.99999161,0.99997502
107.5569,0.99999999,0.99999998,0.99999975,0.99999944,0.99999905,0.99999742,0.99999137,0.99997468
107.6119,0.99999998,0.99999995,0.99999959,0.99999922,0.99999883,0.99999726,0.99999113,0.99997435
107.6669,0.99999995,0.99999990,0.99999941,0.99999904,0.99999866,0.99999714,0.99999091,0.99997403
107.7219,0.99999993,0.99999986,0.99999929,0.99999892,0.99999855,0.99999708,0.99999069,0.99997373
107.7769,0.99999993,0.99999986,0.99999928,0.99999891,0.99999854,0.99999708,0.99999049,0.99997344
107.8320,0.99999995,0.99999989,0.99999938,0.99999901,0.99999863,0.99999712,0.99999030,0.99997317
107.8870,0.99999997,0.99999994,0.99999955,0.99999918,0.99999879,0.99999723,0.99999013,0.99997291
107.9420,0.99999999,0.99999998,0.99999972,0.99999939,0.99999900,0.99999738,0.99998996,0.99997267
107.9970,1.00000000,0.99999999,0.99999985,0.99999959,0.99999923,0.99999757,0.99998981,0.99997244
108.0520,1.00000000,1.00000000,0.99999994,0.99999975,0.99999944,0.99999778,0.99998967,0.99997223
108.1070,1.00000000,1.00000000,0.99999998,0.99999987,0.99999963,0.99999801,0.99998954,0.99997203
108.1620,1.00000000,1.00000000,0.99999999,0.99999993,0.99999976,0.99999825,0.99998942,0.99997186
108.2171,1.00000000,1.00000000,1.00000000,0.99999997,0.99999986,0.99999847,0.99998931,0.99997170
108.2721,1.00000000,1.00000000,1.00000000,0.99999999,0.99999992,0.99999868,0.99998922,0.99997156
108.3271,1.00000000,1.00000000,1.00000000,1.00000000,0.99999996,0.99999886,0.99998914,0.99997143
108.3821,1.00000000,1.00000000,1.00000000,1.00000000,0.99999998,0.99999901,0.99998906,0.99997132
108.4371,1.00000000,1.00000000,1.00000000,1.00000000,0.99999999,0.99999911,0.99998900,0.99997123
108.4921,1.00000000,1.00000000,1.00000000,1.00000000,1.00000000,0.99999917,0.99998895,0.99997116
108.5471,1.00000000,1.00000000,1.00000000,1.00000000,1.00000000,0.99999918,0.99998891,0.99997111
108.6022,1.00000000,1.00000000,1.00000000,1.00000000,1.00000000,0.99999915,0.99998889,0.99997107
108.6572,1.00000000,1.00000000,1.00000000,1.00000000,0.99999999,0.99999906,0.99998887,0.99997105
108.7122,1.00000000,1.00000000,1.00000000,1.00000000,0.99999998,0.99999893,0.99998887,0.99997105
108.7672,1.00000000,1.00000000,1.00000000,1.00000000,0.99999996,0.99999876,0.99998888,0.99997107
108.8222,1.00000000,1.00000000,1.00000000,0.99999999,0.99999992,0.99999854,0.99998890,0.99997110
108.8772,1.00000000,1.00000000,1.00000000,0.99999997,0.99999985,0.99999830,0.99998894,0.99997115
108.9322,1.00000000,1.00000000,0.99999999,0.99999993,0.99999974,0.99999804,0.99998899,0.99997122
108.9872,1.00000000,1.00000000,0.99999998,0.99999986,0.99999959,0.99999778,0.99998905,0.99997130
109.0423,1.00000000,1.00000000,0.99999993,0.99999973,0.99999939,0.99999751,0.99998913,0.99997140
109.0973,1.00000000,0.99999999,0.99999984,0.99999955,0.99999915,0.99999726,0.99998923,0.99997151
109.1523,0.99999999,0.99999998,0.99999970,0.99999933,0.99999889,0.99999705,0.99998934,0.99997164
109.2073,0.99999997,0.99999994,0.99999950,0.99999909,0.99999865,0.99999687,0.99998946,0.99997178
109.2623,0.99999994,0.99999988,0.99999931,0.99999889,0.99999846,0.99999675,0.99998961,0.99997193
109.3173,0.99999992,0.99999984,0.99999919,0.99999877,0.99999835,0.99999669,0.99998977,0.99997210
109.3723,0.99999992,0.99999984,0.99999919,0.99999877,0.99999836,0.99999669,0.99998995,0.99997228
109.4274,0.99999994,0.99999989,0.99999932,0.99999890,0.99999847,0.99999676,0.99999014,0.99997247
109.4824,0.99999997,0.99999994,0.99999951,0.99999910,0.99999866,0.99999689,0.99999035,0.99997267
109.5374,0.99999999,0.99999998,0.99999971,0.99999934,0.99999891,0.99999706,0.99999057,0.99997287
109.5924,1.00000000,0.99999999,0.99999985,0.99999957,0.99999916,0.99999729,0.99999081,0.99997309
109.6474,1.00000000,1.00000000,0.99999994,0.99999974,0.99999940,0.99999754,0.99999107,0.99997332
109.7024,1.00000000,1.00000000,0.99999998,0.99999986,0.99999960,0.99999781,0.99999134,0.99997355
109.7574,1.00000000,1.00000000,0.99999999,0.99999993,0.99999975,0.99999809,0.99999162,0.99997379
109.8125,1.00000000,1.00000000,1.00000000,0.99999997,0.99999985,0.99999837,0.99999191,0.99997403
109.8675,1.00000000,1.00000000,1.00000000,0.99999999,0.99999992,0.99999863,0.99999221,0.99997428
109.9225,1.00000000,1.00000000,1.00000000,1.00000000,0.99999996,0.99999888,0.99999252,0.99997453
109.9775,1.00000000,1.00000000,1.00000000,1.00000000,0.99999998,0.99999909,0.99999283,0.99997478
110.0325,1.00000000,1.00000000,1.00000000,1.00000000,0.99999999,0.99999928,0.99999316,0.99997503
110.0875,1.00000000,1.00000000,1.00000000,1.00000000,1.00000000,0.99999944,0.99999348,0.99997528
110.1425,1.00000000,1.00000000,1.00000000,1.00000000,1.00000000,0.99999958,0.99999381,0.99997553
110.1975,1.00000000,1.00000000,1.00000000,1.00000000,1.00000000,0.99999969,0.99999413,0.99997577
110.2526,1.00000000,1.00000000,1.00000000,1.00000000,1.00000000,0.99999977,0.99999446,0.99997602
110.3076,1.00000000,1.00000000,1.00000000,1.00000000,1.00000000,0.99999983,0.99999478,0.99997625
110.3626,1.00000000,1.00000000,1.00000000,1.00000000,1.00000000,0.99999988,0.99999510,0.99997648
110.4176,1.00000000,1.00000000,1.00000000,1.00000000,1.00000000,0.99999992,0.99999541,0.99997670
110.4726,1.00000000,1.00000000,1.00000000,1.00000000,1.00000000,0.99999995,0.99999572,0.99997692
110.5276,1.00000000,1.00000000,1.00000000,1.00000000,1.00000000,0.99999996,0.99999601,0.99997712
110.5826,1.00000000,1.00000000,1.00000000,1.00000000,1.00000000,0.99999998,0.99999630,0.99997731
110.6377,1.00000000,1.00000000,1.00000000,1.00000000,1.00000000,0.99999999,0.99999657,0.99997749
110.6927,1.00000000,1.00000000,1.00000000,1.00000000,1.00000000,0.99999999,0.99999684,0.99997765
110.7477,1.00000000,1.00000000,1.00000000,1.00000000,1.00000000,0.99999999,0.99999709,0.99997780
110.8027,1.00000000,1.00000000,1.00000000,1.00000000,1.00000000,1.00000000,0.99999733,0.99997794
110.8577,1.00000000,1.00000000,1.00000000,1.00000000,1.00000000,1.00000000,0.99999756,0.99997805
110.9127,1.00000000,1.00000000,1.00000000,1.00000000,1.00000000,1.00000000,0.99999778,0.99997815
110.9677,1.00000000,1.00000000,1.00000000,1.00000000,1.00000000,1.00000000,0.99999798,0.99997823
111.0228,1.00000000,1.00000000,1.00000000,1.00000000,1.00000000,1.00000000,0.99999816,0.99997828
111.0778,1.00000000,1.00000000,1.00000000,1.00000000,1.00000000,1.00000000,0.99999834,0.99997832
111.1328,1.00000000,1.00000000,1.00000000,1.00000000,1.00000000,1.00000000,0.99999849,0.99997833
111.1878,1.00000000,1.00000000,1.00000000,1.00000000,1.00000000,1.00000000,0.99999864,0.99997832
111.2428,1.00000000,1.00000000,1.00000000,1.00000000,1.00000000,1.00000000,0.99999877,0.99997828
111.2978,1.00000000,1.00000000,1.00000000,1.00000000,1.00000000,1.00000000,0.99999889,0.99997821
111.3528,1.00000000,1.00000000,1.00000000,1.00000000,1.00000000,1.00000000,0.99999900,0.99997812
111.4079,1.00000000,1.00000000,1.00000000,1.00000000,1.00000000,1.00000000,0.99999909,0.99997799
111.4629,1.00000000,1.00000000,1.00000000,1.00000000,1.00000000,1.00000000,0.99999917,0.99997784
111.5179,1.00000000,1.00000000,1.00000000,1.00000000,1.00000000,1.00000000,0.99999924,0.99997766
111.5729,1.00000000,1.00000000,1.00000000,1.00000000,1.00000000,1.00000000,0.99999930,0.99997744
111.6279,1.00000000,1.00000000,1.00000000,1.00000000,1.00000000,1.00000000,0.99999934,0.99997719
111.6829,1.00000000,1.00000000,1.00000000,1.00000000,1.00000000,1.00000000,0.99999937,0.99997691
111.7379,1.00000000,1.00000000,1.00000000,1.00000000,1.00000000,1.00000000,0.99999939,0.99997659
111.7929,1.00000000,1.00000000,1.00000000,1.00000000,1.00000000,1.00000000,0.99999940,0.99997624
111.8480,1.00000000,1.00000000,1.00000000,1.00000000,1.00000000,1.00000000,0.99999939,0.99997585
111.9030,1.00000000,1.00000000,1.00000000,1.00000000,1.00000000,1.00000000,0.99999937,0.99997542
111.9580,1.00000000,1.00000000,1.00000000,1.00000000,1.00000000,1.00000000,0.99999934,0.99997495
112.0130,1.00000000,1.00000000,1.00000000,1.00000000,1.00000000,1.00000000,0.99999930,0.99997444
112.0680,1.00000000,1.00000000,1.00000000,1.00000000,1.00000000,1.00000000,0.99999924,0.99997390
112.1230,1.00000000,1.00000000,1.00000000,1.00000000,1.00000000,1.00000000,0.99999916,0.99997331
112.1780,1.00000000,1.00000000,1.00000000,1.00000000,1.00000000,1.00000000,0.99999907,0.99997267
112.2331,1.00000000,1.00000000,1.00000000,1.00000000,1.00000000,1.00000000,0.99999897,0.99997200
112.2881,1.00000000,1.00000000,1.00000000,1.00000000,1.00000000,1.00000000,0.99999885,0.99997128
112.3431,1.00000000,1.00000000,1.00000000,1.00000000,1.00000000,1.00000000,0.99999871,0.99997052
112.3981,1.00000000,1.00000000,1.00000000,1.00000000,1.00000000,1.00000000,0.99999855,0.99996970
112.4531,1.00000000,1.00000000,1.00000000,1.00000000,1.00000000,1.00000000,0.99999837,0.99996885
112.5081,1.00000000,1.00000000,1.00000000,1.00000000,1.00000000,1.00000000,0.99999817,0.99996794
112.5631,1.00000000,1.00000000,1.00000000,1.00000000,1.00000000,1.00000000,0.99999795,0.99996698
112.6182,1.00000000,1.00000000,1.00000000,1.00000000,1.00000000,1.00000000,0.99999770,0.99996598
112.6732,1.00000000,1.00000000,1.00000000,1.00000000,1.00000000,1.00000000,0.99999744,0.99996492
112.7282,1.00000000,1.00000000,1.00000000,1.00000000,1.00000000,1.00000000,0.99999715,0.99996381
112.7832,1.00000000,1.00000000,1.00000000,1.00000000,1.00000000,1.00000000,0.99999683,0.99996265
112.8382,1.00000000,1.00000000,1.00000000,1.00000000,1.00000000,1.00000000,0.99999649,0.99996144
112.8932,1.00000000,1.00000000,1.00000000,1.00000000,1.00000000,1.00000000,0.99999613,0.99996016
112.9482,1.00000000,1.00000000,1.00000000,1.00000000,1.00000000,1.00000000,0.99999574,0.99995884
113.0033,1.00000000,1.00000000,1.00000000,1.00000000,1.00000000,1.00000000,0.99999532,0.99995745
113.0583,1.00000000,1.00000000,1.00000000,1.00000000,1.00000000,0.99999999,0.99999488,0.99995601
113.1133,1.00000000,1.00000000,1.00000000,1.00000000,1.00000000,0.99999999,0.99999442,0.99995450
113.1683,1.00000000,1.00000000,1.00000000,1.00000000,1.00000000,0.99999998,0.99999394,0.99995293
113.2233,1.00000000,1.00000000,1.00000000,1.00000000,1.00000000,0.99999997,0.99999343,0.99995130
113.2783,1.00000000,1.00000000,1.00000000,1.00000000,1.00000000,0.99999996,0.99999291,0.99994961
113.3333,1.00000000,1.00000000,1.00000000,1.00000000,1.00000000,0.99999994,0.99999236,0.99994785
113.3883,1.00000000,1.00000000,1.00000000,1.00000000,1.00000000,0.99999990,0.99999181,0.99994602
113.4434,1.00000000,1.00000000,1.00000000,1.00000000,1.00000000,0.99999986,0.99999123,0.99994412
113.4984,1.00000000,1.00000000,1.00000000,1.00000000,1.00000000,0.99999979,0.99999065,0.99994216
113.5534,1.00000000,1.00000000,1.00000000,1.00000000,1.00000000,0.99999970,0.99999006,0.99994012
113.6084,1.00000000,1.00000000,1.00000000,1.00000000,1.00000000,0.99999958,0.99998947,0.99993800
113.6634,1.00000000,1.00000000,1.00000000,1.00000000,1.00000000,0.99999942,0.99998888,0.99993581
113.7184,1.00000000,1.00000000,1.00000000,1.00000000,1.00000000,0.99999922,0.99998828,0.99993355
113.7734,1.00000000,1.00000000,1.00000000,1.00000000,0.99999999,0.99999897,0.99998770,0.99993120
113.8285,1.00000000,1.00000000,1.00000000,1.00000000,0.99999999,0.99999867,0.99998712,0.99992877
113.8835,1.00000000,1.00000000,1.00000000,1.00000000,0.99999997,0.99999830,0.99998656,0.99992626
113.9385,1.00000000,1.00000000,1.00000000,0.99999999,0.99999993,0.99999788,0.99998601,0.99992367
113.9935,1.00000000,1.00000000,1.00000000,0.99999998,0.99999987,0.99999741,0.99998548,0.99992098
114.0485,1.00000000,1.00000000,1.00000000,0.99999995,0.99999975,0.99999689,0.99998497,0.99991821
114.1035,1.00000000,1.00000000,0.99999999,0.99999989,0.99999957,0.99999634,0.99998449,0.99991535
114.1585,1.00000000,1.00000000,0.99999997,0.99999977,0.99999930,0.99999578,0.99998403,0.99991240
114.2136,1.00000000,1.00000000,0.99999990,0.99999956,0.99999893,0.99999523,0.99998360,0.99990935
114.2686,1.00000000,0.99999999,0.99999976,0.99999925,0.99999847,0.99999470,0.99998319,0.99990620
114.3236,0.99999999,0.99999997,0.99999951,0.99999883,0.99999796,0.99999424,0.99998282,0.99990295
114.3786,0.99999996,0.99999991,0.99999915,0.99999835,0.99999745,0.99999385,0.99998247,0.99989961
114.4336,0.99999991,0.99999981,0.99999874,0.99999790,0.99999703,0.99999356,0.99998215,0.99989616
114.4886,0.99999985,0.99999970,0.99999843,0.99999759,0.99999675,0.99999339,0.99998185,0.99989260
114.5436,0.99999983,0.99999967,0.99999834,0.99999751,0.99999668,0.99999335,0.99998158,0.99988894
114.5986,0.99999987,0.99999973,0.99999852,0.99999767,0.99999682,0.99999343,0.99998132,0.99988517
114.6537,0.99999992,0.99999985,0.99999888,0.99999804,0.99999715,0.99999364,0.99998108,0.99988129
114.7087,0.99999997,0.99999993,0.99999928,0.99999851,0.99999762,0.99999397,0.99998085,0.99987730
114.7637,0.99999999,0.99999998,0.99999961,0.99999898,0.99999813,0.99999438,0.99998062,0.99987319
114.8187,1.00000000,1.00000000,0.99999982,0.99999937,0.99999863,0.99999487,0.99998039,0.99986897
114.8737,1.00000000,1.00000000,0.99999993,0.99999965,0.99999906,0.99999541,0.99998015,0.99986464
114.9287,1.00000000,1.00000000,0.99999998,0.99999982,0.99999940,0.99999597,0.99997989,0.99986018
114.9837,1.00000000,1.00000000,0.99999999,0.99999992,0.99999964,0.99999653,0.99997961,0.99985561
115.0388,1.00000000,1.00000000,1.00000000,0.99999997,0.99999980,0.99999707,0.99997930,0.99985092
115.0938,1.00000000,1.00000000,1.00000000,0.99999999,0.99999989,0.99999757,0.99997894,0.99984611
115.1488,1.00000000,1.00000000,1.00000000,1.00000000,0.99999995,0.99999803,0.99997854,0.99984117
115.2038,1.00000000,1.00000000,1.00000000,1.00000000,0.99999998,0.99999843,0.99997808,0.99983612
115.2588,1.00000000,1.00000000,1.00000000,1.00000000,0.99999999,0.99999877,0.99997755,0.99983095
115.3138,1.00000000,1.00000000,1.00000000,1.00000000,1.00000000,0.99999906,0.99997695,0.99982565
115.3688,1.00000000,1.00000000,1.00000000,1.00000000,1.00000000,0.99999929,0.99997627,0.99982024
115.4239,1.00000000,1.00000000,1.00000000,1.00000000,1.00000000,0.99999948,0.99997550,0.99981470
115.4789,1.00000000,1.00000000,1.00000000,1.00000000,1.00000000,0.99999962,0.99997463,0.99980905
115.5339,1.00000000,1.00000000,1.00000000,1.00000000,1.00000000,0.99999973,0.99997367,0.99980328
115.5889,1.00000000,1.00000000,1.00000000,1.00000000,1.00000000,0.99999980,0.99997261,0.99979739
115.6439,1.00000000,1.00000000,1.00000000,1.00000000,1.00000000,0.99999985,0.99997144,0.99979139
115.6989,1.00000000,1.00000000,1.00000000,1.00000000,1.00000000,0.99999987,0.99997016,0.99978528
115.7539,1.00000000,1.00000000,1.00000000,1.00000000,1.00000000,0.99999988,0.99996877,0.99977905
115.8090,1.00000000,1.00000000,1.00000000,1.00000000,1.00000000,0.99999985,0.99996727,0.99977272
115.8640,1.00000000,1.00000000,1.00000000,1.00000000,1.00000000,0.99999980,0.99996567,0.99976629
115.9190,1.00000000,1.00000000,1.00000000,1.00000000,1.00000000,0.99999972,0.99996396,0.99975975
115.9740,1.00000000,1.00000000,1.00000000,1.00000000,1.00000000,0.99999959,0.99996214,0.99975312
116.0290,1.00000000,1.00000000,1.00000000,1.00000000,1.00000000,0.99999940,0.99996023,0.99974640
116.0840,1.00000000,1.00000000,1.00000000,1.00000000,1.00000000,0.99999913,0.99995822,0.99973959
116.1390,1.00000000,1.00000000,1.00000000,1.00000000,1.00000000,0.99999876,0.99995613,0.99973269
116.1940,1.00000000,1.00000000,1.00000000,1.00000000,1.00000000,0.99999827,0.99995396,0.99972573
116.2491,1.00000000,1.00000000,1.00000000,1.00000000,1.00000000,0.99999764,0.99995171,0.99971869
116.3041,1.00000000,1.00000000,1.00000000,1.00000000,0.99999999,0.99999684,0.99994939,0.99971158
116.3591,1.00000000,1.00000000,1.00000000,1.00000000,0.99999997,0.99999584,0.99994702,0.99970442
116.4141,1.00000000,1.00000000,1.00000000,1.00000000,0.99999993,0.99999463,0.99994458,0.99969721
116.4691,1.00000000,1.00000000,1.00000000,0.99999999,0.99999985,0.99999320,0.99994210,0.99968995
116.5241,1.00000000,1.00000000,1.00000000,0.99999997,0.99999969,0.99999156,0.99993958,0.99968266
116.5791,1.00000000,1.00000000,1.00000000,0.99999991,0.99999940,0.99998973,0.99993702,0.99967534
116.6342,1.00000000,1.00000000,0.99999999,0.99999978,0.99999890,0.99998775,0.99993442,0.99966800
116.6892,1.00000000,1.00000000,0.99999995,0.99999950,0.99999813,0.99998566,0.99993178,0.99966066
116.7442,1.00000000,1.00000000,0.99999983,0.99999897,0.99999701,0.99998355,0.99992912,0.99965331
116.7992,1.00000000,0.99999999,0.99999953,0.99999807,0.99999552,0.99998148,0.99992641,0.99964597
116.8542,0.99999998,0.99999996,0.99999890,0.99999676,0.99999373,0.99997956,0.99992367,0.99963866
116.9092,0.99999992,0.99999984,0.99999783,0.99999509,0.99999178,0.99997788,0.99992089,0.99963137
116.9642,0.99999979,0.99999957,0.99999638,0.99999329,0.99998993,0.99997652,0.99991805,0.99962412
117.0193,0.99999958,0.99999916,0.99999489,0.99999171,0.99998845,0.99997556,0.99991516,0.99961692
117.0743,0.99999941,0.99999881,0.99999390,0.99999076,0.99998761,0.99997505,0.99991220,0.99960979
117.1293,0.99999939,0.99999879,0.99999385,0.99999071,0.99998757,0.99997502,0.99990917,0.99960273
117.1843,0.99999956,0.99999911,0.99999475,0.99999157,0.99998833,0.99997548,0.99990605,0.99959576
117.2393,0.99999977,0.99999953,0.99999621,0.99999310,0.99998975,0.99997639,0.99990283,0.99958888
117.2943,0.99999991,0.99999982,0.99999769,0.99999490,0.99999157,0.99997771,0.99989950,0.99958211
117.3493,0.99999998,0.99999995,0.99999881,0.99999660,0.99999352,0.99997936,0.99989604,0.99957545
117.4044,1.00000000,0.99999999,0.99999948,0.99999795,0.99999534,0.99998126,0.99989245,0.99956894
117.4594,1.00000000,1.00000000,0.99999981,0.99999889,0.99999686,0.99998330,0.99988871,0.99956256
117.5144,1.00000000,1.00000000,0.99999994,0.99999946,0.99999802,0.99998540,0.99988482,0.99955634
117.5694,1.00000000,1.00000000,0.99999998,0.99999976,0.99999884,0.99998747,0.99988077,0.99955029
117.6244,1.00000000,1.00000000,1.00000000,0.99999990,0.99999936,0.99998943,0.99987654,0.99954441
117.6794,1.00000000,1.00000000,1.00000000,0.99999997,0.99999967,0.99999121,0.99987215,0.99953873
117.7344,1.00000000,1.00000000,1.00000000,0.99999999,0.99999984,0.99999277,0.99986760,0.99953325
117.7894,1.00000000,1.00000000,1.00000000,1.00000000,0.99999993,0.99999406,0.99986288,0.99952798
117.8445,1.00000000,1.00000000,1.00000000,1.00000000,0.99999997,0.99999506,0.99985801,0.99952293
117.8995,1.00000000,1.00000000,1.00000000,1.00000000,0.99999999,0.99999573,0.99985299,0.99951812
117.9545,1.00000000,1.00000000,1.00000000,1.00000000,1.00000000,0.99999605,0.99984786,0.99951356
118.0095,1.00000000,1.00000000,1.00000000,1.00000000,1.00000000,0.99999598,0.99984262,0.99950925
118.0645,1.00000000,1.00000000,1.00000000,1.00000000,1.00000000,0.99999549,0.99983731,0.99950520
118.1195,1.00000000,1.00000000,1.00000000,1.00000000,1.00000000,0.99999452,0.99983196,0.99950143
118.1745,1.00000000,1.00000000,1.00000000,1.00000000,0.99999999,0.99999301,0.99982659,0.99949794
118.2296,1.00000000,1.00000000,1.00000000,1.00000000,0.99999998,0.99999090,0.99982126,0.99949474
118.2846,1.00000000,1.00000000,1.00000000,1.00000000,0.99999995,0.99998813,0.99981599,0.99949183
118.3396,1.00000000,1.00000000,1.00000000,1.00000000,0.99999989,0.99998462,0.99981084,0.99948923
118.3946,1.00000000,1.00000000,1.00000000,0.99999999,0.99999973,0.99998035,0.99980585,0.99948694
118.4496,1.00000000,1.00000000,1.00000000,0.99999996,0.99999941,0.99997531,0.99980107,0.99948497
118.5046,1.00000000,1.00000000,1.00000000,0.99999987,0.99999878,0.99996952,0.99979655,0.99948332
118.5596,1.00000000,1.00000000,0.99999999,0.99999964,0.99999765,0.99996308,0.99979234,0.99948199
118.6147,1.00000000,1.00000000,0.99999994,0.99999910,0.99999576,0.99995613,0.99978848,0.99948100
118.6697,1.00000000,1.00000000,0.99999977,0.99999798,0.99999285,0.99994886,0.99978502,0.99948033
118.7247,1.00000000,0.99999999,0.99999927,0.99999592,0.99998871,0.99994154,0.99978200,0.99948000
118.7797,0.99999998,0.99999996,0.99999804,0.99999255,0.99998332,0.99993446,0.99977947,0.99948000
118.8347,0.99999991,0.99999980,0.99999558,0.99998773,0.99997695,0.99992794,0.99977747,0.99948034
118.8897,0.99999967,0.99999931,0.99999157,0.99998177,0.99997021,0.99992230,0.99977602,0.99948101
118.9447,0.99999915,0.99999825,0.99998639,0.99997555,0.99996396,0.99991784,0.99977515,0.99948201
118.9997,0.99999841,0.99999679,0.99998142,0.99997041,0.99995921,0.99991481,0.99977489,0.99948335
119.0548,0.99999788,0.99999575,0.99997855,0.99996769,0.99995682,0.99991337,0.99977524,0.99948502
119.1098,0.99999798,0.99999594,0.99997905,0.99996815,0.99995722,0.99991361,0.99977623,0.99948700
119.1648,0.99999862,0.99999720,0.99998270,0.99997168,0.99996035,0.99991551,0.99977785,0.99948931
119.2198,0.99999933,0.99999861,0.99998792,0.99997727,0.99996562,0.99991897,0.99978009,0.99949194
119.2748,0.99999977,0.99999950,0.99999286,0.99998354,0.99997211,0.99992380,0.99978296,0.99949487
119.3298,0.99999994,0.99999987,0.99999643,0.99998924,0.99997883,0.99992972,0.99978642,0.99949810
119.3848,0.99999999,0.99999998,0.99999849,0.99999365,0.99998497,0.99993643,0.99979046,0.99950163
119.4399,1.00000000,1.00000000,0.99999946,0.99999662,0.99999002,0.99994361,0.99979505,0.99950544
119.4949,1.00000000,1.00000000,0.99999984,0.99999838,0.99999379,0.99995095,0.99980015,0.99950953
119.5499,1.00000000,1.00000000,0.99999996,0.99999930,0.99999639,0.99995816,0.99980572,0.99951388
119.6049,1.00000000,1.00000000,0.99999999,0.99999972,0.99999804,0.99996500,0.99981173,0.99951849
119.6599,1.00000000,1.00000000,1.00000000,0.99999990,0.99999900,0.99997129,0.99981812,0.99952335
119.7149,1.00000000,1.00000000,1.00000000,0.99999997,0.99999952,0.99997690,0.99982484,0.99952843
119.7699,1.00000000,1.00000000,1.00000000,0.99999999,0.99999979,0.99998178,0.99983185,0.99953374
119.8250,1.00000000,1.00000000,1.00000000,1.00000000,0.99999991,0.99998590,0.99983908,0.99953925
119.8800,1.00000000,1.00000000,1.00000000,1.00000000,0.99999997,0.99998930,0.99984650,0.99954496
119.9350,1.00000000,1.00000000,1.00000000,1.00000000,0.99999999,0.99999204,0.99985404,0.99955085
119.9900,1.00000000,1.00000000,1.00000000,1.00000000,1.00000000,0.99999419,0.99986165,0.99955690
120.0450,1.00000000,1.00000000,1.00000000,1.00000000,1.00000000,0.99999584,0.99986928,0.99956311
120.1000,1.00000000,1.00000000,1.00000000,1.00000000,1.00000000,0.99999708,0.99987689,0.99956945
120.1550,1.00000000,1.00000000,1.00000000,1.00000000,1.00000000,0.99999799,0.99988443,0.99957591
120.2101,1.00000000,1.00000000,1.00000000,1.00000000,1.00000000,0.99999865,0.99989185,0.99958248
120.2651,1.00000000,1.00000000,1.00000000,1.00000000,1.00000000,0.99999910,0.99989911,0.99958914
120.3201,1.00000000,1.00000000,1.00000000,1.00000000,1.00000000,0.99999942,0.99990619,0.99959588
120.3751,1.00000000,1.00000000,1.00000000,1.00000000,1.00000000,0.99999963,0.99991305,0.99960268
120.4301,1.00000000,1.00000000,1.00000000,1.00000000,1.00000000,0.99999977,0.99991966,0.99960952
120.4851,1.00000000,1.00000000,1.00000000,1.00000000,1.00000000,0.99999986,0.99992601,0.99961639
120.5401,1.00000000,1.00000000,1.00000000,1.00000000,1.00000000,0.99999992,0.99993206,0.99962328
120.5951,1.00000000,1.00000000,1.00000000,1.00000000,1.00000000,0.99999995,0.99993781,0.99963016
120.6502,1.00000000,1.00000000,1.00000000,1.00000000,1.00000000,0.99999997,0.99994324,0.99963703
120.7052,1.00000000,1.00000000,1.00000000,1.00000000,1.00000000,0.99999998,0.99994835,0.99964387
120.7602,1.00000000,1.00000000,1.00000000,1.00000000,1.00000000,0.99999999,0.99995314,0.99965066
120.8152,1.00000000,1.00000000,1.00000000,1.00000000,1.00000000,1.00000000,0.99995759,0.99965740
120.8702,1.00000000,1.00000000,1.00000000,1.00000000,1.00000000,1.00000000,0.99996173,0.99966406
120.9252,1.00000000,1.00000000,1.00000000,1.00000000,1.00000000,1.00000000,0.99996554,0.99967064
120.9802,1.00000000,1.00000000,1.00000000,1.00000000,1.00000000,1.00000000,0.99996903,0.99967712
121.0353,1.00000000,1.00000000,1.00000000,1.00000000,1.00000000,1.00000000,0.99997223,0.99968349
121.0903,1.00000000,1.00000000,1.00000000,1.00000000,1.00000000,1.00000000,0.99997512,0.99968974
121.1453,1.00000000,1.00000000,1.00000000,1.00000000,1.00000000,1.00000000,0.99997773,0.99969586
121.2003,1.00000000,1.00000000,1.00000000,1.00000000,1.00000000,1.00000000,0.99998007,0.99970183
121.2553,1.00000000,1.00000000,1.00000000,1.00000000,1.00000000,1.00000000,0.99998215,0.99970766
121.3103,1.00000000,1.00000000,1.00000000,1.00000000,1.00000000,1.00000000,0.99998399,0.99971332
121.3653,1.00000000,1.00000000,1.00000000,1.00000000,1.00000000,1.00000000,0.99998559,0.99971881
121.4204,1.00000000,1.00000000,1.00000000,1.00000000,1.00000000,1.00000000,0.99998697,0.99972413
121.4754,1.00000000,1.00000000,1.00000000,1.00000000,1.00000000,1.00000000,0.99998815,0.99972926
121.5304,1.00000000,1.00000000,1.00000000,1.00000000,1.00000000,1.00000000,0.99998913,0.99973420
121.5854,1.00000000,1.00000000,1.00000000,1.00000000,1.00000000,1.00000000,0.99998992,0.99973894
121.6404,1.00000000,1.00000000,1.00000000,1.00000000,1.00000000,1.00000000,0.99999054,0.99974349
121.6954,1.00000000,1.00000000,1.00000000,1.00000000,1.00000000,1.00000000,0.99999100,0.99974783
121.7504,1.00000000,1.00000000,1.00000000,1.00000000,1.00000000,1.00000000,0.99999131,0.99975197
121.8055,1.00000000,1.00000000,1.00000000,1.00000000,1.00000000,0.99999999,0.99999146,0.99975590
121.8605,1.00000000,1.00000000,1.00000000,1.00000000,1.00000000,0.99999999,0.99999148,0.99975961
121.9155,1.00000000,1.00000000,1.00000000,1.00000000,1.00000000,0.99999998,0.99999137,0.99976312
121.9705,1.00000000,1.00000000,1.00000000,1.00000000,1.00000000,0.99999997,0.99999112,0.99976642
122.0255,1.00000000,1.00000000,1.00000000,1.00000000,1.00000000,0.99999995,0.99999075,0.99976950
122.0805,1.00000000,1.00000000,1.00000000,1.00000000,1.00000000,0.99999993,0.99999026,0.99977238
122.1355,1.00000000,1.00000000,1.00000000,1.00000000,1.00000000,0.99999990,0.99998965,0.99977504
122.1905,1.00000000,1.00000000,1.00000000,1.00000000,1.00000000,0.99999986,0.99998892,0.99977751
122.2456,1.00000000,1.00000000,1.00000000,1.00000000,1.00000000,0.99999980,0.99998807,0.99977978
122.3006,1.00000000,1.00000000,1.00000000,1.00000000,1.00000000,0.99999972,0.99998711,0.99978184
122.3556,1.00000000,1.00000000,1.00000000,1.00000000,1.00000000,0.99999963,0.99998603,0.99978372
122.4106,1.00000000,1.00000000,1.00000000,1.00000000,1.00000000,0.99999951,0.99998483,0.99978541
122.4656,1.00000000,1.00000000,1.00000000,1.00000000,0.99999999,0.99999936,0.99998351,0.99978693
122.5206,1.00000000,1.00000000,1.00000000,1.00000000,0.99999998,0.99999919,0.99998208,0.99978826
122.5756,1.00000000,1.00000000,1.00000000,1.00000000,0.99999997,0.99999899,0.99998052,0.99978944
122.6307,1.00000000,1.00000000,1.00000000,0.99999999,0.99999994,0.99999876,0.99997884,0.99979045
122.6857,1.00000000,1.00000000,1.00000000,0.99999998,0.99999988,0.99999851,0.99997703,0.99979131
122.7407,1.00000000,1.00000000,1.00000000,0.99999995,0.99999979,0.99999825,0.99997511,0.99979203
122.7957,1.00000000,1.00000000,0.99999998,0.99999989,0.99999966,0.99999798,0.99997306,0.99979261
122.8507,1.00000000,1.00000000,0.99999995,0.99999979,0.99999949,0.99999771,0.99997090,0.99979307
122.9057,1.00000000,1.00000000,0.99999989,0.99999964,0.99999927,0.99999746,0.99996861,0.99979341
122.9607,0.99999999,0.99999999,0.99999977,0.99999944,0.99999902,0.99999723,0.99996621,0.99979364
123.0158,0.99999998,0.99999996,0.99999959,0.99999921,0.99999878,0.99999703,0.99996370,0.99979378
123.0708,0.99999995,0.99999991,0.99999940,0.99999900,0.99999858,0.99999687,0.99996109,0.99979383
123.1258,0.99999993,0.99999986,0.99999925,0.99999885,0.99999845,0.99999676,0.99995838,0.99979380
123.1808,0.99999992,0.99999984,0.99999921,0.99999881,0.99999841,0.99999668,0.99995558,0.99979370
123.2358,0.99999994,0.99999987,0.99999929,0.99999889,0.99999848,0.99999664,0.99995270,0.99979355
123.2908,0.99999996,0.99999993,0.99999947,0.99999907,0.99999865,0.99999661,0.99994976,0.99979335
123.3458,0.99999999,0.99999997,0.99999966,0.99999929,0.99999887,0.99999658,0.99994677,0.99979311
123.4009,1.00000000,0.99999999,0.99999982,0.99999951,0.99999911,0.99999652,0.99994373,0.99979284
123.4559,1.00000000,1.00000000,0.99999992,0.99999970,0.99999935,0.99999639,0.99994067,0.99979255
123.5109,1.00000000,1.00000000,0.99999997,0.99999983,0.99999955,0.99999614,0.99993761,0.99979225
123.5659,1.00000000,1.00000000,0.99999999,0.99999992,0.99999971,0.99999574,0.99993456,0.99979196
123.6209,1.00000000,1.00000000,1.00000000,0.99999996,0.99999982,0.99999512,0.99993155,0.99979167
123.6759,1.00000000,1.00000000,1.00000000,0.99999998,0.99999989,0.99999426,0.99992859,0.99979141
123.7309,1.00000000,1.00000000,1.00000000,0.99999999,0.99999992,0.99999310,0.99992570,0.99979117
123.7859,1.00000000,1.00000000,1.00000000,1.00000000,0.99999990,0.99999161,0.99992291,0.99979097
123.8410,1.00000000,1.00000000,1.00000000,0.99999999,0.99999981,0.99998977,0.99992025,0.99979081
123.8960,1.00000000,1.00000000,1.00000000,0.99999997,0.99999962,0.99998759,0.99991772,0.99979071
123.9510,1.00000000,1.00000000,1.00000000,0.99999990,0.99999925,0.99998510,0.99991535,0.99979066
124.0060,1.00000000,1.00000000,0.99999999,0.99999974,0.99999860,0.99998233,0.99991317,0.99979068
124.0610,1.00000000,1.00000000,0.99999994,0.99999939,0.99999757,0.99997936,0.99991120,0.99979078
124.1160,1.00000000,1.00000000,0.99999981,0.99999872,0.99999605,0.99997630,0.99990944,0.99979095
124.1710,1.00000000,0.99999999,0.99999945,0.99999754,0.99999398,0.99997327,0.99990792,0.99979121
124.2261,0.99999998,0.99999996,0.99999867,0.99999577,0.99999143,0.99997040,0.99990666,0.99979156
124.2811,0.99999992,0.99999983,0.99999726,0.99999341,0.99998859,0.99996784,0.99990567,0.99979201
124.3361,0.99999975,0.99999949,0.99999522,0.99999075,0.99998578,0.99996572,0.99990495,0.99979255
124.3911,0.99999947,0.99999891,0.99999297,0.99998827,0.99998342,0.99996416,0.99990451,0.99979320
124.4461,0.99999917,0.99999834,0.99999125,0.99998659,0.99998191,0.99996324,0.99990437,0.99979395
124.5011,0.99999908,0.99999816,0.99999078,0.99998616,0.99998153,0.99996303,0.99990453,0.99979482
124.5561,0.99999927,0.99999853,0.99999179,0.99998711,0.99998237,0.99996353,0.99990497,0.99979579
124.6112,0.99999959,0.99999915,0.99999382,0.99998917,0.99998425,0.99996472,0.99990571,0.99979688
124.6662,0.99999983,0.99999965,0.99999606,0.99999178,0.99998683,0.99996652,0.99990673,0.99979809
124.7212,0.99999995,0.99999989,0.99999788,0.99999438,0.99998970,0.99996885,0.99990803,0.99979941
124.7762,0.99999999,0.99999998,0.99999903,0.99999653,0.99999247,0.99997158,0.99990960,0.99980085
124.8312,1.00000000,1.00000000,0.99999963,0.99999806,0.99999484,0.99997457,0.99991142,0.99980241
124.8862,1.00000000,1.00000000,0.99999988,0.99999903,0.99999670,0.99997769,0.99991348,0.99980408
124.9412,1.00000000,1.00000000,0.99999997,0.99999956,0.99999802,0.99998080,0.99991575,0.99980586
124.9962,1.00000000,1.00000000,0.99999999,0.99999982,0.99999889,0.99998380,0.99991823,0.99980776
125.0513,1.00000000,1.00000000,1.00000000,0.99999993,0.99999942,0.99998659,0.99992089,0.99980978
125.1063,1.00000000,1.00000000,1.00000000,0.99999998,0.99999971,0.99998912,0.99992370,0.99981190
125.1613,1.00000000,1.00000000,1.00000000,0.99999999,0.99999987,0.99999134,0.99992665,0.99981413
125.2163,1.00000000,1.00000000,1.00000000,1.00000000,0.99999994,0.99999324,0.99992971,0.99981646
125.2713,1.00000000,1.00000000,1.00000000,1.00000000,0.99999998,0.99999483,0.99993286,0.99981890
125.3263,1.00000000,1.00000000,1.00000000,1.00000000,0.99999999,0.99999612,0.99993607,0.99982143
125.3813,1.00000000,1.00000000,1.00000000,1.00000000,1.00000000,0.99999714,0.99993933,0.99982406
125.4364,1.00000000,1.00000000,1.00000000,1.00000000,1.00000000,0.99999794,0.99994261,0.99982678
125.4914,1.00000000,1.00000000,1.00000000,1.00000000,1.00000000,0.99999854,0.99994588,0.99982958
125.5464,1.00000000,1.00000000,1.00000000,1.00000000,1.00000000,0.99999899,0.99994913,0.99983246
125.6014,1.00000000,1.00000000,1.00000000,1.00000000,1.00000000,0.99999931,0.99995234,0.99983542
125.6564,1.00000000,1.00000000,1.00000000,1.00000000,1.00000000,0.99999954,0.99995550,0.99983845
125.7114,1.00000000,1.00000000,1.00000000,1.00000000,1.00000000,0.99999970,0.99995857,0.99984154
125.7664,1.00000000,1.00000000,1.00000000,1.00000000,1.00000000,0.99999981,0.99996156,0.99984469
125.8215,1.00000000,1.00000000,1.00000000,1.00000000,1.00000000,0.99999988,0.99996446,0.99984790
125.8765,1.00000000,1.00000000,1.00000000,1.00000000,1.00000000,0.99999992,0.99996724,0.99985116
125.9315,1.00000000,1.00000000,1.00000000,1.00000000,1.00000000,0.99999995,0.99996990,0.99985446
125.9865,1.00000000,1.00000000,1.00000000,1.00000000,1.00000000,0.99999997,0.99997243,0.99985780
126.0415,1.00000000,1.00000000,1.00000000,1.00000000,1.00000000,0.99999998,0.99997483,0.99986117
126.0965,1.00000000,1.00000000,1.00000000,1.00000000,1.00000000,0.99999999,0.99997710,0.99986457
126.1515,1.00000000,1.00000000,1.00000000,1.00000000,1.00000000,0.99999999,0.99997923,0.99986798
126.2066,1.00000000,1.00000000,1.00000000,1.00000000,1.00000000,1.00000000,0.99998123,0.99987142
126.2616,1.00000000,1.00000000,1.00000000,1.00000000,1.00000000,1.00000000,0.99998309,0.99987486
126.3166,1.00000000,1.00000000,1.00000000,1.00000000,1.00000000,1.00000000,0.99998481,0.99987831
126.3716,1.00000000,1.00000000,1.00000000,1.00000000,1.00000000,1.00000000,0.99998640,0.99988176
126.4266,1.00000000,1.00000000,1.00000000,1.00000000,1.00000000,1.00000000,0.99998787,0.99988520
126.4816,1.00000000,1.00000000,1.00000000,1.00000000,1.00000000,1.00000000,0.99998921,0.99988863
126.5366,1.00000000,1.00000000,1.00000000,1.00000000,1.00000000,1.00000000,0.99999044,0.99989204
126.5916,1.00000000,1.00000000,1.00000000,1.00000000,1.00000000,1.00000000,0.99999155,0.99989543
126.6467,1.00000000,1.00000000,1.00000000,1.00000000,1.00000000,1.00000000,0.99999256,0.99989880
126.7017,1.00000000,1.00000000,1.00000000,1.00000000,1.00000000,1.00000000,0.99999347,0.99990214
126.7567,1.00000000,1.00000000,1.00000000,1.00000000,1.00000000,1.00000000,0.99999429,0.99990544
126.8117,1.00000000,1.00000000,1.00000000,1.00000000,1.00000000,1.00000000,0.99999502,0.99990871
126.8667,1.00000000,1.00000000,1.00000000,1.00000000,1.00000000,1.00000000,0.99999567,0.99991193
126.9217,1.00000000,1.00000000,1.00000000,1.00000000,1.00000000,1.00000000,0.99999625,0.99991511
126.9767,1.00000000,1.00000000,1.00000000,1.00000000,1.00000000,1.00000000,0.99999676,0.99991824
127.0318,1.00000000,1.00000000,1.00000000,1.00000000,1.00000000,1.00000000,0.99999721,0.99992132
127.0868,1.00000000,1.00000000,1.00000000,1.00000000,1.00000000,1.00000000,0.99999761,0.99992435
127.1418,1.00000000,1.00000000,1.00000000,1.00000000,1.00000000,1.00000000,0.99999796,0.99992731
127.1968,1.00000000,1.00000000,1.00000000,1.00000000,1.00000000,1.00000000,0.99999826,0.99993022
127.2518,1.00000000,1.00000000,1.00000000,1.00000000,1.00000000,1.00000000,0.99999852,0.99993307
127.3068,1.00000000,1.00000000,1.00000000,1.00000000,1.00000000,1.00000000,0.99999875,0.99993585
127.3618,1.00000000,1.00000000,1.00000000,1.00000000,1.00000000,1.00000000,0.99999894,0.99993856
127.4169,1.00000000,1.00000000,1.00000000,1.00000000,1.00000000,1.00000000,0.99999911,0.99994121
127.4719,1.00000000,1.00000000,1.00000000,1.00000000,1.00000000,1.00000000,0.99999925,0.99994379
127.5269,1.00000000,1.00000000,1.00000000,1.00000000,1.00000000,1.00000000,0.99999938,0.99994630
127.5819,1.00000000,1.00000000,1.00000000,1.00000000,1.00000000,1.00000000,0.99999948,0.99994874
127.6369,1.00000000,1.00000000,1.00000000,1.00000000,1.00000000,1.00000000,0.99999957,0.99995111
127.6919,1.00000000,1.00000000,1.00000000,1.00000000,1.00000000,1.00000000,0.99999964,0.99995341
127.7469,1.00000000,1.00000000,1.00000000,1.00000000,1.00000000,1.00000000,0.99999971,0.99995564
127.8020,1.00000000,1.00000000,1.00000000,1.00000000,1.00000000,1.00000000,0.99999976,0.99995779
127.8570,1.00000000,1.00000000,1.00000000,1.00000000,1.00000000,1.00000000,0.99999980,0.99995987
127.9120,1.00000000,1.00000000,1.00000000,1.00000000,1.00000000,1.00000000,0.99999984,0.99996189
127.9670,1.00000000,1.00000000,1.00000000,1.00000000,1.00000000,1.00000000,0.99999987,0.99996383
128.0220,1.00000000,1.00000000,1.00000000,1.00000000,1.00000000,1.00000000,0.99999989,0.99996569
128.0770,1.00000000,1.00000000,1.00000000,1.00000000,1.00000000,1.00000000,0.99999991,0.99996749
128.1320,1.00000000,1.00000000,1.00000000,1.00000000,1.00000000,1.00000000,0.99999993,0.99996922
128.1870,1.00000000,1.00000000,1.00000000,1.00000000,1.00000000,1.00000000,0.99999994,0.99997088
128.2421,1.00000000,1.00000000,1.00000000,1.00000000,1.00000000,1.00000000,0.99999996,0.99997248
128.2971,1.00000000,1.00000000,1.00000000,1.00000000,1.00000000,1.00000000,0.99999996,0.99997401
128.3521,1.00000000,1.00000000,1.00000000,1.00000000,1.00000000,1.00000000,0.99999997,0.99997547
128.4071,1.00000000,1.00000000,1.00000000,1.00000000,1.00000000,1.00000000,0.99999998,0.99997687
128.4621,1.00000000,1.00000000,1.00000000,1.00000000,1.00000000,1.00000000,0.99999998,0.99997821
128.5171,1.00000000,1.00000000,1.00000000,1.00000000,1.00000000,1.00000000,0.99999999,0.99997949
128.5721,1.00000000,1.00000000,1.00000000,1.00000000,1.00000000,1.00000000,0.99999999,0.99998071
128.6272,1.00000000,1.00000000,1.00000000,1.00000000,1.00000000,1.00000000,0.99999999,0.99998187
128.6822,1.00000000,1.00000000,1.00000000,1.00000000,1.00000000,1.00000000,0.99999999,0.99998297
128.7372,1.00000000,1.00000000,1.00000000,1.00000000,1.00000000,1.00000000,0.99999999,0.99998402
128.7922,1.00000000,1.00000000,1.00000000,1.00000000,1.00000000,1.00000000,1.00000000,0.99998502
128.8472,1.00000000,1.00000000,1.00000000,1.00000000,1.00000000,1.00000000,1.00000000,0.99998597
128.9022,1.00000000,1.00000000,1.00000000,1.00000000,1.00000000,1.00000000,1.00000000,0.99998687
128.9572,1.00000000,1.00000000,1.00000000,1.00000000,1.00000000,1.00000000,1.00000000,0.99998772
129.0123,1.00000000,1.00000000,1.00000000,1.00000000,1.00000000,1.00000000,1.00000000,0.99998852
129.0673,1.00000000,1.00000000,1.00000000,1.00000000,1.00000000,1.00000000,1.00000000,0.99998928
129.1223,1.00000000,1.00000000,1.00000000,1.00000000,1.00000000,1.00000000,1.00000000,0.99999000
129.1773,1.00000000,1.00000000,1.00000000,1.00000000,1.00000000,1.00000000,1.00000000,0.99999068
129.2323,1.00000000,1.00000000,1.00000000,1.00000000,1.00000000,1.00000000,1.00000000,0.99999132
129.2873,1.00000000,1.00000000,1.00000000,1.00000000,1.00000000,1.00000000,1.00000000,0.99999192
129.3423,1.00000000,1.00000000,1.00000000,1.00000000,1.00000000,1.00000000,1.00000000,0.99999249
129.3973,1.00000000,1.00000000,1.00000000,1.00000000,1.00000000,1.00000000,1.00000000,0.99999302
129.4524,1.00000000,1.00000000,1.00000000,1.00000000,1.00000000,1.00000000,1.00000000,0.99999352
129.5074,1.00000000,1.00000000,1.00000000,1.00000000,1.00000000,1.00000000,1.00000000,0.99999399
129.5624,1.00000000,1.00000000,1.00000000,1.00000000,1.00000000,1.00000000,1.00000000,0.99999443
129.6174,1.00000000,1.00000000,1.00000000,1.00000000,1.00000000,1.00000000,1.00000000,0.99999484
129.6724,1.00000000,1.00000000,1.00000000,1.00000000,1.00000000,1.00000000,1.00000000,0.99999523
129.7274,1.00000000,1.00000000,1.00000000,1.00000000,1.00000000,1.00000000,1.00000000,0.99999559
129.7824,1.00000000,1.00000000,1.00000000,1.00000000,1.00000000,1.00000000,1.00000000,0.99999593
129.8375,1.00000000,1.00000000,1.00000000,1.00000000,1.00000000,1.00000000,1.00000000,0.99999624
129.8925,1.00000000,1.00000000,1.00000000,1.00000000,1.00000000,1.00000000,1.00000000,0.99999653
129.9475,1.00000000,1.00000000,1.00000000,1.00000000,1.00000000,1.00000000,1.00000000,0.99999680
130.0025,1.00000000,1.00000000,1.00000000,1.00000000,1.00000000,1.00000000,1.00000000,0.99999706
130.0575,1.00000000,1.00000000,1.00000000,1.00000000,1.00000000,1.00000000,1.00000000,0.99999729
130.1125,1.00000000,1.00000000,1.00000000,1.00000000,1.00000000,1.00000000,1.00000000,0.99999751
130.1675,1.00000000,1.00000000,1.00000000,1.00000000,1.00000000,1.00000000,1.00000000,0.99999771
130.2226,1.00000000,1.00000000,1.00000000,1.00000000,1.00000000,1.00000000,1.00000000,0.99999790
130.2776,1.00000000,1.00000000,1.00000000,1.00000000,1.00000000,1.00000000,1.00000000,0.99999808
130.3326,1.00000000,1.00000000,1.00000000,1.00000000,1.00000000,1.00000000,1.00000000,0.99999824
130.3876,1.00000000,1.00000000,1.00000000,1.00000000,1.00000000,1.00000000,1.00000000,0.99999839
130.4426,1.00000000,1.00000000,1.00000000,1.00000000,1.00000000,1.00000000,1.00000000,0.99999852
130.4976,1.00000000,1.00000000,1.00000000,1.00000000,1.00000000,1.00000000,1.00000000,0.99999865
130.5526,1.00000000,1.00000000,1.00000000,1.00000000,1.00000000,1.00000000,1.00000000,0.99999877
130.6077,1.00000000,1.00000000,1.00000000,1.00000000,1.00000000,1.00000000,1.00000000,0.99999888
130.6627,1.00000000,1.00000000,1.00000000,1.00000000,1.00000000,1.00000000,1.00000000,0.99999898
130.7177,1.00000000,1.00000000,1.00000000,1.00000000,1.00000000,1.00000000,1.00000000,0.99999907
130.7727,1.00000000,1.00000000,1.00000000,1.00000000,1.00000000,1.00000000,1.00000000,0.99999915
130.8277,1.00000000,1.00000000,1.00000000,1.00000000,1.00000000,1.00000000,1.00000000,0.99999923
130.8827,1.00000000,1.00000000,1.00000000,1.00000000,1.00000000,1.00000000,1.00000000,0.99999930
130.9377,1.00000000,1.00000000,1.00000000,1.00000000,1.00000000,1.00000000,1.00000000,0.99999936
130.9927,1.00000000,1.00000000,1.00000000,1.00000000,1.00000000,1.00000000,1.00000000,0.99999942
131.0478,1.00000000,1.00000000,1.00000000,1.00000000,1.00000000,1.00000000,1.00000000,0.99999948
131.1028,1.00000000,1.00000000,1.00000000,1.00000000,1.00000000,1.00000000,1.00000000,0.99999953
131.1578,1.00000000,1.00000000,1.00000000,1.00000000,1.00000000,1.00000000,1.00000000,0.99999957
131.2128,1.00000000,1.00000000,1.00000000,1.00000000,1.00000000,1.00000000,1.00000000,0.99999961
131.2678,1.00000000,1.00000000,1.00000000,1.00000000,1.00000000,1.00000000,1.00000000,0.99999965
131.3228,1.00000000,1.00000000,1.00000000,1.00000000,1.00000000,1.00000000,1.00000000,0.99999968
131.3778,1.00000000,1.00000000,1.00000000,1.00000000,1.00000000,1.00000000,1.00000000,0.99999971
131.4329,1.00000000,1.00000000,1.00000000,1.00000000,1.00000000,1.00000000,1.00000000,0.99999974
131.4879,1.00000000,1.00000000,1.00000000,1.00000000,1.00000000,1.00000000,1.00000000,0.99999977
131.5429,1.00000000,1.00000000,1.00000000,1.00000000,1.00000000,1.00000000,1.00000000,0.99999979
131.5979,1.00000000,1.00000000,1.00000000,1.00000000,1.00000000,1.00000000,1.00000000,0.99999981
131.6529,1.00000000,1.00000000,1.00000000,1.00000000,1.00000000,1.00000000,1.00000000,0.99999983
131.7079,1.00000000,1.00000000,1.00000000,1.00000000,1.00000000,1.00000000,1.00000000,0.99999985
131.7629,1.00000000,1.00000000,1.00000000,1.00000000,1.00000000,1.00000000,1.00000000,0.99999986
131.8180,1.00000000,1.00000000,1.00000000,1.00000000,1.00000000,1.00000000,1.00000000,0.99999988
131.8730,1.00000000,1.00000000,1.00000000,1.00000000,1.00000000,1.00000000,1.00000000,0.99999989
131.9280,1.00000000,1.00000000,1.00000000,1.00000000,1.00000000,1.00000000,1.00000000,0.99999990
131.9830,1.00000000,1.00000000,1.00000000,1.00000000,1.00000000,1.00000000,1.00000000,0.99999991
132.0380,1.00000000,1.00000000,1.00000000,1.00000000,1.00000000,1.00000000,1.00000000,0.99999992
132.0930,1.00000000,1.00000000,1.00000000,1.00000000,1.00000000,1.00000000,1.00000000,0.99999993
132.1480,1.00000000,1.00000000,1.00000000,1.00000000,1.00000000,1.00000000,1.00000000,0.99999994
132.2031,1.00000000,1.00000000,1.00000000,1.00000000,1.00000000,1.00000000,1.00000000,0.99999995
132.2581,1.00000000,1.00000000,1.00000000,1.00000000,1.00000000,1.00000000,1.00000000,0.99999995
132.3131,1.00000000,1.00000000,1.00000000,1.00000000,1.00000000,1.00000000,1.00000000,0.99999996
132.3681,1.00000000,1.00000000,1.00000000,1.00000000,1.00000000,1.00000000,1.00000000,0.99999996
132.4231,1.00000000,1.00000000,1.00000000,1.00000000,1.00000000,1.00000000,1.00000000,0.99999997
132.4781,1.00000000,1.00000000,1.00000000,1.00000000,1.00000000,1.00000000,1.00000000,0.99999997
132.5331,1.00000000,1.00000000,1.00000000,1.00000000,1.00000000,1.00000000,1.00000000,0.99999997
132.5881,1.00000000,1.00000000,1.00000000,1.00000000,1.00000000,1.00000000,1.00000000,0.99999998
132.6432,1.00000000,1.00000000,1.00000000,1.00000000,1.00000000,1.00000000,1.00000000,0.99999998
132.6982,1.00000000,1.00000000,1.00000000,1.00000000,1.00000000,1.00000000,1.00000000,0.99999998
132.7532,1.00000000,1.00000000,1.00000000,1.00000000,1.00000000,1.00000000,1.00000000,0.99999998
132.8082,1.00000000,1.00000000,1.00000000,1.00000000,1.00000000,1.00000000,1.00000000,0.99999999
132.8632,1.00000000,1.00000000,1.00000000,1.00000000,1.00000000,1.00000000,1.00000000,0.99999999
132.9182,1.00000000,1.00000000,1.00000000,1.00000000,1.00000000,1.00000000,1.00000000,0.99999999
132.9732,1.00000000,1.00000000,1.00000000,1.00000000,1.00000000,1.00000000,1.00000000,0.99999999
133.0283,1.00000000,1.00000000,1.00000000,1.00000000,1.00000000,1.00000000,1.00000000,0.99999999
133.0833,1.00000000,1.00000000,1.00000000,1.00000000,1.00000000,1.00000000,1.00000000,0.99999999
133.1383,1.00000000,1.00000000,1.00000000,1.00000000,1.00000000,1.00000000,1.00000000,0.99999999
133.1933,1.00000000,1.00000000,1.00000000,1.00000000,1.00000000,1.00000000,1.00000000,0.99999999
133.2483,1.00000000,1.00000000,1.00000000,1.00000000,1.00000000,1.00000000,1.00000000,0.99999999
133.3033,1.00000000,1.00000000,1.00000000,1.00000000,1.00000000,1.00000000,1.00000000,1.00000000
133.3583,1.00000000,1.00000000,1.00000000,1.00000000,1.00000000,1.00000000,1.00000000,1.00000000
133.4134,1.00000000,1.00000000,1.00000000,1.00000000,1.00000000,1.00000000,1.00000000,1.00000000
133.4684,1.00000000,1.00000000,1.00000000,1.00000000,1.00000000,1.00000000,1.00000000,1.00000000
133.5234,1.00000000,1.00000000,1.00000000,1.00000000,1.00000000,1.00000000,1.00000000,1.00000000
133.5784,1.00000000,1.00000000,1.00000000,1.00000000,1.00000000,1.00000000,1.00000000,1.00000000
133.6334,1.00000000,1.00000000,1.00000000,1.00000000,1.00000000,1.00000000,1.00000000,1.00000000
133.6884,1.00000000,1.00000000,1.00000000,1.00000000,1.00000000,1.00000000,1.00000000,1.00000000
133.7434,1.00000000,1.00000000,1.00000000,1.00000000,1.00000000,1.00000000,1.00000000,1.00000000
133.7984,1.00000000,1.00000000,1.00000000,1.00000000,1.00000000,1.00000000,1.00000000,1.00000000
133.8535,1.00000000,1.00000000,1.00000000,1.00000000,1.00000000,1.00000000,1.00000000,1.00000000
133.9085,1.00000000,1.00000000,1.00000000,1.00000000,1.00000000,1.00000000,1.00000000,1.00000000
133.9635,1.00000000,1.00000000,1.00000000,1.00000000,1.00000000,1.00000000,1.00000000,1.00000000
134.0185,1.00000000,1.00000000,1.00000000,1.00000000,1.00000000,1.00000000,1.00000000,1.00000000
134.0735,1.00000000,1.00000000,1.00000000,1.00000000,1.00000000,1.00000000,1.00000000,1.00000000
134.1285,1.00000000,1.00000000,1.00000000,1.00000000,1.00000000,1.00000000,1.00000000,1.00000000
134.1835,1.00000000,1.00000000,1.00000000,1.00000000,1.00000000,1.00000000,1.00000000,1.00000000
134.2386,1.00000000,1.00000000,1.00000000,1.00000000,1.00000000,1.00000000,1.00000000,1.00000000
134.2936,1.00000000,1.00000000,1.00000000,1.00000000,1.00000000,1.00000000,1.00000000,1.00000000
134.3486,1.00000000,1.00000000,1.00000000,1.00000000,1.00000000,1.00000000,1.00000000,1.00000000
134.4036,1.00000000,1.00000000,1.00000000,1.00000000,1.00000000,1.00000000,1.00000000,1.00000000
134.4586,1.00000000,1.00000000,1.00000000,1.00000000,1.00000000,1.00000000,1.00000000,1.00000000
134.5136,1.00000000,1.00000000,1.00000000,1.00000000,1.00000000,1.00000000,1.00000000,1.00000000
134.5686,1.00000000,1.00000000,1.00000000,1.00000000,1.00000000,1.00000000,1.00000000,1.00000000
134.6237,1.00000000,1.00000000,1.00000000,1.00000000,1.00000000,1.00000000,1.00000000,1.00000000
134.6787,1.00000000,1.00000000,1.00000000,1.00000000,1.00000000,1.00000000,1.00000000,1.00000000
134.7337,1.00000000,1.00000000,1.00000000,1.00000000,1.00000000,1.00000000,1.00000000,1.00000000
134.7887,1.00000000,1.00000000,1.00000000,1.00000000,1.00000000,1.00000000,1.00000000,1.00000000
134.8437,1.00000000,1.00000000,1.00000000,1.00000000,1.00000000,1.00000000,1.00000000,1.00000000
134.8987,1.00000000,1.00000000,1.00000000,1.00000000,1.00000000,1.00000000,1.00000000,1.00000000
134.9537,1.00000000,1.00000000,1.00000000,1.00000000,1.00000000,1.00000000,1.00000000,1.00000000
135.0088,1.00000000,1.00000000,1.00000000,1.00000000,1.00000000,1.00000000,1.00000000,1.00000000
135.0638,1.00000000,1.00000000,1.00000000,1.00000000,1.00000000,1.00000000,1.00000000,1.00000000
135.1188,1.00000000,1.00000000,1.00000000,1.00000000,1.00000000,1.00000000,1.00000000,1.00000000
135.1738,1.00000000,1.00000000,1.00000000,1.00000000,1.00000000,1.00000000,1.00000000,1.00000000
135.2288,1.00000000,1.00000000,1.00000000,1.00000000,1.00000000,1.00000000,1.00000000,1.00000000
135.2838,1.00000000,1.00000000,1.00000000,1.00000000,1.00000000,1.00000000,1.00000000,1.00000000
135.3388,1.00000000,1.00000000,1.00000000,1.00000000,1.00000000,1.00000000,1.00000000,1.00000000
135.3938,1.00000000,1.00000000,1.00000000,1.00000000,1.00000000,1.00000000,1.00000000,1.00000000
135.4489,1.00000000,1.00000000,1.00000000,1.00000000,1.00000000,1.00000000,1.00000000,1.00000000
135.5039,1.00000000,1.00000000,1.00000000,1.00000000,1.00000000,1.00000000,1.00000000,1.00000000
135.5589,1.00000000,1.00000000,1.00000000,1.00000000,1.00000000,1.00000000,1.00000000,1.00000000
135.6139,1.00000000,1.00000000,1.00000000,1.00000000,1.00000000,1.00000000,1.00000000,1.00000000
135.6689,1.00000000,1.00000000,1.00000000,1.00000000,1.00000000,1.00000000,1.00000000,1.00000000
135.7239,1.00000000,1.00000000,1.00000000,1.00000000,1.00000000,1.00000000,1.00000000,1.00000000
135.7789,1.00000000,1.00000000,1.00000000,1.00000000,1.00000000,1.00000000,1.00000000,1.00000000
135.8340,1.00000000,1.00000000,1.00000000,1.00000000,1.00000000,1.00000000,1.00000000,1.00000000
135.8890,1.00000000,1.00000000,1.00000000,1.00000000,1.00000000,1.00000000,1.00000000,1.00000000
135.9440,1.00000000,1.00000000,1.00000000,1.00000000,1.00000000,1.00000000,1.00000000,1.00000000
135.9990,1.00000000,1.00000000,1.00000000,1.00000000,1.00000000,1.00000000,1.00000000,1.00000000
136.0540,1.00000000,1.00000000,1.00000000,1.00000000,1.00000000,1.00000000,1.00000000,1.00000000
136.1090,1.00000000,1.00000000,1.00000000,1.00000000,1.00000000,1.00000000,1.00000000,1.00000000
136.1640,1.00000000,1.00000000,1.00000000,1.00000000,1.00000000,1.00000000,1.00000000,1.00000000
136.2191,1.00000000,1.00000000,1.00000000,1.00000000,1.00000000,1.00000000,1.00000000,1.00000000
136.2741,1.00000000,1.00000000,1.00000000,1.00000000,1.00000000,1.00000000,1.00000000,1.00000000
136.3291,1.00000000,1.00000000,1.00000000,1.00000000,1.00000000,1.00000000,1.00000000,1.00000000
136.3841,1.00000000,1.00000000,1.00000000,1.00000000,1.00000000,1.00000000,1.00000000,1.00000000
136.4391,1.00000000,1.00000000,1.00000000,1.00000000,1.00000000,1.00000000,1.00000000,1.00000000
136.4941,1.00000000,1.00000000,1.00000000,1.00000000,1.00000000,1.00000000,1.00000000,1.00000000
136.5491,1.00000000,1.00000000,1.00000000,1.00000000,1.00000000,1.00000000,1.00000000,1.00000000
136.6042,1.00000000,1.00000000,1.00000000,1.00000000,1.00000000,1.00000000,1.00000000,1.00000000
136.6592,1.00000000,1.00000000,1.00000000,1.00000000,1.00000000,1.00000000,1.00000000,1.00000000
136.7142,1.00000000,1.00000000,1.00000000,1.00000000,1.00000000,1.00000000,1.00000000,1.00000000
136.7692,1.00000000,1.00000000,1.00000000,1.00000000,1.00000000,1.00000000,1.00000000,1.00000000
136.8242,1.00000000,1.00000000,1.00000000,1.00000000,1.00000000,1.00000000,1.00000000,1.00000000
136.8792,1.00000000,1.00000000,1.00000000,1.00000000,1.00000000,1.00000000,1.00000000,1.00000000
136.9342,1.00000000,1.00000000,1.00000000,1.00000000,1.00000000,1.00000000,1.00000000,1.00000000
136.9892,1.00000000,1.00000000,1.00000000,1.00000000,1.00000000,1.00000000,1.00000000,1.00000000
137.0443,1.00000000,1.00000000,1.00000000,1.00000000,1.00000000,1.00000000,1.00000000,1.00000000
137.0993,1.00000000,1.00000000,1.00000000,1.00000000,1.00000000,1.00000000,1.00000000,1.00000000
137.1543,1.00000000,1.00000000,1.00000000,1.00000000,1.00000000,1.00000000,1.00000000,1.00000000
137.2093,1.00000000,1.00000000,1.00000000,1.00000000,1.00000000,1.00000000,1.00000000,1.00000000
137.2643,1.00000000,1.00000000,1.00000000,1.00000000,1.00000000,1.00000000,1.00000000,1.00000000
137.3193,1.00000000,1.00000000,1.00000000,1.00000000,1.00000000,1.00000000,1.00000000,1.00000000
137.3743,1.00000000,1.00000000,1.00000000,1.00000000,1.00000000,1.00000000,1.00000000,1.00000000
137.4294,1.00000000,1.00000000,1.00000000,1.00000000,1.00000000,1.00000000,1.00000000,1.00000000
137.4844,1.00000000,1.00000000,1.00000000,1.00000000,1.00000000,1.00000000,1.00000000,1.00000000
137.5394,1.00000000,1.00000000,1.00000000,1.00000000,1.00000000,1.00000000,1.00000000,1.00000000
137.5944,1.00000000,1.00000000,1.00000000,1.00000000,1.00000000,1.00000000,1.00000000,1.00000000
137.6494,1.00000000,1.00000000,1.00000000,1.00000000,1.00000000,1.00000000,1.00000000,1.00000000
137.7044,1.00000000,1.00000000,1.00000000,1.00000000,1.00000000,1.00000000,1.00000000,1.00000000
137.7594,1.00000000,1.00000000,1.00000000,1.00000000,1.00000000,1.00000000,1.00000000,1.00000000
137.8145,1.00000000,1.00000000,1.00000000,1.00000000,1.00000000,1.00000000,1.00000000,1.00000000
137.8695,1.00000000,1.00000000,1.00000000,1.00000000,1.00000000,1.00000000,1.00000000,1.00000000
137.9245,1.00000000,1.00000000,1.00000000,1.00000000,1.00000000,1.00000000,1.00000000,1.00000000
137.9795,1.00000000,1.00000000,1.00000000,1.00000000,1.00000000,1.00000000,1.00000000,1.00000000
138.0345,1.00000000,1.00000000,1.00000000,1.00000000,1.00000000,1.00000000,1.00000000,1.00000000
138.0895,1.00000000,1.00000000,1.00000000,1.00000000,1.00000000,1.00000000,1.00000000,1.00000000
138.1445,1.00000000,1.00000000,1.00000000,1.00000000,1.00000000,1.00000000,1.00000000,1.00000000
138.1995,1.00000000,1.00000000,1.00000000,1.00000000,1.00000000,1.00000000,1.00000000,1.00000000
138.2546,1.00000000,1.00000000,1.00000000,1.00000000,1.00000000,1.00000000,1.00000000,1.00000000
138.3096,1.00000000,1.00000000,1.00000000,1.00000000,1.00000000,1.00000000,1.00000000,1.00000000
138.3646,1.00000000,1.00000000,1.00000000,1.00000000,1.00000000,1.00000000,1.00000000,1.00000000
138.4196,1.00000000,1.00000000,1.00000000,1.00000000,1.00000000,1.00000000,1.00000000,1.00000000
138.4746,1.00000000,1.00000000,1.00000000,1.00000000,1.00000000,1.00000000,1.00000000,1.00000000
138.5296,1.00000000,1.00000000,1.00000000,1.00000000,1.00000000,1.00000000,1.00000000,1.00000000
138.5846,1.00000000,1.00000000,1.00000000,1.00000000,1.00000000,1.00000000,1.00000000,1.00000000
138.6397,1.00000000,1.00000000,1.00000000,1.00000000,1.00000000,1.00000000,1.00000000,1.00000000
138.6947,1.00000000,1.00000000,1.00000000,1.00000000,1.00000000,1.00000000,1.00000000,1.00000000
138.7497,1.00000000,1.00000000,1.00000000,1.00000000,1.00000000,1.00000000,1.00000000,1.00000000
138.8047,1.00000000,1.00000000,1.00000000,1.00000000,1.00000000,1.00000000,1.00000000,1.00000000
138.8597,1.00000000,1.00000000,1.00000000,1.00000000,1.00000000,1.00000000,1.00000000,1.00000000
138.9147,1.00000000,1.00000000,1.00000000,1.00000000,1.00000000,1.00000000,1.00000000,1.00000000
138.9697,1.00000000,1.00000000,1.00000000,1.00000000,1.00000000,1.00000000,1.00000000,1.00000000
139.0248,1.00000000,1.00000000,1.00000000,1.00000000,1.00000000,1.00000000,1.00000000,1.00000000
139.0798,1.00000000,1.00000000,1.00000000,1.00000000,1.00000000,1.00000000,1.00000000,1.00000000
139.1348,1.00000000,1.00000000,1.00000000,1.00000000,1.00000000,1.00000000,1.00000000,1.00000000
139.1898,1.00000000,1.00000000,1.00000000,1.00000000,1.00000000,1.00000000,1.00000000,1.00000000
139.2448,1.00000000,1.00000000,1.00000000,1.00000000,1.00000000,1.00000000,1.00000000,1.00000000
139.2998,1.00000000,1.00000000,1.00000000,1.00000000,1.00000000,1.00000000,1.00000000,1.00000000
139.3548,1.00000000,1.00000000,1.00000000,1.00000000,1.00000000,1.00000000,1.00000000,1.00000000
139.4099,1.00000000,1.00000000,1.00000000,1.00000000,1.00000000,1.00000000,1.00000000,1.00000000
139.4649,1.00000000,1.00000000,1.00000000,1.00000000,1.00000000,1.00000000,1.00000000,1.00000000
139.5199,1.00000000,1.00000000,1.00000000,1.00000000,1.00000000,1.00000000,1.00000000,1.00000000
139.5749,1.00000000,1.00000000,1.00000000,1.00000000,1.00000000,1.00000000,1.00000000,1.00000000
139.6299,1.00000000,1.00000000,1.00000000,1.00000000,1.00000000,1.00000000,1.00000000,1.00000000
139.6849,1.00000000,1.00000000,1.00000000,1.00000000,1.00000000,1.00000000,1.00000000,1.00000000
139.7399,1.00000000,1.00000000,1.00000000,1.00000000,1.00000000,1.00000000,1.00000000,1.00000000
139.7949,1.00000000,1.00000000,1.00000000,1.00000000,1.00000000,1.00000000,1.00000000,1.00000000
139.8500,1.00000000,1.00000000,1.00000000,1.00000000,1.00000000,1.00000000,1.00000000,1.00000000
139.9050,1.00000000,1.00000000,1.00000000,1.00000000,1.00000000,1.00000000,1.00000000,1.00000000
139.9600,1.00000000,1.00000000,1.00000000,1.00000000,1.00000000,1.00000000,1.00000000,1.00000000
140.0150,1.00000000,1.00000000,1.00000000,1.00000000,1.00000000,1.00000000,1.00000000,1.00000000
140.0700,1.00000000,1.00000000,1.00000000,1.00000000,1.00000000,1.00000000,1.00000000,1.00000000
140.1250,1.00000000,1.00000000,1.00000000,1.00000000,1.00000000,1.00000000,1.00000000,1.00000000
140.1800,1.00000000,1.00000000,1.00000000,1.00000000,1.00000000,1.00000000,1.00000000,1.00000000
140.2351,1.00000000,1.00000000,1.00000000,1.00000000,1.00000000,1.00000000,1.00000000,1.00000000
140.2901,1.00000000,1.00000000,1.00000000,1.00000000,1.00000000,1.00000000,1.00000000,1.00000000
140.3451,1.00000000,1.00000000,1.00000000,1.00000000,1.00000000,1.00000000,1.00000000,1.00000000
140.4001,1.00000000,1.00000000,1.00000000,1.00000000,1.00000000,1.00000000,1.00000000,1.00000000
140.4551,1.00000000,1.00000000,1.00000000,1.00000000,1.00000000,1.00000000,1.00000000,1.00000000
140.5101,1.00000000,1.00000000,1.00000000,1.00000000,1.00000000,1.00000000,1.00000000,1.00000000
140.5651,1.00000000,1.00000000,1.00000000,1.00000000,1.00000000,1.00000000,1.00000000,1.00000000
140.6202,1.00000000,1.00000000,1.00000000,1.00000000,1.00000000,1.00000000,1.00000000,1.00000000
140.6752,1.00000000,1.00000000,1.00000000,1.00000000,1.00000000,1.00000000,1.00000000,1.00000000
140.7302,1.00000000,1.00000000,1.00000000,1.00000000,1.00000000,1.00000000,1.00000000,1.00000000
140.7852,1.00000000,1.00000000,1.00000000,1.00000000,1.00000000,1.00000000,1.00000000,1.00000000
140.8402,1.00000000,1.00000000,1.00000000,1.00000000,1.00000000,1.00000000,1.00000000,1.00000000
140.8952,1.00000000,1.00000000,1.00000000,1.00000000,1.00000000,1.00000000,1.00000000,1.00000000
140.9502,1.00000000,1.00000000,1.00000000,1.00000000,1.00000000,1.00000000,1.00000000,1.00000000
141.0053,1.00000000,1.00000000,1.00000000,1.00000000,1.00000000,1.00000000,1.00000000,1.00000000
141.0603,1.00000000,1.00000000,1.00000000,1.00000000,1.00000000,1.00000000,1.00000000,1.00000000
141.1153,1.00000000,1.00000000,1.00000000,1.00000000,1.00000000,1.00000000,1.00000000,1.00000000
141.1703,1.00000000,1.00000000,1.00000000,1.00000000,1.00000000,1.00000000,1.00000000,1.00000000
141.2253,1.00000000,1.00000000,1.00000000,1.00000000,1.00000000,1.00000000,1.00000000,1.00000000
141.2803,1.00000000,1.00000000,1.00000000,1.00000000,1.00000000,1.00000000,1.00000000,1.00000000
141.3353,1.00000000,1.00000000,1.00000000,1.00000000,1.00000000,1.00000000,1.00000000,1.00000000
141.3903,1.00000000,1.00000000,1.00000000,1.00000000,1.00000000,1.00000000,1.00000000,1.00000000
141.4454,1.00000000,1.00000000,1.00000000,1.00000000,1.00000000,1.00000000,1.00000000,1.00000000
141.5004,1.00000000,1.00000000,1.00000000,1.00000000,1.00000000,1.00000000,1.00000000,1.00000000
141.5554,1.00000000,1.00000000,1.00000000,1.00000000,1.00000000,1.00000000,1.00000000,1.00000000
141.6104,1.00000000,1.00000000,1.00000000,1.00000000,1.00000000,1.00000000,1.00000000,1.00000000
141.6654,1.00000000,1.00000000,1.00000000,1.00000000,1.00000000,1.00000000,1.00000000,1.00000000
141.7204,1.00000000,1.00000000,1.00000000,1.00000000,1.00000000,1.00000000,1.00000000,1.00000000
141.7754,1.00000000,1.00000000,1.00000000,1.00000000,1.00000000,1.00000000,1.00000000,1.00000000
141.8305,1.00000000,1.00000000,1.00000000,1.00000000,1.00000000,1.00000000,1.00000000,1.00000000
141.8855,1.00000000,1.00000000,1.00000000,1.00000000,1.00000000,1.00000000,1.00000000,1.00000000
141.9405,1.00000000,1.00000000,1.00000000,1.00000000,1.00000000,1.00000000,1.00000000,0.99999999
141.9955,1.00000000,1.00000000,1.00000000,1.00000000,1.00000000,1.00000000,1.00000000,0.99999999
142.0505,1.00000000,1.00000000,1.00000000,1.00000000,1.00000000,1.00000000,1.00000000,0.99999999
142.1055,1.00000000,1.00000000,1.00000000,1.00000000,1.00000000,1.00000000,1.00000000,0.99999999
142.1605,1.00000000,1.00000000,1.00000000,1.00000000,1.00000000,1.00000000,1.00000000,0.99999999
142.2156,1.00000000,1.00000000,1.00000000,1.00000000,1.00000000,1.00000000,1.00000000,0.99999999
142.2706,1.00000000,1.00000000,1.00000000,1.00000000,1.00000000,1.00000000,1.00000000,0.99999999
142.3256,1.00000000,1.00000000,1.00000000,1.00000000,1.00000000,1.00000000,1.00000000,0.99999999
142.3806,1.00000000,1.00000000,1.00000000,1.00000000,1.00000000,1.00000000,1.00000000,0.99999999
142.4356,1.00000000,1.00000000,1.00000000,1.00000000,1.00000000,1.00000000,1.00000000,0.99999999
142.4906,1.00000000,1.00000000,1.00000000,1.00000000,1.00000000,1.00000000,1.00000000,0.99999999
142.5456,1.00000000,1.00000000,1.00000000,1.00000000,1.00000000,1.00000000,1.00000000,0.99999998
142.6007,1.00000000,1.00000000,1.00000000,1.00000000,1.00000000,1.00000000,1.00000000,0.99999998
142.6557,1.00000000,1.00000000,1.00000000,1.00000000,1.00000000,1.00000000,1.00000000,0.99999998
142.7107,1.00000000,1.00000000,1.00000000,1.00000000,1.00000000,1.00000000,1.00000000,0.99999998
142.7657,1.00000000,1.00000000,1.00000000,1.00000000,1.00000000,1.00000000,1.00000000,0.99999998
142.8207,1.00000000,1.00000000,1.00000000,1.00000000,1.00000000,1.00000000,1.00000000,0.99999998
142.8757,1.00000000,1.00000000,1.00000000,1.00000000,1.00000000,1.00000000,1.00000000,0.99999997
142.9307,1.00000000,1.00000000,1.00000000,1.00000000,1.00000000,1.00000000,1.00000000,0.99999997
142.9857,1.00000000,1.00000000,1.00000000,1.00000000,1.00000000,1.00000000,1.00000000,0.99999997
143.0408,1.00000000,1.00000000,1.00000000,1.00000000,1.00000000,1.00000000,1.00000000,0.99999997
143.0958,1.00000000,1.00000000,1.00000000,1.00000000,1.00000000,1.00000000,1.00000000,0.99999996
143.1508,1.00000000,1.00000000,1.00000000,1.00000000,1.00000000,1.00000000,1.00000000,0.99999996
143.2058,1.00000000,1.00000000,1.00000000,1.00000000,1.00000000,1.00000000,1.00000000,0.99999996
143.2608,1.00000000,1.00000000,1.00000000,1.00000000,1.00000000,1.00000000,1.00000000,0.99999995
143.3158,1.00000000,1.00000000,1.00000000,1.00000000,1.00000000,1.00000000,1.00000000,0.99999995
143.3708,1.00000000,1.00000000,1.00000000,1.00000000,1.00000000,1.00000000,1.00000000,0.99999994
143.4259,1.00000000,1.00000000,1.00000000,1.00000000,1.00000000,1.00000000,1.00000000,0.99999994
143.4809,1.00000000,1.00000000,1.00000000,1.00000000,1.00000000,1.00000000,1.00000000,0.99999994
143.5359,1.00000000,1.00000000,1.00000000,1.00000000,1.00000000,1.00000000,1.00000000,0.99999993
143.5909,1.00000000,1.00000000,1.00000000,1.00000000,1.00000000,1.00000000,1.00000000,0.99999992
143.6459,1.00000000,1.00000000,1.00000000,1.00000000,1.00000000,1.00000000,1.00000000,0.99999992
143.7009,1.00000000,1.00000000,1.00000000,1.00000000,1.00000000,1.00000000,1.00000000,0.99999991
143.7559,1.00000000,1.00000000,1.00000000,1.00000000,1.00000000,1.00000000,1.00000000,0.99999990
143.8110,1.00000000,1.00000000,1.00000000,1.00000000,1.00000000,1.00000000,1.00000000,0.99999990
143.8660,1.00000000,1.00000000,1.00000000,1.00000000,1.00000000,1.00000000,1.00000000,0.99999989
143.9210,1.00000000,1.00000000,1.00000000,1.00000000,1.00000000,1.00000000,1.00000000,0.99999988
143.9760,1.00000000,1.00000000,1.00000000,1.00000000,1.00000000,1.00000000,1.00000000,0.99999987
144.0310,1.00000000,1.00000000,1.00000000,1.00000000,1.00000000,1.00000000,1.00000000,0.99999986
144.0860,1.00000000,1.00000000,1.00000000,1.00000000,1.00000000,1.00000000,1.00000000,0.99999985
144.1410,1.00000000,1.00000000,1.00000000,1.00000000,1.00000000,1.00000000,1.00000000,0.99999984
144.1960,1.00000000,1.00000000,1.00000000,1.00000000,1.00000000,1.00000000,1.00000000,0.99999983
144.2511,1.00000000,1.00000000,1.00000000,1.00000000,1.00000000,1.00000000,1.00000000,0.99999982
144.3061,1.00000000,1.00000000,1.00000000,1.00000000,1.00000000,1.00000000,1.00000000,0.99999981
144.3611,1.00000000,1.00000000,1.00000000,1.00000000,1.00000000,1.00000000,1.00000000,0.99999979
144.4161,1.00000000,1.00000000,1.00000000,1.00000000,1.00000000,1.00000000,1.00000000,0.99999978
144.4711,1.00000000,1.00000000,1.00000000,1.00000000,1.00000000,1.00000000,1.00000000,0.99999976
144.5261,1.00000000,1.00000000,1.00000000,1.00000000,1.00000000,1.00000000,1.00000000,0.99999975
144.5811,1.00000000,1.00000000,1.00000000,1.00000000,1.00000000,1.00000000,1.00000000,0.99999973
144.6362,1.00000000,1.00000000,1.00000000,1.00000000,1.00000000,1.00000000,1.00000000,0.99999971
144.6912,1.00000000,1.00000000,1.00000000,1.00000000,1.00000000,1.00000000,1.00000000,0.99999970
144.7462,1.00000000,1.00000000,1.00000000,1.00000000,1.00000000,1.00000000,1.00000000,0.99999968
144.8012,1.00000000,1.00000000,1.00000000,1.00000000,1.00000000,1.00000000,1.00000000,0.99999966
144.8562,1.00000000,1.00000000,1.00000000,1.00000000,1.00000000,1.00000000,1.00000000,0.99999964
144.9112,1.00000000,1.00000000,1.00000000,1.00000000,1.00000000,1.00000000,1.00000000,0.99999962
144.9662,1.00000000,1.00000000,1.00000000,1.00000000,1.00000000,1.00000000,1.00000000,0.99999959
145.0213,1.00000000,1.00000000,1.00000000,1.00000000,1.00000000,1.00000000,1.00000000,0.99999957
145.0763,1.00000000,1.00000000,1.00000000,1.00000000,1.00000000,1.00000000,1.00000000,0.99999954
145.1313,1.00000000,1.00000000,1.00000000,1.00000000,1.00000000,1.00000000,1.00000000,0.99999952
145.1863,1.00000000,1.00000000,1.00000000,1.00000000,1.00000000,1.00000000,1.00000000,0.99999949
145.2413,1.00000000,1.00000000,1.00000000,1.00000000,1.00000000,1.00000000,1.00000000,0.99999946
145.2963,1.00000000,1.00000000,1.00000000,1.00000000,1.00000000,1.00000000,1.00000000,0.99999944
145.3513,1.00000000,1.00000000,1.00000000,1.00000000,1.00000000,1.00000000,1.00000000,0.99999941
145.4064,1.00000000,1.00000000,1.00000000,1.00000000,1.00000000,1.00000000,1.00000000,0.99999937
145.4614,1.00000000,1.00000000,1.00000000,1.00000000,1.00000000,1.00000000,1.00000000,0.99999934
145.5164,1.00000000,1.00000000,1.00000000,1.00000000,1.00000000,1.00000000,0.99999999,0.99999931
145.5714,1.00000000,1.00000000,1.00000000,1.00000000,1.00000000,1.00000000,0.99999999,0.99999928
145.6264,1.00000000,1.00000000,1.00000000,1.00000000,1.00000000,1.00000000,0.99999999,0.99999924
145.6814,1.00000000,1.00000000,1.00000000,1.00000000,1.00000000,1.00000000,0.99999999,0.99999920
145.7364,1.00000000,1.00000000,1.00000000,1.00000000,1.00000000,1.00000000,0.99999999,0.99999917
145.7914,1.00000000,1.00000000,1.00000000,1.00000000,1.00000000,1.00000000,0.99999999,0.99999913
145.8465,1.00000000,1.00000000,1.00000000,1.00000000,1.00000000,1.00000000,0.99999998,0.99999909
145.9015,1.00000000,1.00000000,1.00000000,1.00000000,1.00000000,1.00000000,0.99999998,0.99999905
145.9565,1.00000000,1.00000000,1.00000000,1.00000000,1.00000000,1.00000000,0.99999998,0.99999901
146.0115,1.00000000,1.00000000,1.00000000,1.00000000,1.00000000,1.00000000,0.99999997,0.99999896
146.0665,1.00000000,1.00000000,1.00000000,1.00000000,1.00000000,1.00000000,0.99999997,0.99999892
146.1215,1.00000000,1.00000000,1.00000000,1.00000000,1.00000000,1.00000000,0.99999997,0.99999888
146.1765,1.00000000,1.00000000,1.00000000,1.00000000,1.00000000,1.00000000,0.99999996,0.99999883
146.2316,1.00000000,1.00000000,1.00000000,1.00000000,1.00000000,1.00000000,0.99999995,0.99999879
146.2866,1.00000000,1.00000000,1.00000000,1.00000000,1.00000000,1.00000000,0.99999995,0.99999874
146.3416,1.00000000,1.00000000,1.00000000,1.00000000,1.00000000,1.00000000,0.99999994,0.99999869
146.3966,1.00000000,1.00000000,1.00000000,1.00000000,1.00000000,1.00000000,0.99999993,0.99999864
146.4516,1.00000000,1.00000000,1.00000000,1.00000000,1.00000000,1.00000000,0.99999992,0.99999860
146.5066,1.00000000,1.00000000,1.00000000,1.00000000,1.00000000,1.00000000,0.99999991,0.99999855
146.5616,1.00000000,1.00000000,1.00000000,1.00000000,1.00000000,1.00000000,0.99999989,0.99999850
146.6167,1.00000000,1.00000000,1.00000000,1.00000000,1.00000000,1.00000000,0.99999988,0.99999845
146.6717,1.00000000,1.00000000,1.00000000,1.00000000,1.00000000,1.00000000,0.99999986,0.99999840
146.7267,1.00000000,1.00000000,1.00000000,1.00000000,1.00000000,1.00000000,0.99999984,0.99999835
146.7817,1.00000000,1.00000000,1.00000000,1.00000000,1.00000000,1.00000000,0.99999982,0.99999830
146.8367,1.00000000,1.00000000,1.00000000,1.00000000,1.00000000,1.00000000,0.99999980,0.99999825
146.8917,1.00000000,1.00000000,1.00000000,1.00000000,1.00000000,1.00000000,0.99999978,0.99999820
146.9467,1.00000000,1.00000000,1.00000000,1.00000000,1.00000000,1.00000000,0.99999975,0.99999814
147.0018,1.00000000,1.00000000,1.00000000,1.00000000,1.00000000,1.00000000,0.99999973,0.99999809
147.0568,1.00000000,1.00000000,1.00000000,1.00000000,1.00000000,1.00000000,0.99999970,0.99999804
147.1118,1.00000000,1.00000000,1.00000000,1.00000000,1.00000000,1.00000000,0.99999967,0.99999799
147.1668,1.00000000,1.00000000,1.00000000,1.00000000,1.00000000,1.00000000,0.99999963,0.99999794
147.2218,1.00000000,1.00000000,1.00000000,1.00000000,1.00000000,1.00000000,0.99999960,0.99999789
147.2768,1.00000000,1.00000000,1.00000000,1.00000000,1.00000000,1.00000000,0.99999956,0.99999785
147.3318,1.00000000,1.00000000,1.00000000,1.00000000,1.00000000,1.00000000,0.99999952,0.99999780
147.3868,1.00000000,1.00000000,1.00000000,1.00000000,1.00000000,1.00000000,0.99999948,0.99999775
147.4419,1.00000000,1.00000000,1.00000000,1.00000000,1.00000000,1.00000000,0.99999944,0.99999771
147.4969,1.00000000,1.00000000,1.00000000,1.00000000,1.00000000,0.99999999,0.99999939,0.99999766
147.5519,1.00000000,1.00000000,1.00000000,1.00000000,1.00000000,0.99999999,0.99999934,0.99999762
147.6069,1.00000000,1.00000000,1.00000000,1.00000000,1.00000000,0.99999999,0.99999930,0.99999757
147.6619,1.00000000,1.00000000,1.00000000,1.00000000,1.00000000,0.99999998,0.99999925,0.99999753
147.7169,1.00000000,1.00000000,1.00000000,1.00000000,1.00000000,0.99999998,0.99999920,0.99999749
147.7719,1.00000000,1.00000000,1.00000000,1.00000000,1.00000000,0.99999997,0.99999915,0.99999745
147.8270,1.00000000,1.00000000,1.00000000,1.00000000,1.00000000,0.99999996,0.99999910,0.99999741
147.8820,1.00000000,1.00000000,1.00000000,1.00000000,1.00000000,0.99999994,0.99999905,0.99999738
147.9370,1.00000000,1.00000000,1.00000000,1.00000000,1.00000000,0.99999992,0.99999900,0.99999734
147.9920,1.00000000,1.00000000,1.00000000,1.00000000,1.00000000,0.99999990,0.99999895,0.99999731
148.0470,1.00000000,1.00000000,1.00000000,1.00000000,1.00000000,0.99999988,0.99999891,0.99999728
148.1020,1.00000000,1.00000000,1.00000000,1.00000000,0.99999999,0.99999985,0.99999886,0.99999725
148.1570,1.00000000,1.00000000,1.00000000,1.00000000,0.99999999,0.99999981,0.99999882,0.99999723
148.2121,1.00000000,1.00000000,1.00000000,0.99999999,0.99999998,0.99999977,0.99999878,0.99999720
148.2671,1.00000000,1.00000000,1.00000000,0.99999999,0.99999996,0.99999973,0.99999874,0.99999718
148.3221,1.00000000,1.00000000,1.00000000,0.99999998,0.99999995,0.99999969,0.99999870,0.99999716
148.3771,1.00000000,1.00000000,0.99999999,0.99999996,0.99999992,0.99999965,0.99999867,0.99999714
148.4321,1.00000000,1.00000000,0.99999998,0.99999994,0.99999989,0.99999961,0.99999864,0.99999712
148.4871,1.00000000,1.00000000,0.99999996,0.99999992,0.99999986,0.99999956,0.99999861,0.99999711
148.5421,1.00000000,0.99999999,0.99999994,0.99999989,0.99999983,0.99999953,0.99999859,0.99999710
148.5971,0.99999999,0.99999999,0.99999992,0.99999987,0.99999981,0.99999950,0.99999858,0.99999709
148.6522,0.99999999,0.99999998,0.99999992,0.99999986,0.99999979,0.99999947,0.99999856,0.99999708
148.7072,0.99999999,0.99999999,0.99999991,0.99999985,0.99999977,0.99999946,0.99999856,0.99999708
148.7622,1.00000000,0.99999999,0.99999992,0.99999985,0.99999977,0.99999945,0.99999855,0.99999708
148.8172,1.00000000,0.99999999,0.99999992,0.99999985,0.99999977,0.99999946,0.99999855,0.99999708
148.8722,0.99999999,0.99999999,0.99999992,0.99999986,0.99999978,0.99999947,0.99999856,0.99999708
148.9272,0.99999999,0.99999999,0.99999992,0.99999987,0.99999980,0.99999949,0.99999857,0.99999709
148.9822,0.99999999,0.99999999,0.99999993,0.99999989,0.99999982,0.99999952,0.99999858,0.99999709
149.0373,1.00000000,0.99999999,0.99999995,0.99999991,0.99999985,0.99999955,0.99999860,0.99999710
149.0923,1.00000000,1.00000000,0.99999997,0.99999993,0.99999988,0.99999959,0.99999863,0.99999712
149.1473,1.00000000,1.00000000,0.99999998,0.99999995,0.99999991,0.99999963,0.99999865,0.99999713
149.2023,1.00000000,1.00000000,0.99999999,0.99999997,0.99999994,0.99999967,0.99999869,0.99999715
149.2573,1.00000000,1.00000000,1.00000000,0.99999998,0.99999996,0.99999972,0.99999872,0.99999716
149.3123,1.00000000,1.00000000,1.00000000,0.99999999,0.99999997,0.99999976,0.99999876,0.99999718
149.3673,1.00000000,1.00000000,1.00000000,1.00000000,0.99999998,0.99999980,0.99999880,0.99999721
149.4224,1.00000000,1.00000000,1.00000000,1.00000000,0.99999999,0.99999983,0.99999884,0.99999723
149.4774,1.00000000,1.00000000,1.00000000,1.00000000,1.00000000,0.99999986,0.99999889,0.99999726
149.5324,1.00000000,1.00000000,1.00000000,1.00000000,1.00000000,0.99999989,0.99999893,0.99999729
149.5874,1.00000000,1.00000000,1.00000000,1.00000000,1.00000000,0.99999992,0.99999898,0.99999732
149.6424,1.00000000,1.00000000,1.00000000,1.00000000,1.00000000,0.99999993,0.99999903,0.99999735
149.6974,1.00000000,1.00000000,1.00000000,1.00000000,1.00000000,0.99999995,0.99999908,0.99999738
149.7524,1.00000000,1.00000000,1.00000000,1.00000000,1.00000000,0.99999996,0.99999913,0.99999742
149.8075,1.00000000,1.00000000,1.00000000,1.00000000,1.00000000,0.99999997,0.99999918,0.99999745
149.8625,1.00000000,1.00000000,1.00000000,1.00000000,1.00000000,0.99999998,0.99999923,0.99999749
149.9175,1.00000000,1.00000000,1.00000000,1.00000000,1.00000000,0.99999999,0.99999928,0.99999753
149.9725,1.00000000,1.00000000,1.00000000,1.00000000,1.00000000,0.99999999,0.99999932,0.99999757
150.0275,1.00000000,1.00000000,1.00000000,1.00000000,1.00000000,0.99999999,0.99999937,0.99999761
150.0825,1.00000000,1.00000000,1.00000000,1.00000000,1.00000000,1.00000000,0.99999942,0.99999765
150.1375,1.00000000,1.00000000,1.00000000,1.00000000,1.00000000,1.00000000,0.99999946,0.99999769
150.1925,1.00000000,1.00000000,1.00000000,1.00000000,1.00000000,1.00000000,0.99999950,0.99999773
150.2476,1.00000000,1.00000000,1.00000000,1.00000000,1.00000000,1.00000000,0.99999954,0.99999777
150.3026,1.00000000,1.00000000,1.00000000,1.00000000,1.00000000,1.00000000,0.99999958,0.99999781
150.3576,1.00000000,1.00000000,1.00000000,1.00000000,1.00000000,1.00000000,0.99999962,0.99999785
150.4126,1.00000000,1.00000000,1.00000000,1.00000000,1.00000000,1.00000000,0.99999965,0.99999789
150.4676,1.00000000,1.00000000,1.00000000,1.00000000,1.00000000,1.00000000,0.99999968,0.99999793
150.5226,1.00000000,1.00000000,1.00000000,1.00000000,1.00000000,1.00000000,0.99999971,0.99999797
150.5776,1.00000000,1.00000000,1.00000000,1.00000000,1.00000000,1.00000000,0.99999974,0.99999801
150.6327,1.00000000,1.00000000,1.00000000,1.00000000,1.00000000,1.00000000,0.99999977,0.99999805
150.6877,1.00000000,1.00000000,1.00000000,1.00000000,1.00000000,1.00000000,0.99999979,0.99999809
150.7427,1.00000000,1.00000000,1.00000000,1.00000000,1.00000000,1.00000000,0.99999981,0.99999812
150.7977,1.00000000,1.00000000,1.00000000,1.00000000,1.00000000,1.00000000,0.99999983,0.99999815
150.8527,1.00000000,1.00000000,1.00000000,1.00000000,1.00000000,1.00000000,0.99999985,0.99999819
150.9077,1.00000000,1.00000000,1.00000000,1.00000000,1.00000000,1.00000000,0.99999987,0.99999822
150.9627,1.00000000,1.00000000,1.00000000,1.00000000,1.00000000,1.00000000,0.99999989,0.99999824
151.0178,1.00000000,1.00000000,1.00000000,1.00000000,1.00000000,1.00000000,0.99999990,0.99999827
151.0728,1.00000000,1.00000000,1.00000000,1.00000000,1.00000000,1.00000000,0.99999991,0.99999829
151.1278,1.00000000,1.00000000,1.00000000,1.00000000,1.00000000,1.00000000,0.99999992,0.99999830
151.1828,1.00000000,1.00000000,1.00000000,1.00000000,1.00000000,1.00000000,0.99999993,0.99999832
151.2378,1.00000000,1.00000000,1.00000000,1.00000000,1.00000000,1.00000000,0.99999994,0.99999833
151.2928,1.00000000,1.00000000,1.00000000,1.00000000,1.00000000,1.00000000,0.99999995,0.99999833
151.3478,1.00000000,1.00000000,1.00000000,1.00000000,1.00000000,1.00000000,0.99999996,0.99999834
151.4029,1.00000000,1.00000000,1.00000000,1.00000000,1.00000000,1.00000000,0.99999996,0.99999833
151.4579,1.00000000,1.00000000,1.00000000,1.00000000,1.00000000,1.00000000,0.99999997,0.99999832
151.5129,1.00000000,1.00000000,1.00000000,1.00000000,1.00000000,1.00000000,0.99999997,0.99999831
151.5679,1.00000000,1.00000000,1.00000000,1.00000000,1.00000000,1.00000000,0.99999998,0.99999828
151.6229,1.00000000,1.00000000,1.00000000,1.00000000,1.00000000,1.00000000,0.99999998,0.99999826
151.6779,1.00000000,1.00000000,1.00000000,1.00000000,1.00000000,1.00000000,0.99999998,0.99999822
151.7329,1.00000000,1.00000000,1.00000000,1.00000000,1.00000000,1.00000000,0.99999999,0.99999818
151.7879,1.00000000,1.00000000,1.00000000,1.00000000,1.00000000,1.00000000,0.99999999,0.99999813
151.8430,1.00000000,1.00000000,1.00000000,1.00000000,1.00000000,1.00000000,0.99999999,0.99999806
151.8980,1.00000000,1.00000000,1.00000000,1.00000000,1.00000000,1.00000000,0.99999999,0.99999799
151.9530,1.00000000,1.00000000,1.00000000,1.00000000,1.00000000,1.00000000,0.99999999,0.99999791
152.0080,1.00000000,1.00000000,1.00000000,1.00000000,1.00000000,1.00000000,0.99999999,0.99999782
152.0630,1.00000000,1.00000000,1.00000000,1.00000000,1.00000000,1.00000000,1.00000000,0.99999772
152.1180,1.00000000,1.00000000,1.00000000,1.00000000,1.00000000,1.00000000,1.00000000,0.99999760
152.1730,1.00000000,1.00000000,1.00000000,1.00000000,1.00000000,1.00000000,1.00000000,0.99999748
152.2281,1.00000000,1.00000000,1.00000000,1.00000000,1.00000000,1.00000000,1.00000000,0.99999733
152.2831,1.00000000,1.00000000,1.00000000,1.00000000,1.00000000,1.00000000,1.00000000,0.99999718
152.3381,1.00000000,1.00000000,1.00000000,1.00000000,1.00000000,1.00000000,1.00000000,0.99999700
152.3931,1.00000000,1.00000000,1.00000000,1.00000000,1.00000000,1.00000000,1.00000000,0.99999681
152.4481,1.00000000,1.00000000,1.00000000,1.00000000,1.00000000,1.00000000,1.00000000,0.99999661
152.5031,1.00000000,1.00000000,1.00000000,1.00000000,1.00000000,1.00000000,1.00000000,0.99999638
152.5581,1.00000000,1.00000000,1.00000000,1.00000000,1.00000000,1.00000000,1.00000000,0.99999614
152.6132,1.00000000,1.00000000,1.00000000,1.00000000,1.00000000,1.00000000,1.00000000,0.99999587
152.6682,1.00000000,1.00000000,1.00000000,1.00000000,1.00000000,1.00000000,1.00000000,0.99999559
152.7232,1.00000000,1.00000000,1.00000000,1.00000000,1.00000000,1.00000000,1.00000000,0.99999528
152.7782,1.00000000,1.00000000,1.00000000,1.00000000,1.00000000,1.00000000,1.00000000,0.99999494
152.8332,1.00000000,1.00000000,1.00000000,1.00000000,1.00000000,1.00000000,1.00000000,0.99999458
152.8882,1.00000000,1.00000000,1.00000000,1.00000000,1.00000000,1.00000000,1.00000000,0.99999419
152.9432,1.00000000,1.00000000,1.00000000,1.00000000,1.00000000,1.00000000,1.00000000,0.99999378
152.9982,1.00000000,1.00000000,1.00000000,1.00000000,1.00000000,1.00000000,1.00000000,0.99999333
153.0533,1.00000000,1.00000000,1.00000000,1.00000000,1.00000000,1.00000000,1.00000000,0.99999286
153.1083,1.00000000,1.00000000,1.00000000,1.00000000,1.00000000,1.00000000,1.00000000,0.99999235
153.1633,1.00000000,1.00000000,1.00000000,1.00000000,1.00000000,1.00000000,1.00000000,0.99999181
153.2183,1.00000000,1.00000000,1.00000000,1.00000000,1.00000000,1.00000000,1.00000000,0.99999123
153.2733,1.00000000,1.00000000,1.00000000,1.00000000,1.00000000,1.00000000,1.00000000,0.99999062
153.3283,1.00000000,1.00000000,1.00000000,1.00000000,1.00000000,1.00000000,1.00000000,0.99998996
153.3833,1.00000000,1.00000000,1.00000000,1.00000000,1.00000000,1.00000000,1.00000000,0.99998927
153.4384,1.00000000,1.00000000,1.00000000,1.00000000,1.00000000,1.00000000,1.00000000,0.99998853
153.4934,1.00000000,1.00000000,1.00000000,1.00000000,1.00000000,1.00000000,1.00000000,0.99998776
153.5484,1.00000000,1.00000000,1.00000000,1.00000000,1.00000000,1.00000000,1.00000000,0.99998693
153.6034,1.00000000,1.00000000,1.00000000,1.00000000,1.00000000,1.00000000,1.00000000,0.99998606
153.6584,1.00000000,1.00000000,1.00000000,1.00000000,1.00000000,1.00000000,1.00000000,0.99998514
153.7134,1.00000000,1.00000000,1.00000000,1.00000000,1.00000000,1.00000000,0.99999999,0.99998417
153.7684,1.00000000,1.00000000,1.00000000,1.00000000,1.00000000,1.00000000,0.99999999,0.99998315
153.8235,1.00000000,1.00000000,1.00000000,1.00000000,1.00000000,1.00000000,0.99999999,0.99998208
153.8785,1.00000000,1.00000000,1.00000000,1.00000000,1.00000000,1.00000000,0.99999999,0.99998095
153.9335,1.00000000,1.00000000,1.00000000,1.00000000,1.00000000,1.00000000,0.99999998,0.99997976
153.9885,1.00000000,1.00000000,1.00000000,1.00000000,1.00000000,1.00000000,0.99999998,0.99997852
154.0435,1.00000000,1.00000000,1.00000000,1.00000000,1.00000000,1.00000000,0.99999998,0.99997722
154.0985,1.00000000,1.00000000,1.00000000,1.00000000,1.00000000,1.00000000,0.99999997,0.99997585
154.1535,1.00000000,1.00000000,1.00000000,1.00000000,1.00000000,1.00000000,0.99999996,0.99997442
154.2086,1.00000000,1.00000000,1.00000000,1.00000000,1.00000000,1.00000000,0.99999995,0.99997293
154.2636,1.00000000,1.00000000,1.00000000,1.00000000,1.00000000,1.00000000,0.99999994,0.99997138
154.3186,1.00000000,1.00000000,1.00000000,1.00000000,1.00000000,1.00000000,0.99999993,0.99996976
154.3736,1.00000000,1.00000000,1.00000000,1.00000000,1.00000000,1.00000000,0.99999991,0.99996807
154.4286,1.00000000,1.00000000,1.00000000,1.00000000,1.00000000,1.00000000,0.99999989,0.99996631
154.4836,1.00000000,1.00000000,1.00000000,1.00000000,1.00000000,1.00000000,0.99999986,0.99996448
154.5386,1.00000000,1.00000000,1.00000000,1.00000000,1.00000000,1.00000000,0.99999983,0.99996258
154.5936,1.00000000,1.00000000,1.00000000,1.00000000,1.00000000,1.00000000,0.99999979,0.99996061
154.6487,1.00000000,1.00000000,1.00000000,1.00000000,1.00000000,1.00000000,0.99999974,0.99995857
154.7037,1.00000000,1.00000000,1.00000000,1.00000000,1.00000000,1.00000000,0.99999969,0.99995646
154.7587,1.00000000,1.00000000,1.00000000,1.00000000,1.00000000,1.00000000,0.99999962,0.99995427
154.8137,1.00000000,1.00000000,1.00000000,1.00000000,1.00000000,1.00000000,0.99999955,0.99995202
154.8687,1.00000000,1.00000000,1.00000000,1.00000000,1.00000000,1.00000000,0.99999945,0.99994969
154.9237,1.00000000,1.00000000,1.00000000,1.00000000,1.00000000,1.00000000,0.99999935,0.99994728
154.9787,1.00000000,1.00000000,1.00000000,1.00000000,1.00000000,1.00000000,0.99999922,0.99994481
155.0338,1.00000000,1.00000000,1.00000000,1.00000000,1.00000000,1.00000000,0.99999907,0.99994226
155.0888,1.00000000,1.00000000,1.00000000,1.00000000,1.00000000,1.00000000,0.99999889,0.99993964
155.1438,1.00000000,1.00000000,1.00000000,1.00000000,1.00000000,1.00000000,0.99999869,0.99993695
155.1988,1.00000000,1.00000000,1.00000000,1.00000000,1.00000000,1.00000000,0.99999846,0.99993419
155.2538,1.00000000,1.00000000,1.00000000,1.00000000,1.00000000,1.00000000,0.99999819,0.99993136
155.3088,1.00000000,1.00000000,1.00000000,1.00000000,1.00000000,1.00000000,0.99999788,0.99992846
155.3638,1.00000000,1.00000000,1.00000000,1.00000000,1.00000000,1.00000000,0.99999752,0.99992549
155.4189,1.00000000,1.00000000,1.00000000,1.00000000,1.00000000,1.00000000,0.99999712,0.99992246
155.4739,1.00000000,1.00000000,1.00000000,1.00000000,1.00000000,1.00000000,0.99999665,0.99991937
155.5289,1.00000000,1.00000000,1.00000000,1.00000000,1.00000000,1.00000000,0.99999613,0.99991621
155.5839,1.00000000,1.00000000,1.00000000,1.00000000,1.00000000,1.00000000,0.99999554,0.99991300
155.6389,1.00000000,1.00000000,1.00000000,1.00000000,1.00000000,1.00000000,0.99999488,0.99990973
155.6939,1.00000000,1.00000000,1.00000000,1.00000000,1.00000000,1.00000000,0.99999414,0.99990640
155.7489,1.00000000,1.00000000,1.00000000,1.00000000,1.00000000,1.00000000,0.99999331,0.99990302
155.8040,1.00000000,1.00000000,1.00000000,1.00000000,1.00000000,1.00000000,0.99999239,0.99989958
155.8590,1.00000000,1.00000000,1.00000000,1.00000000,1.00000000,1.00000000,0.99999138,0.99989611
155.9140,1.00000000,1.00000000,1.00000000,1.00000000,1.00000000,1.00000000,0.99999026,0.99989258
155.9690,1.00000000,1.00000000,1.00000000,1.00000000,1.00000000,1.00000000,0.99998903,0.99988901
156.0240,1.00000000,1.00000000,1.00000000,1.00000000,1.00000000,1.00000000,0.99998769,0.99988541
156.0790,1.00000000,1.00000000,1.00000000,1.00000000,1.00000000,1.00000000,0.99998623,0.99988177
156.1340,1.00000000,1.00000000,1.00000000,1.00000000,1.00000000,1.00000000,0.99998464,0.99987809
156.1890,1.00000000,1.00000000,1.00000000,1.00000000,1.00000000,1.00000000,0.99998293,0.99987439
156.2441,1.00000000,1.00000000,1.00000000,1.00000000,1.00000000,1.00000000,0.99998109,0.99987066
156.2991,1.00000000,1.00000000,1.00000000,1.00000000,1.00000000,0.99999999,0.99997912,0.99986690
156.3541,1.00000000,1.00000000,1.00000000,1.00000000,1.00000000,0.99999999,0.99997702,0.99986313
156.4091,1.00000000,1.00000000,1.00000000,1.00000000,1.00000000,0.99999998,0.99997479,0.99985934
156.4641,1.00000000,1.00000000,1.00000000,1.00000000,1.00000000,0.99999997,0.99997244,0.99985554
156.5191,1.00000000,1.00000000,1.00000000,1.00000000,1.00000000,0.99999994,0.99996996,0.99985172
156.5741,1.00000000,1.00000000,1.00000000,1.00000000,1.00000000,0.99999991,0.99996737,0.99984791
156.6292,1.00000000,1.00000000,1.00000000,1.00000000,1.00000000,0.99999985,0.99996468,0.99984408
156.6842,1.00000000,1.00000000,1.00000000,1.00000000,1.00000000,0.99999977,0.99996188,0.99984026
156.7392,1.00000000,1.00000000,1.00000000,1.00000000,1.00000000,0.99999964,0.99995900,0.99983644
156.7942,1.00000000,1.00000000,1.00000000,1.00000000,1.00000000,0.99999946,0.99995605,0.99983263
156.8492,1.00000000,1.00000000,1.00000000,1.00000000,1.00000000,0.99999919,0.99995304,0.99982882
156.9042,1.00000000,1.00000000,1.00000000,1.00000000,1.00000000,0.99999883,0.99994998,0.99982503
156.9592,1.00000000,1.00000000,1.00000000,1.00000000,1.00000000,0.99999833,0.99994690,0.99982125
157.0143,1.00000000,1.00000000,1.00000000,1.00000000,1.00000000,0.99999766,0.99994382,0.99981749
157.0693,1.00000000,1.00000000,1.00000000,1.00000000,1.00000000,0.99999679,0.99994075,0.99981375
157.1243,1.00000000,1.00000000,1.00000000,1.00000000,0.99999999,0.99999568,0.99993772,0.99981003
157.1793,1.00000000,1.00000000,1.00000000,1.00000000,0.99999997,0.99999430,0.99993475,0.99980634
157.2343,1.00000000,1.00000000,1.00000000,1.00000000,0.99999992,0.99999263,0.99993186,0.99980267
157.2893,1.00000000,1.00000000,1.00000000,0.99999999,0.99999981,0.99999064,0.99992908,0.99979903
157.3443,1.00000000,1.00000000,1.00000000,0.99999996,0.99999960,0.99998836,0.99992642,0.99979542
157.3993,1.00000000,1.00000000,1.00000000,0.99999989,0.99999922,0.99998580,0.99992391,0.99979184
157.4544,1.00000000,1.00000000,0.99999998,0.99999972,0.99999856,0.99998301,0.99992157,0.99978829
157.5094,1.00000000,1.00000000,0.99999994,0.99999936,0.99999752,0.99998007,0.99991942,0.99978478
157.5644,1.00000000,1.00000000,0.99999979,0.99999866,0.99999599,0.99997706,0.99991749,0.99978130
157.6194,1.00000000,0.99999999,0.99999941,0.99999747,0.99999395,0.99997412,0.99991577,0.99977786
157.6744,0.99999998,0.99999995,0.99999859,0.99999569,0.99999146,0.99997136,0.99991431,0.99977445
157.7294,0.99999991,0.99999981,0.99999716,0.99999337,0.99998871,0.99996892,0.99991309,0.99977108
157.7844,0.99999974,0.99999945,0.99999515,0.99999081,0.99998605,0.99996693,0.99991215,0.99976774
157.8395,0.99999945,0.99999888,0.99999301,0.99998850,0.99998386,0.99996549,0.99991147,0.99976444
157.8945,0.99999918,0.99999836,0.99999147,0.99998701,0.99998253,0.99996468,0.99991108,0.99976118
157.9495,0.99999913,0.99999825,0.99999120,0.99998676,0.99998232,0.99996455,0.99991096,0.99975795
158.0045,0.99999934,0.99999866,0.99999232,0.99998782,0.99998325,0.99996511,0.99991112,0.99975476
158.0595,0.99999964,0.99999926,0.99999434,0.99998989,0.99998515,0.99996632,0.99991156,0.99975161
158.1145,0.99999986,0.99999970,0.99999647,0.99999243,0.99998769,0.99996812,0.99991226,0.99974849
158.1695,0.99999996,0.99999991,0.99999813,0.99999488,0.99999045,0.99997041,0.99991322,0.99974541
158.2246,0.99999999,0.99999998,0.99999917,0.99999688,0.99999307,0.99997307,0.99991442,0.99974236
158.2796,1.00000000,1.00000000,0.99999969,0.99999828,0.99999530,0.99997596,0.99991584,0.99973934
158.3346,1.00000000,1.00000000,0.99999990,0.99999915,0.99999701,0.99997895,0.99991747,0.99973636
158.3896,1.00000000,1.00000000,0.99999997,0.99999962,0.99999822,0.99998193,0.99991929,0.99973341
158.4446,1.00000000,1.00000000,0.99999999,0.99999985,0.99999901,0.99998479,0.99992126,0.99973050
158.4996,1.00000000,1.00000000,1.00000000,0.99999994,0.99999949,0.99998744,0.99992337,0.99972761
158.5546,1.00000000,1.00000000,1.00000000,0.99999998,0.99999975,0.99998983,0.99992559,0.99972476
158.6097,1.00000000,1.00000000,1.00000000,0.99999999,0.99999989,0.99999193,0.99992788,0.99972193
158.6647,1.00000000,1.00000000,1.00000000,1.00000000,0.99999995,0.99999371,0.99993022,0.99971914
158.7197,1.00000000,1.00000000,1.00000000,1.00000000,0.99999998,0.99999520,0.99993258,0.99971638
158.7747,1.00000000,1.00000000,1.00000000,1.00000000,0.99999999,0.99999640,0.99993492,0.99971365
158.8297,1.00000000,1.00000000,1.00000000,1.00000000,1.00000000,0.99999736,0.99993722,0.99971095
158.8847,1.00000000,1.00000000,1.00000000,1.00000000,1.00000000,0.99999810,0.99993944,0.99970827
158.9397,1.00000000,1.00000000,1.00000000,1.00000000,1.00000000,0.99999866,0.99994155,0.99970564
158.9947,1.00000000,1.00000000,1.00000000,1.00000000,1.00000000,0.99999907,0.99994352,0.99970303
159.0498,1.00000000,1.00000000,1.00000000,1.00000000,1.00000000,0.99999937,0.99994533,0.99970045
159.1048,1.00000000,1.00000000,1.00000000,1.00000000,1.00000000,0.99999958,0.99994694,0.99969791
159.1598,1.00000000,1.00000000,1.00000000,1.00000000,1.00000000,0.99999973,0.99994834,0.99969541
159.2148,1.00000000,1.00000000,1.00000000,1.00000000,1.00000000,0.99999982,0.99994948,0.99969294
159.2698,1.00000000,1.00000000,1.00000000,1.00000000,1.00000000,0.99999989,0.99995037,0.99969051
159.3248,1.00000000,1.00000000,1.00000000,1.00000000,1.00000000,0.99999993,0.99995096,0.99968812
159.3798,1.00000000,1.00000000,1.00000000,1.00000000,1.00000000,0.99999996,0.99995126,0.99968578
159.4349,1.00000000,1.00000000,1.00000000,1.00000000,1.00000000,0.99999997,0.99995123,0.99968348
159.4899,1.00000000,1.00000000,1.00000000,1.00000000,1.00000000,0.99999998,0.99995088,0.99968123
159.5449,1.00000000,1.00000000,1.00000000,1.00000000,1.00000000,0.99999999,0.99995018,0.99967903
159.5999,1.00000000,1.00000000,1.00000000,1.00000000,1.00000000,0.99999999,0.99994914,0.99967689
159.6549,1.00000000,1.00000000,1.00000000,1.00000000,1.00000000,0.99999999,0.99994775,0.99967481
159.7099,1.00000000,1.00000000,1.00000000,1.00000000,1.00000000,0.99999998,0.99994602,0.99967279
159.7649,1.00000000,1.00000000,1.00000000,1.00000000,1.00000000,0.99999997,0.99994393,0.99967083
159.8200,1.00000000,1.00000000,1.00000000,1.00000000,1.00000000,0.99999995,0.99994152,0.99966895
159.8750,1.00000000,1.00000000,1.00000000,1.00000000,1.00000000,0.99999991,0.99993877,0.99966715
159.9300,1.00000000,1.00000000,1.00000000,1.00000000,1.00000000,0.99999986,0.99993571,0.99966542
159.9850,1.00000000,1.00000000,1.00000000,1.00000000,1.00000000,0.99999977,0.99993236,0.99966378
160.0400,1.00000000,1.00000000,1.00000000,1.00000000,1.00000000,0.99999964,0.99992873,0.99966224
160.0950,1.00000000,1.00000000,1.00000000,1.00000000,1.00000000,0.99999945,0.99992486,0.99966078
160.1500,1.00000000,1.00000000,1.00000000,1.00000000,1.00000000,0.99999916,0.99992076,0.99965943
160.2051,1.00000000,1.00000000,1.00000000,1.00000000,1.00000000,0.99999875,0.99991647,0.99965819
160.2601,1.00000000,1.00000000,1.00000000,1.00000000,1.00000000,0.99999817,0.99991202,0.99965705
160.3151,1.00000000,1.00000000,1.00000000,1.00000000,1.00000000,0.99999738,0.99990745,0.99965604
160.3701,1.00000000,1.00000000,1.00000000,1.00000000,1.00000000,0.99999632,0.99990280,0.99965514
160.4251,1.00000000,1.00000000,1.00000000,1.00000000,0.99999999,0.99999492,0.99989810,0.99965437
160.4801,1.00000000,1.00000000,1.00000000,1.00000000,0.99999998,0.99999314,0.99989340,0.99965374
160.5351,1.00000000,1.00000000,1.00000000,1.00000000,0.99999995,0.99999092,0.99988874,0.99965324
160.5901,1.00000000,1.00000000,1.00000000,1.00000000,0.99999988,0.99998820,0.99988416,0.99965288
160.6452,1.00000000,1.00000000,1.00000000,0.99999998,0.99999973,0.99998497,0.99987971,0.99965267
160.7002,1.00000000,1.00000000,1.00000000,0.99999995,0.99999943,0.99998122,0.99987544,0.99965262
160.7552,1.00000000,1.00000000,1.00000000,0.99999985,0.99999885,0.99997700,0.99987137,0.99965271
160.8102,1.00000000,1.00000000,0.99999998,0.99999962,0.99999786,0.99997236,0.99986756,0.99965297
160.8652,1.00000000,1.00000000,0.99999992,0.99999909,0.99999625,0.99996744,0.99986404,0.99965339
160.9202,1.00000000,1.00000000,0.99999972,0.99999805,0.99999386,0.99996238,0.99986086,0.99965398
160.9752,1.00000000,0.99999999,0.99999919,0.99999624,0.99999060,0.99995737,0.99985803,0.99965474
161.0303,0.99999997,0.99999994,0.99999800,0.99999345,0.99998654,0.99995263,0.99985560,0.99965567
161.0853,0.99999988,0.99999975,0.99999581,0.99998971,0.99998195,0.99994838,0.99985359,0.99965678
161.1403,0.99999963,0.99999924,0.99999260,0.99998542,0.99997737,0.99994484,0.99985202,0.99965807
161.1953,0.99999918,0.99999834,0.99998894,0.99998134,0.99997345,0.99994219,0.99985091,0.99965953
161.2503,0.99999869,0.99999738,0.99998601,0.99997846,0.99997086,0.99994059,0.99985028,0.99966117
161.3053,0.99999851,0.99999701,0.99998504,0.99997756,0.99997007,0.99994013,0.99985012,0.99966300
161.3603,0.99999878,0.99999754,0.99998647,0.99997890,0.99997124,0.99994083,0.99985045,0.99966500
161.4154,0.99999929,0.99999854,0.99998966,0.99998210,0.99997415,0.99994265,0.99985126,0.99966719
161.4704,0.99999970,0.99999937,0.99999331,0.99998629,0.99997826,0.99994549,0.99985255,0.99966955
161.5254,0.99999991,0.99999981,0.99999634,0.99999053,0.99998289,0.99994919,0.99985430,0.99967210
161.5804,0.99999998,0.99999996,0.99999831,0.99999409,0.99998741,0.99995355,0.99985650,0.99967482
161.6354,1.00000000,0.99999999,0.99999934,0.99999668,0.99999133,0.99995836,0.99985912,0.99967772
161.6904,1.00000000,1.00000000,0.99999978,0.99999831,0.99999441,0.99996340,0.99986215,0.99968079
161.7454,1.00000000,1.00000000,0.99999994,0.99999923,0.99999663,0.99996845,0.99986556,0.99968403
161.8005,1.00000000,1.00000000,0.99999999,0.99999968,0.99999810,0.99997332,0.99986931,0.99968743
161.8555,1.00000000,1.00000000,1.00000000,0.99999988,0.99999900,0.99997788,0.99987337,0.99969100
161.9105,1.00000000,1.00000000,1.00000000,0.99999996,0.99999950,0.99998202,0.99987770,0.99969473
161.9655,1.00000000,1.00000000,1.00000000,0.99999999,0.99999977,0.99998566,0.99988227,0.99969860
162.0205,1.00000000,1.00000000,1.00000000,1.00000000,0.99999990,0.99998879,0.99988705,0.99970263
162.0755,1.00000000,1.00000000,1.00000000,1.00000000,0.99999996,0.99999140,0.99989198,0.99970679
162.1305,1.00000000,1.00000000,1.00000000,1.00000000,0.99999998,0.99999354,0.99989704,0.99971109
162.1855,1.00000000,1.00000000,1.00000000,1.00000000,0.99999999,0.99999523,0.99990218,0.99971552
162.2406,1.00000000,1.00000000,1.00000000,1.00000000,1.00000000,0.99999655,0.99990737,0.99972007
162.2956,1.00000000,1.00000000,1.00000000,1.00000000,1.00000000,0.99999756,0.99991257,0.99972474
162.3506,1.00000000,1.00000000,1.00000000,1.00000000,1.00000000,0.99999830,0.99991775,0.99972951
162.4056,1.00000000,1.00000000,1.00000000,1.00000000,1.00000000,0.99999884,0.99992288,0.99973438
162.4606,1.00000000,1.00000000,1.00000000,1.00000000,1.00000000,0.99999922,0.99992792,0.99973935
162.5156,1.00000000,1.00000000,1.00000000,1.00000000,1.00000000,0.99999949,0.99993285,0.99974440
162.5706,1.00000000,1.00000000,1.00000000,1.00000000,1.00000000,0.99999967,0.99993766,0.99974952
162.6257,1.00000000,1.00000000,1.00000000,1.00000000,1.00000000,0.99999979,0.99994230,0.99975471
162.6807,1.00000000,1.00000000,1.00000000,1.00000000,1.00000000,0.99999987,0.99994678,0.99975996
162.7357,1.00000000,1.00000000,1.00000000,1.00000000,1.00000000,0.99999992,0.99995107,0.99976526
162.7907,1.00000000,1.00000000,1.00000000,1.00000000,1.00000000,0.99999995,0.99995516,0.99977059
162.8457,1.00000000,1.00000000,1.00000000,1.00000000,1.00000000,0.99999997,0.99995905,0.99977596
162.9007,1.00000000,1.00000000,1.00000000,1.00000000,1.00000000,0.99999998,0.99996272,0.99978136
162.9557,1.00000000,1.00000000,1.00000000,1.00000000,1.00000000,0.99999999,0.99996617,0.99978677
163.0108,1.00000000,1.00000000,1.00000000,1.00000000,1.00000000,1.00000000,0.99996940,0.99979218
163.0658,1.00000000,1.00000000,1.00000000,1.00000000,1.00000000,1.00000000,0.99997242,0.99979759
163.1208,1.00000000,1.00000000,1.00000000,1.00000000,1.00000000,1.00000000,0.99997522,0.99980299
163.1758,1.00000000,1.00000000,1.00000000,1.00000000,1.00000000,1.00000000,0.99997781,0.99980836
163.2308,1.00000000,1.00000000,1.00000000,1.00000000,1.00000000,1.00000000,0.99998019,0.99981371
163.2858,1.00000000,1.00000000,1.00000000,1.00000000,1.00000000,1.00000000,0.99998237,0.99981903
163.3408,1.00000000,1.00000000,1.00000000,1.00000000,1.00000000,1.00000000,0.99998437,0.99982429
163.3958,1.00000000,1.00000000,1.00000000,1.00000000,1.00000000,1.00000000,0.99998618,0.99982951
163.4509,1.00000000,1.00000000,1.00000000,1.00000000,1.00000000,1.00000000,0.99998783,0.99983466
163.5059,1.00000000,1.00000000,1.00000000,1.00000000,1.00000000,1.00000000,0.99998931,0.99983975
163.5609,1.00000000,1.00000000,1.00000000,1.00000000,1.00000000,1.00000000,0.99999065,0.99984477
163.6159,1.00000000,1.00000000,1.00000000,1.00000000,1.00000000,1.00000000,0.99999184,0.99984970
163.6709,1.00000000,1.00000000,1.00000000,1.00000000,1.00000000,1.00000000,0.99999290,0.99985455
163.7259,1.00000000,1.00000000,1.00000000,1.00000000,1.00000000,1.00000000,0.99999385,0.99985930
163.7809,1.00000000,1.00000000,1.00000000,1.00000000,1.00000000,1.00000000,0.99999469,0.99986395
163.8360,1.00000000,1.00000000,1.00000000,1.00000000,1.00000000,1.00000000,0.99999543,0.99986850
163.8910,1.00000000,1.00000000,1.00000000,1.00000000,1.00000000,1.00000000,0.99999607,0.99987294
163.9460,1.00000000,1.00000000,1.00000000,1.00000000,1.00000000,1.00000000,0.99999664,0.99987727
164.0010,1.00000000,1.00000000,1.00000000,1.00000000,1.00000000,1.00000000,0.99999714,0.99988147
164.0560,1.00000000,1.00000000,1.00000000,1.00000000,1.00000000,1.00000000,0.99999757,0.99988555
164.1110,1.00000000,1.00000000,1.00000000,1.00000000,1.00000000,1.00000000,0.99999794,0.99988951
164.1660,1.00000000,1.00000000,1.00000000,1.00000000,1.00000000,1.00000000,0.99999826,0.99989333
164.2211,1.00000000,1.00000000,1.00000000,1.00000000,1.00000000,1.00000000,0.99999853,0.99989702
164.2761,1.00000000,1.00000000,1.00000000,1.00000000,1.00000000,1.00000000,0.99999877,0.99990057
164.3311,1.00000000,1.00000000,1.00000000,1.00000000,1.00000000,1.00000000,0.99999896,0.99990399
164.3861,1.00000000,1.00000000,1.00000000,1.00000000,1.00000000,1.00000000,0.99999913,0.99990726
164.4411,1.00000000,1.00000000,1.00000000,1.00000000,1.00000000,1.00000000,0.99999927,0.99991039
164.4961,1.00000000,1.00000000,1.00000000,1.00000000,1.00000000,1.00000000,0.99999939,0.99991337
164.5511,1.00000000,1.00000000,1.00000000,1.00000000,1.00000000,1.00000000,0.99999949,0.99991620
164.6062,1.00000000,1.00000000,1.00000000,1.00000000,1.00000000,1.00000000,0.99999957,0.99991889
164.6612,1.00000000,1.00000000,1.00000000,1.00000000,1.00000000,1.00000000,0.99999963,0.99992144
164.7162,1.00000000,1.00000000,1.00000000,1.00000000,1.00000000,1.00000000,0.99999969,0.99992383
164.7712,1.00000000,1.00000000,1.00000000,1.00000000,1.00000000,1.00000000,0.99999972,0.99992607
164.8262,1.00000000,1.00000000,1.00000000,1.00000000,1.00000000,1.00000000,0.99999975,0.99992817
164.8812,1.00000000,1.00000000,1.00000000,1.00000000,1.00000000,1.00000000,0.99999977,0.99993012
164.9362,1.00000000,1.00000000,1.00000000,1.00000000,1.00000000,1.00000000,0.99999978,0.99993192
164.9912,1.00000000,1.00000000,1.00000000,1.00000000,1.00000000,1.00000000,0.99999978,0.99993357
165.0463,1.00000000,1.00000000,1.00000000,1.00000000,1.00000000,1.00000000,0.99999977,0.99993508
165.1013,1.00000000,1.00000000,1.00000000,1.00000000,1.00000000,1.00000000,0.99999975,0.99993644
165.1563,1.00000000,1.00000000,1.00000000,1.00000000,1.00000000,1.00000000,0.99999973,0.99993766
165.2113,1.00000000,1.00000000,1.00000000,1.00000000,1.00000000,1.00000000,0.99999969,0.99993874
165.2663,1.00000000,1.00000000,1.00000000,1.00000000,1.00000000,1.00000000,0.99999964,0.99993968
165.3213,1.00000000,1.00000000,1.00000000,1.00000000,1.00000000,1.00000000,0.99999959,0.99994048
165.3763,1.00000000,1.00000000,1.00000000,1.00000000,1.00000000,1.00000000,0.99999952,0.99994115
165.4314,1.00000000,1.00000000,1.00000000,1.00000000,1.00000000,1.00000000,0.99999944,0.99994168
165.4864,1.00000000,1.00000000,1.00000000,1.00000000,1.00000000,1.00000000,0.99999935,0.99994208
165.5414,1.00000000,1.00000000,1.00000000,1.00000000,1.00000000,1.00000000,0.99999924,0.99994235
165.5964,1.00000000,1.00000000,1.00000000,1.00000000,1.00000000,1.00000000,0.99999911,0.99994250
165.6514,1.00000000,1.00000000,1.00000000,1.00000000,1.00000000,1.00000000,0.99999897,0.99994253
165.7064,1.00000000,1.00000000,1.00000000,1.00000000,1.00000000,1.00000000,0.99999880,0.99994243
165.7614,1.00000000,1.00000000,1.00000000,1.00000000,1.00000000,1.00000000,0.99999861,0.99994222
165.8165,1.00000000,1.00000000,1.00000000,1.00000000,1.00000000,1.00000000,0.99999839,0.99994189
165.8715,1.00000000,1.00000000,1.00000000,1.00000000,1.00000000,1.00000000,0.99999815,0.99994146
165.9265,1.00000000,1.00000000,1.00000000,1.00000000,1.00000000,1.00000000,0.99999788,0.99994091
165.9815,1.00000000,1.00000000,1.00000000,1.00000000,1.00000000,1.00000000,0.99999757,0.99994026
166.0365,1.00000000,1.00000000,1.00000000,1.00000000,1.00000000,1.00000000,0.99999723,0.99993951
166.0915,1.00000000,1.00000000,1.00000000,1.00000000,1.00000000,1.00000000,0.99999685,0.99993866
166.1465,1.00000000,1.00000000,1.00000000,1.00000000,1.00000000,1.00000000,0.99999643,0.99993771
166.2016,1.00000000,1.00000000,1.00000000,1.00000000,1.00000000,1.00000000,0.99999597,0.99993668
166.2566,1.00000000,1.00000000,1.00000000,1.00000000,1.00000000,1.00000000,0.99999546,0.99993556
166.3116,1.00000000,1.00000000,1.00000000,1.00000000,1.00000000,1.00000000,0.99999491,0.99993435
166.3666,1.00000000,1.00000000,1.00000000,1.00000000,1.00000000,1.00000000,0.99999430,0.99993306
166.4216,1.00000000,1.00000000,1.00000000,1.00000000,1.00000000,1.00000000,0.99999365,0.99993170
166.4766,1.00000000,1.00000000,1.00000000,1.00000000,1.00000000,1.00000000,0.99999294,0.99993026
166.5316,1.00000000,1.00000000,1.00000000,1.00000000,1.00000000,1.00000000,0.99999218,0.99992875
166.5866,1.00000000,1.00000000,1.00000000,1.00000000,1.00000000,1.00000000,0.99999137,0.99992718
166.6417,1.00000000,1.00000000,1.00000000,1.00000000,1.00000000,0.99999999,0.99999050,0.99992554
166.6967,1.00000000,1.00000000,1.00000000,1.00000000,1.00000000,0.99999999,0.99998958,0.99992385
166.7517,1.00000000,1.00000000,1.00000000,1.00000000,1.00000000,0.99999999,0.99998860,0.99992210
166.8067,1.00000000,1.00000000,1.00000000,1.00000000,1.00000000,0.99999998,0.99998758,0.99992030
166.8617,1.00000000,1.00000000,1.00000000,1.00000000,1.00000000,0.99999996,0.99998651,0.99991845
166.9167,1.00000000,1.00000000,1.00000000,1.00000000,1.00000000,0.99999994,0.99998539,0.99991656
166.9717,1.00000000,1.00000000,1.00000000,1.00000000,1.00000000,0.99999990,0.99998422,0.99991463
167.0268,1.00000000,1.00000000,1.00000000,1.00000000,1.00000000,0.99999985,0.99998302,0.99991266
167.0818,1.00000000,1.00000000,1.00000000,1.00000000,1.00000000,0.99999977,0.99998179,0.99991066
167.1368,1.00000000,1.00000000,1.00000000,1.00000000,1.00000000,0.99999965,0.99998052,0.99990864
167.1918,1.00000000,1.00000000,1.00000000,1.00000000,1.00000000,0.99999950,0.99997924,0.99990658
167.2468,1.00000000,1.00000000,1.00000000,1.00000000,1.00000000,0.99999929,0.99997793,0.99990451
167.3018,1.00000000,1.00000000,1.00000000,1.00000000,1.00000000,0.99999901,0.99997662,0.99990241
167.3568,1.00000000,1.00000000,1.00000000,1.00000000,1.00000000,0.99999864,0.99997530,0.99990031
167.4119,1.00000000,1.00000000,1.00000000,1.00000000,0.99999999,0.99999817,0.99997399,0.99989819
167.4669,1.00000000,1.00000000,1.00000000,1.00000000,0.99999998,0.99999760,0.99997269,0.99989607
167.5219,1.00000000,1.00000000,1.00000000,1.00000000,0.99999996,0.99999690,0.99997140,0.99989394
167.5769,1.00000000,1.00000000,1.00000000,0.99999999,0.99999992,0.99999608,0.99997015,0.99989182
167.6319,1.00000000,1.00000000,1.00000000,0.99999998,0.99999982,0.99999513,0.99996892,0.99988969
167.6869,1.00000000,1.00000000,1.00000000,0.99999995,0.99999965,0.99999408,0.99996774,0.99988758
167.7419,1.00000000,1.00000000,0.99999999,0.99999987,0.99999937,0.99999293,0.99996660,0.99988548
167.7969,1.00000000,1.00000000,0.99999997,0.99999971,0.99999892,0.99999173,0.99996551,0.99988339
167.8520,1.00000000,1.00000000,0.99999990,0.99999940,0.99999827,0.99999051,0.99996448,0.99988132
167.9070,1.00000000,1.00000000,0.99999973,0.99999889,0.99999742,0.99998932,0.99996350,0.99987927
167.9620,0.99999999,0.99999998,0.99999937,0.99999813,0.99999638,0.99998821,0.99996259,0.99987725
168.0170,0.99999996,0.99999991,0.99999875,0.99999717,0.99999526,0.99998724,0.99996175,0.99987526
168.0720,0.99999988,0.99999975,0.99999791,0.99999613,0.99999419,0.99998645,0.99996096,0.99987330
168.1270,0.99999976,0.99999951,0.99999705,0.99999522,0.99999334,0.99998590,0.99996025,0.99987137
168.1820,0.99999966,0.99999931,0.99999648,0.99999467,0.99999285,0.99998560,0.99995959,0.99986949
168.2371,0.99999965,0.99999930,0.99999645,0.99999464,0.99999283,0.99998559,0.99995900,0.99986764
168.2921,0.99999975,0.99999949,0.99999697,0.99999513,0.99999326,0.99998585,0.99995846,0.99986584
168.3471,0.99999987,0.99999973,0.99999781,0.99999601,0.99999408,0.99998638,0.99995797,0.99986409
168.4021,0.99999995,0.99999990,0.99999866,0.99999705,0.99999513,0.99998714,0.99995753,0.99986239
168.4571,0.99999999,0.99999997,0.99999931,0.99999803,0.99999626,0.99998809,0.99995713,0.99986074
168.5121,1.00000000,0.99999999,0.99999970,0.99999882,0.99999731,0.99998919,0.99995677,0.99985915
168.5671,1.00000000,1.00000000,0.99999989,0.99999936,0.99999819,0.99999037,0.99995642,0.99985762
168.6222,1.00000000,1.00000000,0.99999997,0.99999969,0.99999886,0.99999159,0.99995610,0.99985615
168.6772,1.00000000,1.00000000,0.99999999,0.99999986,0.99999933,0.99999280,0.99995578,0.99985474
168.7322,1.00000000,1.00000000,1.00000000,0.99999994,0.99999963,0.99999395,0.99995547,0.99985340
168.7872,1.00000000,1.00000000,1.00000000,0.99999998,0.99999981,0.99999501,0.99995514,0.99985214
168.8422,1.00000000,1.00000000,1.00000000,0.99999999,0.99999991,0.99999596,0.99995480,0.99985094
168.8972,1.00000000,1.00000000,1.00000000,1.00000000,0.99999996,0.99999679,0.99995444,0.99984982
168.9522,1.00000000,1.00000000,1.00000000,1.00000000,0.99999998,0.99999748,0.99995405,0.99984878
169.0073,1.00000000,1.00000000,1.00000000,1.00000000,0.99999999,0.99999805,0.99995363,0.99984781
169.0623,1.00000000,1.00000000,1.00000000,1.00000000,1.00000000,0.99999849,0.99995317,0.99984692
169.1173,1.00000000,1.00000000,1.00000000,1.00000000,1.00000000,0.99999880,0.99995267,0.99984612
169.1723,1.00000000,1.00000000,1.00000000,1.00000000,1.00000000,0.99999900,0.99995212,0.99984540
169.2273,1.00000000,1.00000000,1.00000000,1.00000000,1.00000000,0.99999909,0.99995154,0.99984476
169.2823,1.00000000,1.00000000,1.00000000,1.00000000,1.00000000,0.99999907,0.99995091,0.99984422
169.3373,1.00000000,1.00000000,1.00000000,1.00000000,1.00000000,0.99999893,0.99995025,0.99984376
169.3923,1.00000000,1.00000000,1.00000000,1.00000000,1.00000000,0.99999867,0.99994955,0.99984339
169.4474,1.00000000,1.00000000,1.00000000,1.00000000,1.00000000,0.99999828,0.99994883,0.99984311
169.5024,1.00000000,1.00000000,1.00000000,1.00000000,1.00000000,0.99999773,0.99994809,0.99984292
169.5574,1.00000000,1.00000000,1.00000000,1.00000000,0.99999999,0.99999701,0.99994733,0.99984282
169.6124,1.00000000,1.00000000,1.00000000,1.00000000,0.99999997,0.99999611,0.99994658,0.99984282
169.6674,1.00000000,1.00000000,1.00000000,1.00000000,0.99999993,0.99999503,0.99994583,0.99984290
169.7224,1.00000000,1.00000000,1.00000000,0.99999999,0.99999985,0.99999374,0.99994511,0.99984308
169.7774,1.00000000,1.00000000,1.00000000,0.99999997,0.99999969,0.99999227,0.99994442,0.99984336
169.8325,1.00000000,1.00000000,1.00000000,0.99999991,0.99999940,0.99999064,0.99994378,0.99984372
169.8875,1.00000000,1.00000000,0.99999998,0.99999977,0.99999892,0.99998888,0.99994319,0.99984418
169.9425,1.00000000,1.00000000,0.99999994,0.99999948,0.99999818,0.99998704,0.99994268,0.99984474
169.9975,1.00000000,1.00000000,0.99999981,0.99999896,0.99999713,0.99998519,0.99994225,0.99984538
170.0525,1.00000000,0.99999999,0.99999950,0.99999810,0.99999576,0.99998340,0.99994191,0.99984611
170.1075,0.99999998,0.99999995,0.99999887,0.99999687,0.99999414,0.99998175,0.99994168,0.99984694
170.1625,0.99999992,0.99999982,0.99999785,0.99999536,0.99999244,0.99998033,0.99994156,0.99984785
170.2176,0.99999978,0.99999955,0.99999654,0.99999379,0.99999086,0.99997921,0.99994157,0.99984885
170.2726,0.99999959,0.99999918,0.99999528,0.99999250,0.99998967,0.99997845,0.99994170,0.99984994
170.3276,0.99999946,0.99999892,0.99999457,0.99999182,0.99998907,0.99997809,0.99994198,0.99985112
170.3826,0.99999949,0.99999898,0.99999471,0.99999195,0.99998919,0.99997816,0.99994239,0.99985237
170.4376,0.99999965,0.99999930,0.99999564,0.99999286,0.99998999,0.99997864,0.99994294,0.99985371
170.4926,0.99999983,0.99999965,0.99999697,0.99999428,0.99999133,0.99997953,0.99994364,0.99985513
170.5476,0.99999994,0.99999988,0.99999821,0.99999586,0.99999297,0.99998075,0.99994447,0.99985662
170.6027,0.99999999,0.99999997,0.99999911,0.99999730,0.99999467,0.99998225,0.99994545,0.99985820
170.6577,1.00000000,0.99999999,0.99999962,0.99999841,0.99999622,0.99998395,0.99994655,0.99985984
170.7127,1.00000000,1.00000000,0.99999987,0.99999916,0.99999749,0.99998577,0.99994779,0.99986155
170.7677,1.00000000,1.00000000,0.99999996,0.99999959,0.99999844,0.99998763,0.99994914,0.99986334
170.8227,1.00000000,1.00000000,0.99999999,0.99999982,0.99999910,0.99998945,0.99995061,0.99986518
170.8777,1.00000000,1.00000000,1.00000000,0.99999993,0.99999951,0.99999118,0.99995218,0.99986709
170.9327,1.00000000,1.00000000,1.00000000,0.99999998,0.99999975,0.99999276,0.99995383,0.99986906
170.9877,1.00000000,1.00000000,1.00000000,0.99999999,0.99999988,0.99999418,0.99995557,0.99987108
171.0428,1.00000000,1.00000000,1.00000000,1.00000000,0.99999995,0.99999541,0.99995737,0.99987316
171.0978,1.00000000,1.00000000,1.00000000,1.00000000,0.99999998,0.99999645,0.99995923,0.99987529
171.1528,1.00000000,1.00000000,1.00000000,1.00000000,0.99999999,0.99999731,0.99996112,0.99987746
171.2078,1.00000000,1.00000000,1.00000000,1.00000000,1.00000000,0.99999800,0.99996305,0.99987968
171.2628,1.00000000,1.00000000,1.00000000,1.00000000,1.00000000,0.99999854,0.99996499,0.99988194
171.3178,1.00000000,1.00000000,1.00000000,1.00000000,1.00000000,0.99999895,0.99996693,0.99988423
171.3728,1.00000000,1.00000000,1.00000000,1.00000000,1.00000000,0.99999927,0.99996887,0.99988656
171.4279,1.00000000,1.00000000,1.00000000,1.00000000,1.00000000,0.99999950,0.99997078,0.99988891
171.4829,1.00000000,1.00000000,1.00000000,1.00000000,1.00000000,0.99999966,0.99997267,0.99989129
171.5379,1.00000000,1.00000000,1.00000000,1.00000000,1.00000000,0.99999977,0.99997452,0.99989370
171.5929,1.00000000,1.00000000,1.00000000,1.00000000,1.00000000,0.99999985,0.99997631,0.99989612
171.6479,1.00000000,1.00000000,1.00000000,1.00000000,1.00000000,0.99999991,0.99997806,0.99989856
171.7029,1.00000000,1.00000000,1.00000000,1.00000000,1.00000000,0.99999994,0.99997974,0.99990101
171.7579,1.00000000,1.00000000,1.00000000,1.00000000,1.00000000,0.99999996,0.99998135,0.99990347
171.8130,1.00000000,1.00000000,1.00000000,1.00000000,1.00000000,0.99999998,0.99998289,0.99990594
171.8680,1.00000000,1.00000000,1.00000000,1.00000000,1.00000000,0.99999999,0.99998435,0.99990841
171.9230,1.00000000,1.00000000,1.00000000,1.00000000,1.00000000,0.99999999,0.99998574,0.99991087
171.9780,1.00000000,1.00000000,1.00000000,1.00000000,1.00000000,1.00000000,0.99998704,0.99991334
172.0330,1.00000000,1.00000000,1.00000000,1.00000000,1.00000000,1.00000000,0.99998826,0.99991579
172.0880,1.00000000,1.00000000,1.00000000,1.00000000,1.00000000,1.00000000,0.99998941,0.99991824
172.1430,1.00000000,1.00000000,1.00000000,1.00000000,1.00000000,1.00000000,0.99999047,0.99992067
172.1980,1.00000000,1.00000000,1.00000000,1.00000000,1.00000000,1.00000000,0.99999145,0.99992308
172.2531,1.00000000,1.00000000,1.00000000,1.00000000,1.00000000,1.00000000,0.99999236,0.99992547
172.3081,1.00000000,1.00000000,1.00000000,1.00000000,1.00000000,1.00000000,0.99999319,0.99992785
172.3631,1.00000000,1.00000000,1.00000000,1.00000000,1.00000000,1.00000000,0.99999396,0.99993020
172.4181,1.00000000,1.00000000,1.00000000,1.00000000,1.00000000,1.00000000,0.99999465,0.99993252
172.4731,1.00000000,1.00000000,1.00000000,1.00000000,1.00000000,1.00000000,0.99999528,0.99993481
172.5281,1.00000000,1.00000000,1.00000000,1.00000000,1.00000000,1.00000000,0.99999585,0.99993707
172.5831,1.00000000,1.00000000,1.00000000,1.00000000,1.00000000,1.00000000,0.99999636,0.99993930
172.6382,1.00000000,1.00000000,1.00000000,1.00000000,1.00000000,1.00000000,0.99999682,0.99994149
172.6932,1.00000000,1.00000000,1.00000000,1.00000000,1.00000000,1.00000000,0.99999723,0.99994365
172.7482,1.00000000,1.00000000,1.00000000,1.00000000,1.00000000,1.00000000,0.99999760,0.99994577
172.8032,1.00000000,1.00000000,1.00000000,1.00000000,1.00000000,1.00000000,0.99999792,0.99994784
172.8582,1.00000000,1.00000000,1.00000000,1.00000000,1.00000000,1.00000000,0.99999821,0.99994988
172.9132,1.00000000,1.00000000,1.00000000,1.00000000,1.00000000,1.00000000,0.99999846,0.99995187
172.9682,1.00000000,1.00000000,1.00000000,1.00000000,1.00000000,1.00000000,0.99999868,0.99995382
173.0233,1.00000000,1.00000000,1.00000000,1.00000000,1.00000000,1.00000000,0.99999887,0.99995572
173.0783,1.00000000,1.00000000,1.00000000,1.00000000,1.00000000,1.00000000,0.99999904,0.99995758
173.1333,1.00000000,1.00000000,1.00000000,1.00000000,1.00000000,1.00000000,0.99999919,0.99995939
173.1883,1.00000000,1.00000000,1.00000000,1.00000000,1.00000000,1.00000000,0.99999931,0.99996115
173.2433,1.00000000,1.00000000,1.00000000,1.00000000,1.00000000,1.00000000,0.99999942,0.99996286
173.2983,1.00000000,1.00000000,1.00000000,1.00000000,1.00000000,1.00000000,0.99999951,0.99996453
173.3533,1.00000000,1.00000000,1.00000000,1.00000000,1.00000000,1.00000000,0.99999959,0.99996614
173.4084,1.00000000,1.00000000,1.00000000,1.00000000,1.00000000,1.00000000,0.99999966,0.99996771
173.4634,1.00000000,1.00000000,1.00000000,1.00000000,1.00000000,1.00000000,0.99999972,0.99996923
173.5184,1.00000000,1.00000000,1.00000000,1.00000000,1.00000000,1.00000000,0.99999977,0.99997070
173.5734,1.00000000,1.00000000,1.00000000,1.00000000,1.00000000,1.00000000,0.99999981,0.99997212
173.6284,1.00000000,1.00000000,1.00000000,1.00000000,1.00000000,1.00000000,0.99999984,0.99997350
173.6834,1.00000000,1.00000000,1.00000000,1.00000000,1.00000000,1.00000000,0.99999987,0.99997482
173.7384,1.00000000,1.00000000,1.00000000,1.00000000,1.00000000,1.00000000,0.99999989,0.99997610
173.7934,1.00000000,1.00000000,1.00000000,1.00000000,1.00000000,1.00000000,0.99999991,0.99997733
173.8485,1.00000000,1.00000000,1.00000000,1.00000000,1.00000000,1.00000000,0.99999993,0.99997851
173.9035,1.00000000,1.00000000,1.00000000,1.00000000,1.00000000,1.00000000,0.99999994,0.99997965
173.9585,1.00000000,1.00000000,1.00000000,1.00000000,1.00000000,1.00000000,0.99999995,0.99998075
174.0135,1.00000000,1.00000000,1.00000000,1.00000000,1.00000000,1.00000000,0.99999996,0.99998179
174.0685,1.00000000,1.00000000,1.00000000,1.00000000,1.00000000,1.00000000,0.99999997,0.99998280
174.1235,1.00000000,1.00000000,1.00000000,1.00000000,1.00000000,1.00000000,0.99999998,0.99998376
174.1785,1.00000000,1.00000000,1.00000000,1.00000000,1.00000000,1.00000000,0.99999998,0.99998468
174.2336,1.00000000,1.00000000,1.00000000,1.00000000,1.00000000,1.00000000,0.99999998,0.99998556
174.2886,1.00000000,1.00000000,1.00000000,1.00000000,1.00000000,1.00000000,0.99999999,0.99998640
174.3436,1.00000000,1.00000000,1.00000000,1.00000000,1.00000000,1.00000000,0.99999999,0.99998720
174.3986,1.00000000,1.00000000,1.00000000,1.00000000,1.00000000,1.00000000,0.99999999,0.99998797
174.4536,1.00000000,1.00000000,1.00000000,1.00000000,1.00000000,1.00000000,0.99999999,0.99998869
174.5086,1.00000000,1.00000000,1.00000000,1.00000000,1.00000000,1.00000000,1.00000000,0.99998939
174.5636,1.00000000,1.00000000,1.00000000,1.00000000,1.00000000,1.00000000,1.00000000,0.99999004
174.6187,1.00000000,1.00000000,1.00000000,1.00000000,1.00000000,1.00000000,1.00000000,0.99999067
174.6737,1.00000000,1.00000000,1.00000000,1.00000000,1.00000000,1.00000000,1.00000000,0.99999126
174.7287,1.00000000,1.00000000,1.00000000,1.00000000,1.00000000,1.00000000,1.00000000,0.99999182
174.7837,1.00000000,1.00000000,1.00000000,1.00000000,1.00000000,1.00000000,1.00000000,0.99999235
174.8387,1.00000000,1.00000000,1.00000000,1.00000000,1.00000000,1.00000000,1.00000000,0.99999285
174.8937,1.00000000,1.00000000,1.00000000,1.00000000,1.00000000,1.00000000,1.00000000,0.99999333
174.9487,1.00000000,1.00000000,1.00000000,1.00000000,1.00000000,1.00000000,1.00000000,0.99999378
175.0038,1.00000000,1.00000000,1.00000000,1.00000000,1.00000000,1.00000000,1.00000000,0.99999420
175.0588,1.00000000,1.00000000,1.00000000,1.00000000,1.00000000,1.00000000,1.00000000,0.99999460
175.1138,1.00000000,1.00000000,1.00000000,1.00000000,1.00000000,1.00000000,1.00000000,0.99999497
175.1688,1.00000000,1.00000000,1.00000000,1.00000000,1.00000000,1.00000000,1.00000000,0.99999532
175.2238,1.00000000,1.00000000,1.00000000,1.00000000,1.00000000,1.00000000,1.00000000,0.99999566
175.2788,1.00000000,1.00000000,1.00000000,1.00000000,1.00000000,1.00000000,1.00000000,0.99999597
175.3338,1.00000000,1.00000000,1.00000000,1.00000000,1.00000000,1.00000000,1.00000000,0.99999626
175.3888,1.00000000,1.00000000,1.00000000,1.00000000,1.00000000,1.00000000,1.00000000,0.99999653
175.4439,1.00000000,1.00000000,1.00000000,1.00000000,1.00000000,1.00000000,1.00000000,0.99999679
175.4989,1.00000000,1.00000000,1.00000000,1.00000000,1.00000000,1.00000000,1.00000000,0.99999703
175.5539,1.00000000,1.00000000,1.00000000,1.00000000,1.00000000,1.00000000,1.00000000,0.99999725
175.6089,1.00000000,1.00000000,1.00000000,1.00000000,1.00000000,1.00000000,1.00000000,0.99999746
175.6639,1.00000000,1.00000000,1.00000000,1.00000000,1.00000000,1.00000000,1.00000000,0.99999766
175.7189,1.00000000,1.00000000,1.00000000,1.00000000,1.00000000,1.00000000,1.00000000,0.99999784
175.7739,1.00000000,1.00000000,1.00000000,1.00000000,1.00000000,1.00000000,1.00000000,0.99999801
175.8290,1.00000000,1.00000000,1.00000000,1.00000000,1.00000000,1.00000000,1.00000000,0.99999817
175.8840,1.00000000,1.00000000,1.00000000,1.00000000,1.00000000,1.00000000,1.00000000,0.99999831
175.9390,1.00000000,1.00000000,1.00000000,1.00000000,1.00000000,1.00000000,1.00000000,0.99999845
175.9940,1.00000000,1.00000000,1.00000000,1.00000000,1.00000000,1.00000000,1.00000000,0.99999857
176.0490,1.00000000,1.00000000,1.00000000,1.00000000,1.00000000,1.00000000,1.00000000,0.99999869
176.1040,1.00000000,1.00000000,1.00000000,1.00000000,1.00000000,1.00000000,1.00000000,0.99999880
176.1590,1.00000000,1.00000000,1.00000000,1.00000000,1.00000000,1.00000000,1.00000000,0.99999890
176.2141,1.00000000,1.00000000,1.00000000,1.00000000,1.00000000,1.00000000,1.00000000,0.99999899
176.2691,1.00000000,1.00000000,1.00000000,1.00000000,1.00000000,1.00000000,1.00000000,0.99999908
176.3241,1.00000000,1.00000000,1.00000000,1.00000000,1.00000000,1.00000000,1.00000000,0.99999916
176.3791,1.00000000,1.00000000,1.00000000,1.00000000,1.00000000,1.00000000,1.00000000,0.99999923
176.4341,1.00000000,1.00000000,1.00000000,1.00000000,1.00000000,1.00000000,1.00000000,0.99999930
176.4891,1.00000000,1.00000000,1.00000000,1.00000000,1.00000000,1.00000000,1.00000000,0.99999936
176.5441,1.00000000,1.00000000,1.00000000,1.00000000,1.00000000,1.00000000,1.00000000,0.99999942
176.5991,1.00000000,1.00000000,1.00000000,1.00000000,1.00000000,1.00000000,1.00000000,0.99999947
176.6542,1.00000000,1.00000000,1.00000000,1.00000000,1.00000000,1.00000000,1.00000000,0.99999952
176.7092,1.00000000,1.00000000,1.00000000,1.00000000,1.00000000,1.00000000,1.00000000,0.99999956
176.7642,1.00000000,1.00000000,1.00000000,1.00000000,1.00000000,1.00000000,1.00000000,0.99999960
176.8192,1.00000000,1.00000000,1.00000000,1.00000000,1.00000000,1.00000000,1.00000000,0.99999964
176.8742,1.00000000,1.00000000,1.00000000,1.00000000,1.00000000,1.00000000,1.00000000,0.99999967
176.9292,1.00000000,1.00000000,1.00000000,1.00000000,1.00000000,1.00000000,1.00000000,0.99999970
176.9842,1.00000000,1.00000000,1.00000000,1.00000000,1.00000000,1.00000000,1.00000000,0.99999973
177.0393,1.00000000,1.00000000,1.00000000,1.00000000,1.00000000,1.00000000,1.00000000,0.99999976
177.0943,1.00000000,1.00000000,1.00000000,1.00000000,1.00000000,1.00000000,1.00000000,0.99999978
177.1493,1.00000000,1.00000000,1.00000000,1.00000000,1.00000000,1.00000000,1.00000000,0.99999980
177.2043,1.00000000,1.00000000,1.00000000,1.00000000,1.00000000,1.00000000,1.00000000,0.99999982
177.2593,1.00000000,1.00000000,1.00000000,1.00000000,1.00000000,1.00000000,1.00000000,0.99999984
177.3143,1.00000000,1.00000000,1.00000000,1.00000000,1.00000000,1.00000000,1.00000000,0.99999985
177.3693,1.00000000,1.00000000,1.00000000,1.00000000,1.00000000,1.00000000,1.00000000,0.99999987
177.4244,1.00000000,1.00000000,1.00000000,1.00000000,1.00000000,1.00000000,1.00000000,0.99999988
177.4794,1.00000000,1.00000000,1.00000000,1.00000000,1.00000000,1.00000000,1.00000000,0.99999989
177.5344,1.00000000,1.00000000,1.00000000,1.00000000,1.00000000,1.00000000,1.00000000,0.99999991
177.5894,1.00000000,1.00000000,1.00000000,1.00000000,1.00000000,1.00000000,1.00000000,0.99999991
177.6444,1.00000000,1.00000000,1.00000000,1.00000000,1.00000000,1.00000000,1.00000000,0.99999992
177.6994,1.00000000,1.00000000,1.00000000,1.00000000,1.00000000,1.00000000,1.00000000,0.99999993
177.7544,1.00000000,1.00000000,1.00000000,1.00000000,1.00000000,1.00000000,1.00000000,0.99999994
177.8095,1.00000000,1.00000000,1.00000000,1.00000000,1.00000000,1.00000000,1.00000000,0.99999995
177.8645,1.00000000,1.00000000,1.00000000,1.00000000,1.00000000,1.00000000,1.00000000,0.99999995
177.9195,1.00000000,1.00000000,1.00000000,1.00000000,1.00000000,1.00000000,1.00000000,0.99999996
177.9745,1.00000000,1.00000000,1.00000000,1.00000000,1.00000000,1.00000000,1.00000000,0.99999996
178.0295,1.00000000,1.00000000,1.00000000,1.00000000,1.00000000,1.00000000,1.00000000,0.99999997
178.0845,1.00000000,1.00000000,1.00000000,1.00000000,1.00000000,1.00000000,1.00000000,0.99999997
178.1395,1.00000000,1.00000000,1.00000000,1.00000000,1.00000000,1.00000000,1.00000000,0.99999997
178.1945,1.00000000,1.00000000,1.00000000,1.00000000,1.00000000,1.00000000,1.00000000,0.99999998
178.2496,1.00000000,1.00000000,1.00000000,1.00000000,1.00000000,1.00000000,1.00000000,0.99999998
178.3046,1.00000000,1.00000000,1.00000000,1.00000000,1.00000000,1.00000000,1.00000000,0.99999998
178.3596,1.00000000,1.00000000,1.00000000,1.00000000,1.00000000,1.00000000,1.00000000,0.99999998
178.4146,1.00000000,1.00000000,1.00000000,1.00000000,1.00000000,1.00000000,1.00000000,0.99999998
178.4696,1.00000000,1.00000000,1.00000000,1.00000000,1.00000000,1.00000000,1.00000000,0.99999999
178.5246,1.00000000,1.00000000,1.00000000,1.00000000,1.00000000,1.00000000,1.00000000,0.99999999
178.5796,1.00000000,1.00000000,1.00000000,1.00000000,1.00000000,1.00000000,1.00000000,0.99999999
178.6347,1.00000000,1.00000000,1.00000000,1.00000000,1.00000000,1.00000000,1.00000000,0.99999999
178.6897,1.00000000,1.00000000,1.00000000,1.00000000,1.00000000,1.00000000,1.00000000,0.99999999
178.7447,1.00000000,1.00000000,1.00000000,1.00000000,1.00000000,1.00000000,1.00000000,0.99999999
178.7997,1.00000000,1.00000000,1.00000000,1.00000000,1.00000000,1.00000000,1.00000000,0.99999999
178.8547,1.00000000,1.00000000,1.00000000,1.00000000,1.00000000,1.00000000,1.00000000,0.99999999
178.9097,1.00000000,1.00000000,1.00000000,1.00000000,1.00000000,1.00000000,1.00000000,1.00000000
178.9647,1.00000000,1.00000000,1.00000000,1.00000000,1.00000000,1.00000000,1.00000000,1.00000000
179.0198,1.00000000,1.00000000,1.00000000,1.00000000,1.00000000,1.00000000,1.00000000,1.00000000
179.0748,1.00000000,1.00000000,1.00000000,1.00000000,1.00000000,1.00000000,1.00000000,1.00000000
179.1298,1.00000000,1.00000000,1.00000000,1.00000000,1.00000000,1.00000000,1.00000000,1.00000000
179.1848,1.00000000,1.00000000,1.00000000,1.00000000,1.00000000,1.00000000,1.00000000,1.00000000
179.2398,1.00000000,1.00000000,1.00000000,1.00000000,1.00000000,1.00000000,1.00000000,1.00000000
179.2948,1.00000000,1.00000000,1.00000000,1.00000000,1.00000000,1.00000000,1.00000000,1.00000000
179.3498,1.00000000,1.00000000,1.00000000,1.00000000,1.00000000,1.00000000,1.00000000,1.00000000
179.4049,1.00000000,1.00000000,1.00000000,1.00000000,1.00000000,1.00000000,1.00000000,1.00000000
179.4599,1.00000000,1.00000000,1.00000000,1.00000000,1.00000000,1.00000000,1.00000000,1.00000000
179.5149,1.00000000,1.00000000,1.00000000,1.00000000,1.00000000,1.00000000,1.00000000,1.00000000
179.5699,1.00000000,1.00000000,1.00000000,1.00000000,1.00000000,1.00000000,1.00000000,1.00000000
179.6249,1.00000000,1.00000000,1.00000000,1.00000000,1.00000000,1.00000000,1.00000000,1.00000000
179.6799,1.00000000,1.00000000,1.00000000,1.00000000,1.00000000,1.00000000,1.00000000,1.00000000
179.7349,1.00000000,1.00000000,1.00000000,1.00000000,1.00000000,1.00000000,1.00000000,1.00000000
179.7899,1.00000000,1.00000000,1.00000000,1.00000000,1.00000000,1.00000000,1.00000000,1.00000000
179.8450,1.00000000,1.00000000,1.00000000,1.00000000,1.00000000,1.00000000,1.00000000,1.00000000
179.9000,1.00000000,1.00000000,1.00000000,1.00000000,1.00000000,1.00000000,1.00000000,1.00000000
179.9550,1.00000000,1.00000000,1.00000000,1.00000000,1.00000000,1.00000000,1.00000000,1.00000000
180.0100,1.00000000,1.00000000,1.00000000,1.00000000,1.00000000,1.00000000,1.00000000,1.00000000
180.0650,1.00000000,1.00000000,1.00000000,1.00000000,1.00000000,1.00000000,1.00000000,1.00000000
180.1200,1.00000000,1.00000000,1.00000000,1.00000000,1.00000000,1.00000000,1.00000000,1.00000000
180.1750,1.00000000,1.00000000,1.00000000,1.00000000,1.00000000,1.00000000,1.00000000,1.00000000
180.2301,1.00000000,1.00000000,1.00000000,1.00000000,1.00000000,1.00000000,1.00000000,1.00000000
180.2851,1.00000000,1.00000000,1.00000000,1.00000000,1.00000000,1.00000000,1.00000000,1.00000000
180.3401,1.00000000,1.00000000,1.00000000,1.00000000,1.00000000,1.00000000,1.00000000,1.00000000
180.3951,1.00000000,1.00000000,1.00000000,1.00000000,1.00000000,1.00000000,1.00000000,1.00000000
180.4501,1.00000000,1.00000000,1.00000000,1.00000000,1.00000000,1.00000000,1.00000000,1.00000000
180.5051,1.00000000,1.00000000,1.00000000,1.00000000,1.00000000,1.00000000,1.00000000,1.00000000
180.5601,1.00000000,1.00000000,1.00000000,1.00000000,1.00000000,1.00000000,1.00000000,1.00000000
180.6152,1.00000000,1.00000000,1.00000000,1.00000000,1.00000000,1.00000000,1.00000000,1.00000000
180.6702,1.00000000,1.00000000,1.00000000,1.00000000,1.00000000,1.00000000,1.00000000,1.00000000
180.7252,1.00000000,1.00000000,1.00000000,1.00000000,1.00000000,1.00000000,1.00000000,1.00000000
180.7802,1.00000000,1.00000000,1.00000000,1.00000000,1.00000000,1.00000000,1.00000000,1.00000000
180.8352,1.00000000,1.00000000,1.00000000,1.00000000,1.00000000,1.00000000,1.00000000,1.00000000
180.8902,1.00000000,1.00000000,1.00000000,1.00000000,1.00000000,1.00000000,1.00000000,1.00000000
180.9452,1.00000000,1.00000000,1.00000000,1.00000000,1.00000000,1.00000000,1.00000000,1.00000000
181.0003,1.00000000,1.00000000,1.00000000,1.00000000,1.00000000,1.00000000,1.00000000,1.00000000
181.0553,1.00000000,1.00000000,1.00000000,1.00000000,1.00000000,1.00000000,1.00000000,1.00000000
181.1103,1.00000000,1.00000000,1.00000000,1.00000000,1.00000000,1.00000000,1.00000000,1.00000000
181.1653,1.00000000,1.00000000,1.00000000,1.00000000,1.00000000,1.00000000,1.00000000,1.00000000
181.2203,1.00000000,1.00000000,1.00000000,1.00000000,1.00000000,1.00000000,1.00000000,1.00000000
181.2753,1.00000000,1.00000000,1.00000000,1.00000000,1.00000000,1.00000000,1.00000000,1.00000000
181.3303,1.00000000,1.00000000,1.00000000,1.00000000,1.00000000,1.00000000,1.00000000,1.00000000
181.3853,1.00000000,1.00000000,1.00000000,1.00000000,1.00000000,1.00000000,1.00000000,1.00000000
181.4404,1.00000000,1.00000000,1.00000000,1.00000000,1.00000000,1.00000000,1.00000000,1.00000000
181.4954,1.00000000,1.00000000,1.00000000,1.00000000,1.00000000,1.00000000,1.00000000,1.00000000
181.5504,1.00000000,1.00000000,1.00000000,1.00000000,1.00000000,1.00000000,1.00000000,1.00000000
181.6054,1.00000000,1.00000000,1.00000000,1.00000000,1.00000000,1.00000000,1.00000000,1.00000000
181.6604,1.00000000,1.00000000,1.00000000,1.00000000,1.00000000,1.00000000,1.00000000,1.00000000
181.7154,1.00000000,1.00000000,1.00000000,1.00000000,1.00000000,1.00000000,1.00000000,1.00000000
181.7704,1.00000000,1.00000000,1.00000000,1.00000000,1.00000000,1.00000000,1.00000000,1.00000000
181.8255,1.00000000,1.00000000,1.00000000,1.00000000,1.00000000,1.00000000,1.00000000,1.00000000
181.8805,1.00000000,1.00000000,1.00000000,1.00000000,1.00000000,1.00000000,1.00000000,1.00000000
181.9355,1.00000000,1.00000000,1.00000000,1.00000000,1.00000000,1.00000000,1.00000000,1.00000000
181.9905,1.00000000,1.00000000,1.00000000,1.00000000,1.00000000,1.00000000,1.00000000,1.00000000
182.0455,1.00000000,1.00000000,1.00000000,1.00000000,1.00000000,1.00000000,1.00000000,1.00000000
182.1005,1.00000000,1.00000000,1.00000000,1.00000000,1.00000000,1.00000000,1.00000000,1.00000000
182.1555,1.00000000,1.00000000,1.00000000,1.00000000,1.00000000,1.00000000,1.00000000,1.00000000
182.2106,1.00000000,1.00000000,1.00000000,1.00000000,1.00000000,1.00000000,1.00000000,1.00000000
182.2656,1.00000000,1.00000000,1.00000000,1.00000000,1.00000000,1.00000000,1.00000000,1.00000000
182.3206,1.00000000,1.00000000,1.00000000,1.00000000,1.00000000,1.00000000,1.00000000,1.00000000
182.3756,1.00000000,1.00000000,1.00000000,1.00000000,1.00000000,1.00000000,1.00000000,1.00000000
182.4306,1.00000000,1.00000000,1.00000000,1.00000000,1.00000000,1.00000000,1.00000000,1.00000000
182.4856,1.00000000,1.00000000,1.00000000,1.00000000,1.00000000,1.00000000,1.00000000,1.00000000
182.5406,1.00000000,1.00000000,1.00000000,1.00000000,1.00000000,1.00000000,1.00000000,1.00000000
182.5956,1.00000000,1.00000000,1.00000000,1.00000000,1.00000000,1.00000000,1.00000000,1.00000000
182.6507,1.00000000,1.00000000,1.00000000,1.00000000,1.00000000,1.00000000,1.00000000,1.00000000
182.7057,1.00000000,1.00000000,1.00000000,1.00000000,1.00000000,1.00000000,1.00000000,1.00000000
182.7607,1.00000000,1.00000000,1.00000000,1.00000000,1.00000000,1.00000000,1.00000000,1.00000000
182.8157,1.00000000,1.00000000,1.00000000,1.00000000,1.00000000,1.00000000,1.00000000,1.00000000
182.8707,1.00000000,1.00000000,1.00000000,1.00000000,1.00000000,1.00000000,1.00000000,1.00000000
182.9257,1.00000000,1.00000000,1.00000000,1.00000000,1.00000000,1.00000000,1.00000000,1.00000000
182.9807,1.00000000,1.00000000,1.00000000,1.00000000,1.00000000,1.00000000,1.00000000,1.00000000
183.0358,1.00000000,1.00000000,1.00000000,1.00000000,1.00000000,1.00000000,1.00000000,1.00000000
183.0908,1.00000000,1.00000000,1.00000000,1.00000000,1.00000000,1.00000000,1.00000000,1.00000000
183.1458,1.00000000,1.00000000,1.00000000,1.00000000,1.00000000,1.00000000,1.00000000,1.00000000
183.2008,1.00000000,1.00000000,1.00000000,1.00000000,1.00000000,1.00000000,1.00000000,1.00000000
183.2558,1.00000000,1.00000000,1.00000000,1.00000000,1.00000000,1.00000000,1.00000000,1.00000000
183.3108,1.00000000,1.00000000,1.00000000,1.00000000,1.00000000,1.00000000,1.00000000,1.00000000
183.3658,1.00000000,1.00000000,1.00000000,1.00000000,1.00000000,1.00000000,1.00000000,1.00000000
183.4209,1.00000000,1.00000000,1.00000000,1.00000000,1.00000000,1.00000000,1.00000000,1.00000000
183.4759,1.00000000,1.00000000,1.00000000,1.00000000,1.00000000,1.00000000,1.00000000,1.00000000
183.5309,1.00000000,1.00000000,1.00000000,1.00000000,1.00000000,1.00000000,1.00000000,1.00000000
183.5859,1.00000000,1.00000000,1.00000000,1.00000000,1.00000000,1.00000000,1.00000000,1.00000000
183.6409,1.00000000,1.00000000,1.00000000,1.00000000,1.00000000,1.00000000,1.00000000,1.00000000
183.6959,1.00000000,1.00000000,1.00000000,1.00000000,1.00000000,1.00000000,1.00000000,1.00000000
183.7509,1.00000000,1.00000000,1.00000000,1.00000000,1.00000000,1.00000000,1.00000000,1.00000000
183.8060,1.00000000,1.00000000,1.00000000,1.00000000,1.00000000,1.00000000,1.00000000,1.00000000
183.8610,1.00000000,1.00000000,1.00000000,1.00000000,1.00000000,1.00000000,1.00000000,1.00000000
183.9160,1.00000000,1.00000000,1.00000000,1.00000000,1.00000000,1.00000000,1.00000000,1.00000000
183.9710,1.00000000,1.00000000,1.00000000,1.00000000,1.00000000,1.00000000,1.00000000,1.00000000
184.0260,1.00000000,1.00000000,1.00000000,1.00000000,1.00000000,1.00000000,1.00000000,1.00000000
184.0810,1.00000000,1.00000000,1.00000000,1.00000000,1.00000000,1.00000000,1.00000000,1.00000000
184.1360,1.00000000,1.00000000,1.00000000,1.00000000,1.00000000,1.00000000,1.00000000,1.00000000
184.1910,1.00000000,1.00000000,1.00000000,1.00000000,1.00000000,1.00000000,1.00000000,1.00000000
184.2461,1.00000000,1.00000000,1.00000000,1.00000000,1.00000000,1.00000000,1.00000000,1.00000000
184.3011,1.00000000,1.00000000,1.00000000,1.00000000,1.00000000,1.00000000,1.00000000,1.00000000
184.3561,1.00000000,1.00000000,1.00000000,1.00000000,1.00000000,1.00000000,1.00000000,1.00000000
184.4111,1.00000000,1.00000000,1.00000000,1.00000000,1.00000000,1.00000000,1.00000000,1.00000000
184.4661,1.00000000,1.00000000,1.00000000,1.00000000,1.00000000,1.00000000,1.00000000,1.00000000
184.5211,1.00000000,1.00000000,1.00000000,1.00000000,1.00000000,1.00000000,1.00000000,1.00000000
184.5761,1.00000000,1.00000000,1.00000000,1.00000000,1.00000000,1.00000000,1.00000000,1.00000000
184.6312,1.00000000,1.00000000,1.00000000,1.00000000,1.00000000,1.00000000,1.00000000,1.00000000
184.6862,1.00000000,1.00000000,1.00000000,1.00000000,1.00000000,1.00000000,1.00000000,1.00000000
184.7412,1.00000000,1.00000000,1.00000000,1.00000000,1.00000000,1.00000000,1.00000000,1.00000000
184.7962,1.00000000,1.00000000,1.00000000,1.00000000,1.00000000,1.00000000,1.00000000,1.00000000
184.8512,1.00000000,1.00000000,1.00000000,1.00000000,1.00000000,1.00000000,1.00000000,1.00000000
184.9062,1.00000000,1.00000000,1.00000000,1.00000000,1.00000000,1.00000000,1.00000000,1.00000000
184.9612,1.00000000,1.00000000,1.00000000,1.00000000,1.00000000,1.00000000,1.00000000,1.00000000
185.0163,1.00000000,1.00000000,1.00000000,1.00000000,1.00000000,1.00000000,1.00000000,1.00000000
185.0713,1.00000000,1.00000000,1.00000000,1.00000000,1.00000000,1.00000000,1.00000000,1.00000000
185.1263,1.00000000,1.00000000,1.00000000,1.00000000,1.00000000,1.00000000,1.00000000,1.00000000
185.1813,1.00000000,1.00000000,1.00000000,1.00000000,1.00000000,1.00000000,1.00000000,1.00000000
185.2363,1.00000000,1.00000000,1.00000000,1.00000000,1.00000000,1.00000000,1.00000000,0.99999999
185.2913,1.00000000,1.00000000,1.00000000,1.00000000,1.00000000,1.00000000,1.00000000,0.99999999
185.3463,1.00000000,1.00000000,1.00000000,1.00000000,1.00000000,1.00000000,1.00000000,0.99999999
185.4014,1.00000000,1.00000000,1.00000000,1.00000000,1.00000000,1.00000000,1.00000000,0.99999999
185.4564,1.00000000,1.00000000,1.00000000,1.00000000,1.00000000,1.00000000,1.00000000,0.99999999
185.5114,1.00000000,1.00000000,1.00000000,1.00000000,1.00000000,1.00000000,1.00000000,0.99999999
185.5664,1.00000000,1.00000000,1.00000000,1.00000000,1.00000000,1.00000000,1.00000000,0.99999999
185.6214,1.00000000,1.00000000,1.00000000,1.00000000,1.00000000,1.00000000,1.00000000,0.99999999
185.6764,1.00000000,1.00000000,1.00000000,1.00000000,1.00000000,1.00000000,1.00000000,0.99999998
185.7314,1.00000000,1.00000000,1.00000000,1.00000000,1.00000000,1.00000000,1.00000000,0.99999998
185.7864,1.00000000,1.00000000,1.00000000,1.00000000,1.00000000,1.00000000,1.00000000,0.99999998
185.8415,1.00000000,1.00000000,1.00000000,1.00000000,1.00000000,1.00000000,1.00000000,0.99999998
185.8965,1.00000000,1.00000000,1.00000000,1.00000000,1.00000000,1.00000000,1.00000000,0.99999997
185.9515,1.00000000,1.00000000,1.00000000,1.00000000,1.00000000,1.00000000,1.00000000,0.99999997
186.0065,1.00000000,1.00000000,1.00000000,1.00000000,1.00000000,1.00000000,1.00000000,0.99999996
186.0615,1.00000000,1.00000000,1.00000000,1.00000000,1.00000000,1.00000000,1.00000000,0.99999996
186.1165,1.00000000,1.00000000,1.00000000,1.00000000,1.00000000,1.00000000,1.00000000,0.99999995
186.1715,1.00000000,1.00000000,1.00000000,1.00000000,1.00000000,1.00000000,1.00000000,0.99999994
186.2266,1.00000000,1.00000000,1.00000000,1.00000000,1.00000000,1.00000000,1.00000000,0.99999994
186.2816,1.00000000,1.00000000,1.00000000,1.00000000,1.00000000,1.00000000,1.00000000,0.99999993
186.3366,1.00000000,1.00000000,1.00000000,1.00000000,1.00000000,1.00000000,1.00000000,0.99999992
186.3916,1.00000000,1.00000000,1.00000000,1.00000000,1.00000000,1.00000000,1.00000000,0.99999991
186.4466,1.00000000,1.00000000,1.00000000,1.00000000,1.00000000,1.00000000,1.00000000,0.99999989
186.5016,1.00000000,1.00000000,1.00000000,1.00000000,1.00000000,1.00000000,1.00000000,0.99999988
186.5566,1.00000000,1.00000000,1.00000000,1.00000000,1.00000000,1.00000000,1.00000000,0.99999986
186.6117,1.00000000,1.00000000,1.00000000,1.00000000,1.00000000,1.00000000,1.00000000,0.99999984
186.6667,1.00000000,1.00000000,1.00000000,1.00000000,1.00000000,1.00000000,1.00000000,0.99999982
186.7217,1.00000000,1.00000000,1.00000000,1.00000000,1.00000000,1.00000000,1.00000000,0.99999980
186.7767,1.00000000,1.00000000,1.00000000,1.00000000,1.00000000,1.00000000,1.00000000,0.99999977
186.8317,1.00000000,1.00000000,1.00000000,1.00000000,1.00000000,1.00000000,1.00000000,0.99999974
186.8867,1.00000000,1.00000000,1.00000000,1.00000000,1.00000000,1.00000000,1.00000000,0.99999971
186.9417,1.00000000,1.00000000,1.00000000,1.00000000,1.00000000,1.00000000,1.00000000,0.99999967
186.9967,1.00000000,1.00000000,1.00000000,1.00000000,1.00000000,1.00000000,1.00000000,0.99999963
187.0518,1.00000000,1.00000000,1.00000000,1.00000000,1.00000000,1.00000000,1.00000000,0.99999958
187.1068,1.00000000,1.00000000,1.00000000,1.00000000,1.00000000,1.00000000,1.00000000,0.99999952
187.1618,1.00000000,1.00000000,1.00000000,1.00000000,1.00000000,1.00000000,1.00000000,0.99999946
187.2168,1.00000000,1.00000000,1.00000000,1.00000000,1.00000000,1.00000000,1.00000000,0.99999940
187.2718,1.00000000,1.00000000,1.00000000,1.00000000,1.00000000,1.00000000,1.00000000,0.99999932
187.3268,1.00000000,1.00000000,1.00000000,1.00000000,1.00000000,1.00000000,1.00000000,0.99999924
187.3818,1.00000000,1.00000000,1.00000000,1.00000000,1.00000000,1.00000000,1.00000000,0.99999914
187.4369,1.00000000,1.00000000,1.00000000,1.00000000,1.00000000,1.00000000,1.00000000,0.99999904
187.4919,1.00000000,1.00000000,1.00000000,1.00000000,1.00000000,1.00000000,1.00000000,0.99999892
187.5469,1.00000000,1.00000000,1.00000000,1.00000000,1.00000000,1.00000000,1.00000000,0.99999879
187.6019,1.00000000,1.00000000,1.00000000,1.00000000,1.00000000,1.00000000,1.00000000,0.99999865
187.6569,1.00000000,1.00000000,1.00000000,1.00000000,1.00000000,1.00000000,1.00000000,0.99999849
187.7119,1.00000000,1.00000000,1.00000000,1.00000000,1.00000000,1.00000000,1.00000000,0.99999831
187.7669,1.00000000,1.00000000,1.00000000,1.00000000,1.00000000,1.00000000,1.00000000,0.99999811
187.8220,1.00000000,1.00000000,1.00000000,1.00000000,1.00000000,1.00000000,1.00000000,0.99999789
187.8770,1.00000000,1.00000000,1.00000000,1.00000000,1.00000000,1.00000000,1.00000000,0.99999764
187.9320,1.00000000,1.00000000,1.00000000,1.00000000,1.00000000,1.00000000,1.00000000,0.99999737
187.9870,1.00000000,1.00000000,1.00000000,1.00000000,1.00000000,1.00000000,1.00000000,0.99999707
188.0420,1.00000000,1.00000000,1.00000000,1.00000000,1.00000000,1.00000000,1.00000000,0.99999674
188.0970,1.00000000,1.00000000,1.00000000,1.00000000,1.00000000,1.00000000,1.00000000,0.99999637
188.1520,1.00000000,1.00000000,1.00000000,1.00000000,1.00000000,1.00000000,1.00000000,0.99999597
188.2071,1.00000000,1.00000000,1.00000000,1.00000000,1.00000000,1.00000000,1.00000000,0.99999552
188.2621,1.00000000,1.00000000,1.00000000,1.00000000,1.00000000,1.00000000,1.00000000,0.99999503
188.3171,1.00000000,1.00000000,1.00000000,1.00000000,1.00000000,1.00000000,1.00000000,0.99999449
188.3721,1.00000000,1.00000000,1.00000000,1.00000000,1.00000000,1.00000000,1.00000000,0.99999389
188.4271,1.00000000,1.00000000,1.00000000,1.00000000,1.00000000,1.00000000,1.00000000,0.99999323
188.4821,1.00000000,1.00000000,1.00000000,1.00000000,1.00000000,1.00000000,1.00000000,0.99999251
188.5371,1.00000000,1.00000000,1.00000000,1.00000000,1.00000000,1.00000000,1.00000000,0.99999172
188.5921,1.00000000,1.00000000,1.00000000,1.00000000,1.00000000,1.00000000,1.00000000,0.99999085
188.6472,1.00000000,1.00000000,1.00000000,1.00000000,1.00000000,1.00000000,1.00000000,0.99998989
188.7022,1.00000000,1.00000000,1.00000000,1.00000000,1.00000000,1.00000000,1.00000000,0.99998884
188.7572,1.00000000,1.00000000,1.00000000,1.00000000,1.00000000,1.00000000,1.00000000,0.99998770
188.8122,1.00000000,1.00000000,1.00000000,1.00000000,1.00000000,1.00000000,1.00000000,0.99998644
188.8672,1.00000000,1.00000000,1.00000000,1.00000000,1.00000000,1.00000000,1.00000000,0.99998507
188.9222,1.00000000,1.00000000,1.00000000,1.00000000,1.00000000,1.00000000,1.00000000,0.99998357
188.9772,1.00000000,1.00000000,1.00000000,1.00000000,1.00000000,1.00000000,1.00000000,0.99998194
189.0323,1.00000000,1.00000000,1.00000000,1.00000000,1.00000000,1.00000000,1.00000000,0.99998015
189.0873,1.00000000,1.00000000,1.00000000,1.00000000,1.00000000,1.00000000,1.00000000,0.99997821
189.1423,1.00000000,1.00000000,1.00000000,1.00000000,1.00000000,1.00000000,1.00000000,0.99997609
189.1973,1.00000000,1.00000000,1.00000000,1.00000000,1.00000000,1.00000000,1.00000000,0.99997378
189.2523,1.00000000,1.00000000,1.00000000,1.00000000,1.00000000,1.00000000,1.00000000,0.99997128
189.3073,1.00000000,1.00000000,1.00000000,1.00000000,1.00000000,1.00000000,1.00000000,0.99996855
189.3623,1.00000000,1.00000000,1.00000000,1.00000000,1.00000000,1.00000000,1.00000000,0.99996560
189.4174,1.00000000,1.00000000,1.00000000,1.00000000,1.00000000,1.00000000,1.00000000,0.99996239
189.4724,1.00000000,1.00000000,1.00000000,1.00000000,1.00000000,1.00000000,1.00000000,0.99995891
189.5274,1.00000000,1.00000000,1.00000000,1.00000000,1.00000000,1.00000000,1.00000000,0.99995514
189.5824,1.00000000,1.00000000,1.00000000,1.00000000,1.00000000,1.00000000,1.00000000,0.99995107
189.6374,1.00000000,1.00000000,1.00000000,1.00000000,1.00000000,1.00000000,1.00000000,0.99994666
189.6924,1.00000000,1.00000000,1.00000000,1.00000000,1.00000000,1.00000000,1.00000000,0.99994189
189.7474,1.00000000,1.00000000,1.00000000,1.00000000,1.00000000,1.00000000,1.00000000,0.99993675
189.8025,1.00000000,1.00000000,1.00000000,1.00000000,1.00000000,1.00000000,1.00000000,0.99993120
189.8575,1.00000000,1.00000000,1.00000000,1.00000000,1.00000000,1.00000000,1.00000000,0.99992521
189.9125,1.00000000,1.00000000,1.00000000,1.00000000,1.00000000,1.00000000,1.00000000,0.99991876
189.9675,1.00000000,1.00000000,1.00000000,1.00000000,1.00000000,1.00000000,1.00000000,0.99991182
190.0225,1.00000000,1.00000000,1.00000000,1.00000000,1.00000000,1.00000000,1.00000000,0.99990436
190.0775,1.00000000,1.00000000,1.00000000,1.00000000,1.00000000,1.00000000,1.00000000,0.99989633
190.1325,1.00000000,1.00000000,1.00000000,1.00000000,1.00000000,1.00000000,0.99999999,0.99988772
190.1875,1.00000000,1.00000000,1.00000000,1.00000000,1.00000000,1.00000000,0.99999999,0.99987848
190.2426,1.00000000,1.00000000,1.00000000,1.00000000,1.00000000,1.00000000,0.99999999,0.99986856
190.2976,1.00000000,1.00000000,1.00000000,1.00000000,1.00000000,1.00000000,0.99999999,0.99985795
190.3526,1.00000000,1.00000000,1.00000000,1.00000000,1.00000000,1.00000000,0.99999998,0.99984658
190.4076,1.00000000,1.00000000,1.00000000,1.00000000,1.00000000,1.00000000,0.99999998,0.99983443
190.4626,1.00000000,1.00000000,1.00000000,1.00000000,1.00000000,1.00000000,0.99999997,0.99982143
190.5176,1.00000000,1.00000000,1.00000000,1.00000000,1.00000000,1.00000000,0.99999997,0.99980756
190.5726,1.00000000,1.00000000,1.00000000,1.00000000,1.00000000,1.00000000,0.99999996,0.99979276
190.6277,1.00000000,1.00000000,1.00000000,1.00000000,1.00000000,1.00000000,0.99999995,0.99977698
190.6827,1.00000000,1.00000000,1.00000000,1.00000000,1.00000000,1.00000000,0.99999993,0.99976016
190.7377,1.00000000,1.00000000,1.00000000,1.00000000,1.00000000,1.00000000,0.99999991,0.99974227
190.7927,1.00000000,1.00000000,1.00000000,1.00000000,1.00000000,1.00000000,0.99999989,0.99972324
190.8477,1.00000000,1.00000000,1.00000000,1.00000000,1.00000000,1.00000000,0.99999986,0.99970301
190.9027,1.00000000,1.00000000,1.00000000,1.00000000,1.00000000,1.00000000,0.99999982,0.99968154
190.9577,1.00000000,1.00000000,1.00000000,1.00000000,1.00000000,1.00000000,0.99999978,0.99965876
191.0128,1.00000000,1.00000000,1.00000000,1.00000000,1.00000000,1.00000000,0.99999972,0.99963461
191.0678,1.00000000,1.00000000,1.00000000,1.00000000,1.00000000,1.00000000,0.99999965,0.99960903
191.1228,1.00000000,1.00000000,1.00000000,1.00000000,1.00000000,1.00000000,0.99999956,0.99958197
191.1778,1.00000000,1.00000000,1.00000000,1.00000000,1.00000000,1.00000000,0.99999946,0.99955334
191.2328,1.00000000,1.00000000,1.00000000,1.00000000,1.00000000,1.00000000,0.99999933,0.99952311
191.2878,1.00000000,1.00000000,1.00000000,1.00000000,1.00000000,1.00000000,0.99999918,0.99949119
191.3428,1.00000000,1.00000000,1.00000000,1.00000000,1.00000000,1.00000000,0.99999899,0.99945752
191.3978,1.00000000,1.00000000,1.00000000,1.00000000,1.00000000,1.00000000,0.99999876,0.99942204
191.4529,1.00000000,1.00000000,1.00000000,1.00000000,1.00000000,1.00000000,0.99999849,0.99938469
191.5079,1.00000000,1.00000000,1.00000000,1.00000000,1.00000000,1.00000000,0.99999816,0.99934539
191.5629,1.00000000,1.00000000,1.00000000,1.00000000,1.00000000,1.00000000,0.99999777,0.99930408
191.6179,1.00000000,1.00000000,1.00000000,1.00000000,1.00000000,1.00000000,0.99999730,0.99926070
191.6729,1.00000000,1.00000000,1.00000000,1.00000000,1.00000000,1.00000000,0.99999675,0.99921518
191.7279,1.00000000,1.00000000,1.00000000,1.00000000,1.00000000,1.00000000,0.99999609,0.99916745
191.7829,1.00000000,1.00000000,1.00000000,1.00000000,1.00000000,1.00000000,0.99999532,0.99911747
191.8380,1.00000000,1.00000000,1.00000000,1.00000000,1.00000000,1.00000000,0.99999441,0.99906516
191.8930,1.00000000,1.00000000,1.00000000,1.00000000,1.00000000,1.00000000,0.99999335,0.99901046
191.9480,1.00000000,1.00000000,1.00000000,1.00000000,1.00000000,1.00000000,0.99999210,0.99895332
192.0030,1.00000000,1.00000000,1.00000000,1.00000000,1.00000000,1.00000000,0.99999066,0.99889368
192.0580,1.00000000,1.00000000,1.00000000,1.00000000,1.00000000,1.00000000,0.99998898,0.99883149
192.1130,1.00000000,1.00000000,1.00000000,1.00000000,1.00000000,1.00000000,0.99998704,0.99876669
192.1680,1.00000000,1.00000000,1.00000000,1.00000000,1.00000000,1.00000000,0.99998480,0.99869925
192.2231,1.00000000,1.00000000,1.00000000,1.00000000,1.00000000,1.00000000,0.99998224,0.99862912
192.2781,1.00000000,1.00000000,1.00000000,1.00000000,1.00000000,1.00000000,0.99997929,0.99855625
192.3331,1.00000000,1.00000000,1.00000000,1.00000000,1.00000000,1.00000000,0.99997593,0.99848061
192.3881,1.00000000,1.00000000,1.00000000,1.00000000,1.00000000,1.00000000,0.99997211,0.99840218
192.4431,1.00000000,1.00000000,1.00000000,1.00000000,1.00000000,1.00000000,0.99996777,0.99832092
192.4981,1.00000000,1.00000000,1.00000000,1.00000000,1.00000000,1.00000000,0.99996287,0.99823680
192.5531,1.00000000,1.00000000,1.00000000,1.00000000,1.00000000,1.00000000,0.99995733,0.99814983
192.6082,1.00000000,1.00000000,1.00000000,1.00000000,1.00000000,1.00000000,0.99995111,0.99805998
192.6632,1.00000000,1.00000000,1.00000000,1.00000000,1.00000000,1.00000000,0.99994413,0.99796725
192.7182,1.00000000,1.00000000,1.00000000,1.00000000,1.00000000,1.00000000,0.99993632,0.99787164
192.7732,1.00000000,1.00000000,1.00000000,1.00000000,1.00000000,1.00000000,0.99992762,0.99777317
192.8282,1.00000000,1.00000000,1.00000000,1.00000000,1.00000000,1.00000000,0.99991794,0.99767184
192.8832,1.00000000,1.00000000,1.00000000,1.00000000,1.00000000,1.00000000,0.99990720,0.99756768
192.9382,1.00000000,1.00000000,1.00000000,1.00000000,1.00000000,0.99999999,0.99989532,0.99746072
192.9932,1.00000000,1.00000000,1.00000000,1.00000000,1.00000000,0.99999999,0.99988221,0.99735100
193.0483,1.00000000,1.00000000,1.00000000,1.00000000,1.00000000,0.99999998,0.99986777,0.99723856
193.1033,1.00000000,1.00000000,1.00000000,1.00000000,1.00000000,0.99999996,0.99985192,0.99712346
193.1583,1.00000000,1.00000000,1.00000000,1.00000000,1.00000000,0.99999994,0.99983455,0.99700576
193.2133,1.00000000,1.00000000,1.00000000,1.00000000,1.00000000,0.99999989,0.99981556,0.99688554
193.2683,1.00000000,1.00000000,1.00000000,1.00000000,1.00000000,0.99999981,0.99979483,0.99676286
193.3233,1.00000000,1.00000000,1.00000000,1.00000000,1.00000000,0.99999969,0.99977227,0.99663782
193.3783,1.00000000,1.00000000,1.00000000,1.00000000,1.00000000,0.99999949,0.99974774,0.99651052
193.4334,1.00000000,1.00000000,1.00000000,1.00000000,1.00000000,0.99999917,0.99972115,0.99638105
193.4884,1.00000000,1.00000000,1.00000000,1.00000000,1.00000000,0.99999869,0.99969235,0.99624955
193.5434,1.00000000,1.00000000,1.00000000,1.00000000,1.00000000,0.99999798,0.99966123,0.99611612
193.5984,1.00000000,1.00000000,1.00000000,1.00000000,1.00000000,0.99999694,0.99962766,0.99598090
193.6534,1.00000000,1.00000000,1.00000000,1.00000000,1.00000000,0.99999544,0.99959150,0.99584403
193.7084,1.00000000,1.00000000,1.00000000,1.00000000,1.00000000,0.99999335,0.99955262,0.99570566
193.7634,1.00000000,1.00000000,1.00000000,1.00000000,1.00000000,0.99999049,0.99951089,0.99556594
193.8185,1.00000000,1.00000000,1.00000000,1.00000000,0.99999999,0.99998666,0.99946616,0.99542504
193.8735,1.00000000,1.00000000,1.00000000,1.00000000,0.99999997,0.99998165,0.99941830,0.99528313
193.9285,1.00000000,1.00000000,1.00000000,1.00000000,0.99999993,0.99997525,0.99936717,0.99514039
193.9835,1.00000000,1.00000000,1.00000000,1.00000000,0.99999982,0.99996726,0.99931265,0.99499701
194.0385,1.00000000,1.00000000,1.00000000,0.99999998,0.99999956,0.99995752,0.99925459,0.99485317
194.0935,1.00000000,1.00000000,1.00000000,0.99999994,0.99999900,0.99994595,0.99919288,0.99470908
194.1485,1.00000000,1.00000000,1.00000000,0.99999981,0.99999787,0.99993256,0.99912741,0.99456494
194.2036,1.00000000,1.00000000,0.99999998,0.99999945,0.99999576,0.99991747,0.99905809,0.99442095
194.2586,1.00000000,1.00000000,0.99999992,0.99999855,0.99999211,0.99990097,0.99898482,0.99427733
194.3136,1.00000000,1.00000000,0.99999969,0.99999659,0.99998626,0.99988346,0.99890755,0.99413430
194.3686,1.00000000,0.99999999,0.99999894,0.99999277,0.99997760,0.99986549,0.99882624,0.99399207
194.4236,0.99999998,0.99999996,0.99999694,0.99998614,0.99996585,0.99984774,0.99874087,0.99385087
194.4786,0.99999989,0.99999976,0.99999251,0.99997604,0.99995129,0.99983095,0.99865146,0.99371092
194.5336,0.99999955,0.99999903,0.99998453,0.99996261,0.99993499,0.99981588,0.99855808,0.99357244
194.5886,0.99999862,0.99999713,0.99997295,0.99994734,0.99991883,0.99980325,0.99846082,0.99343566
194.6437,0.99999698,0.99999387,0.99996000,0.99993307,0.99990518,0.99979366,0.99835981,0.99330081
194.6987,0.99999528,0.99999053,0.99994997,0.99992324,0.99989636,0.99978751,0.99825525,0.99316809
194.7537,0.99999472,0.99998944,0.99994709,0.99992056,0.99989403,0.99978496,0.99814738,0.99303774
194.8087,0.99999578,0.99999150,0.99995267,0.99992581,0.99989862,0.99978586,0.99803649,0.99290998
194.8637,0.99999758,0.99999505,0.99996419,0.99993747,0.99990926,0.99978973,0.99792292,0.99278500
194.9187,0.99999901,0.99999792,0.99997709,0.99995244,0.99992402,0.99979573,0.99780710,0.99266302
194.9737,0.99999971,0.99999937,0.99998760,0.99996736,0.99994047,0.99980271,0.99768947,0.99254425
195.0288,0.99999994,0.99999986,0.99999433,0.99997978,0.99995637,0.99980920,0.99757058,0.99242887
195.0838,0.99999999,0.99999998,0.99999780,0.99998870,0.99997008,0.99981345,0.99745100,0.99231708
195.1388,1.00000000,1.00000000,0.99999928,0.99999430,0.99998079,0.99981352,0.99733137,0.99220906
195.1938,1.00000000,1.00000000,0.99999980,0.99999741,0.99998844,0.99980734,0.99721237,0.99210497
195.2488,1.00000000,1.00000000,0.99999995,0.99999893,0.99999342,0.99979278,0.99709473,0.99200498
195.3038,1.00000000,1.00000000,0.99999999,0.99999960,0.99999628,0.99976782,0.99697923,0.99190924
195.3588,1.00000000,1.00000000,1.00000000,0.99999985,0.99999747,0.99973060,0.99686665,0.99181789
195.4139,1.00000000,1.00000000,1.00000000,0.99999989,0.99999709,0.99967967,0.99675784,0.99173105
195.4689,1.00000000,1.00000000,1.00000000,0.99999974,0.99999465,0.99961408,0.99665361,0.99164885
195.5239,1.00000000,1.00000000,0.99999999,0.99999916,0.99998888,0.99953360,0.99655480,0.99157138
195.5789,1.00000000,1.00000000,0.99999995,0.99999748,0.99997744,0.99943889,0.99646225,0.99149872
195.6339,1.00000000,1.00000000,0.99999972,0.99999314,0.99995685,0.99933160,0.99637677,0.99143097
195.6889,1.00000000,1.00000000,0.99999878,0.99998312,0.99992264,0.99921444,0.99629913,0.99136816
195.7439,0.99999999,0.99999999,0.99999550,0.99996251,0.99987023,0.99909118,0.99623006,0.99131036
195.7989,0.99999995,0.99999987,0.99998601,0.99992486,0.99979631,0.99896651,0.99617024,0.99125758
195.8540,0.99999964,0.99999918,0.99996320,0.99986411,0.99970088,0.99884583,0.99612028,0.99120985
195.9090,0.99999823,0.99999612,0.99991816,0.99977822,0.99958904,0.99873487,0.99608071,0.99116716
195.9640,0.99999372,0.99998677,0.99984608,0.99967336,0.99947175,0.99863934,0.99605199,0.99112948
196.0190,0.99998411,0.99996740,0.99975515,0.99956587,0.99936472,0.99856442,0.99603446,0.99109680
196.0740,0.99997123,0.99994200,0.99967059,0.99947932,0.99928523,0.99851437,0.99602837,0.99106906
196.1290,0.99996275,0.99992547,0.99962518,0.99943644,0.99924759,0.99849212,0.99603388,0.99104619
196.1840,0.99996550,0.99993083,0.99963931,0.99944955,0.99925899,0.99849901,0.99605101,0.99102811
196.2391,0.99997716,0.99995363,0.99970644,0.99951482,0.99931723,0.99853468,0.99607968,0.99101473
196.2941,0.99998918,0.99997755,0.99979794,0.99961408,0.99941141,0.99859712,0.99611972,0.99100593
196.3491,0.99999634,0.99999215,0.99988237,0.99972299,0.99952529,0.99868282,0.99617081,0.99100160
196.4041,0.99999911,0.99999802,0.99994208,0.99982056,0.99964180,0.99878716,0.99623255,0.99100158
196.4591,0.99999985,0.99999964,0.99997588,0.99989511,0.99974712,0.99890478,0.99630444,0.99100574
196.5141,0.99999998,0.99999995,0.99999151,0.99994467,0.99983298,0.99903006,0.99638588,0.99101389
196.5691,1.00000000,1.00000000,0.99999747,0.99997366,0.99989679,0.99915754,0.99647617,0.99102587
196.6242,1.00000000,1.00000000,0.99999936,0.99998869,0.99994033,0.99928232,0.99657455,0.99104147
196.6792,1.00000000,1.00000000,0.99999986,0.99999561,0.99996772,0.99940031,0.99668021,0.99106051
196.7342,1.00000000,1.00000000,0.99999998,0.99999846,0.99998365,0.99950842,0.99679225,0.99108277
196.7892,1.00000000,1.00000000,1.00000000,0.99999951,0.99999222,0.99960464,0.99690976,0.99110802
196.8442,1.00000000,1.00000000,1.00000000,0.99999985,0.99999648,0.99968791,0.99703177,0.99113605
196.8992,1.00000000,1.00000000,1.00000000,0.99999994,0.99999841,0.99975811,0.99715734,0.99116662
196.9542,1.00000000,1.00000000,0.99999999,0.99999992,0.99999915,0.99981579,0.99728548,0.99119948
197.0093,1.00000000,1.00000000,0.99999998,0.99999985,0.99999930,0.99986202,0.99741522,0.99123439
197.0643,1.00000000,1.00000000,0.99999994,0.99999970,0.99999916,0.99989817,0.99754563,0.99127110
197.1193,1.00000000,1.00000000,0.99999985,0.99999947,0.99999886,0.99992580,0.99767579,0.99130936
197.1743,0.99999999,0.99999998,0.99999967,0.99999916,0.99999848,0.99994641,0.99780481,0.99134891
197.2293,0.99999997,0.99999994,0.99999940,0.99999879,0.99999808,0.99996146,0.99793188,0.99138950
197.2843,0.99999994,0.99999987,0.99999908,0.99999842,0.99999773,0.99997222,0.99805620,0.99143087
197.3393,0.99999989,0.99999978,0.99999881,0.99999815,0.99999748,0.99997976,0.99817707,0.99147277
197.3943,0.99999987,0.99999974,0.99999869,0.99999804,0.99999738,0.99998497,0.99829384,0.99151495
197.4494,0.99999989,0.99999977,0.99999878,0.99999812,0.99999746,0.99998852,0.99840591,0.99155718
197.5044,0.99999993,0.99999986,0.99999904,0.99999838,0.99999769,0.99999094,0.99851276,0.99159919
197.5594,0.99999997,0.99999994,0.99999936,0.99999874,0.99999804,0.99999259,0.99861395,0.99164077
197.6144,0.99999999,0.99999998,0.99999964,0.99999911,0.99999844,0.99999371,0.99870911,0.99168169
197.6694,1.00000000,1.00000000,0.99999983,0.99999944,0.99999884,0.99999449,0.99879790,0.99172173
197.7244,1.00000000,1.00000000,0.99999993,0.99999968,0.99999919,0.99999499,0.99888009,0.99176068
197.7794,1.00000000,1.00000000,0.99999998,0.99999983,0.99999947,0.99999529,0.99895548,0.99179834
197.8345,1.00000000,1.00000000,0.99999999,0.99999992,0.99999968,0.99999537,0.99902393,0.99183453
197.8895,1.00000000,1.00000000,1.00000000,0.99999997,0.99999981,0.99999524,0.99908537,0.99186907
197.9445,1.00000000,1.00000000,1.00000000,0.99999999,0.99999989,0.99999488,0.99913975,0.99190181
197.9995,1.00000000,1.00000000,1.00000000,1.00000000,0.99999993,0.99999425,0.99918707,0.99193259
198.0545,1.00000000,1.00000000,1.00000000,1.00000000,0.99999993,0.99999333,0.99922736,0.99196128
198.1095,1.00000000,1.00000000,1.00000000,0.99999999,0.99999987,0.99999209,0.99926070,0.99198777
198.1645,1.00000000,1.00000000,1.00000000,0.99999998,0.99999974,0.99999053,0.99928716,0.99201195
198.2196,1.00000000,1.00000000,1.00000000,0.99999994,0.99999949,0.99998863,0.99930684,0.99203373
198.2746,1.00000000,1.00000000,0.99999999,0.99999983,0.99999905,0.99998640,0.99931988,0.99205305
198.3296,1.00000000,1.00000000,0.99999996,0.99999960,0.99999834,0.99998383,0.99932638,0.99206985
198.3846,1.00000000,1.00000000,0.99999988,0.99999914,0.99999728,0.99998093,0.99932649,0.99208410
198.4396,1.00000000,1.00000000,0.99999964,0.99999834,0.99999584,0.99997769,0.99932032,0.99209577
198.4946,0.99999999,0.99999997,0.99999912,0.99999710,0.99999403,0.99997411,0.99930802,0.99210487
198.5496,0.99999995,0.99999989,0.99999815,0.99999544,0.99999199,0.99997015,0.99928972,0.99211141
198.6047,0.99999984,0.99999966,0.99999672,0.99999353,0.99998995,0.99996575,0.99926553,0.99211541
198.6597,0.99999964,0.99999926,0.99999509,0.99999172,0.99998819,0.99996081,0.99923558,0.99211693
198.7147,0.99999942,0.99999884,0.99999379,0.99999042,0.99998700,0.99995521,0.99919997,0.99211603
198.7697,0.99999933,0.99999867,0.99999334,0.99999001,0.99998659,0.99994883,0.99915884,0.99211280
198.8247,0.99999945,0.99999890,0.99999397,0.99999059,0.99998695,0.99994151,0.99911228,0.99210732
198.8797,0.99999968,0.99999935,0.99999538,0.99999199,0.99998792,0.99993313,0.99906040,0.99209972
198.9347,0.99999987,0.99999972,0.99999700,0.99999379,0.99998906,0.99992361,0.99900333,0.99209010
198.9897,0.99999996,0.99999991,0.99999835,0.99999549,0.99998980,0.99991291,0.99894118,0.99207863
199.0448,0.99999999,0.99999998,0.99999921,0.99999660,0.99998943,0.99990113,0.99887409,0.99206544
199.0998,1.00000000,1.00000000,0.99999957,0.99999662,0.99998720,0.99988844,0.99880219,0.99205070
199.1548,1.00000000,1.00000000,0.99999942,0.99999500,0.99998243,0.99987516,0.99872566,0.99203460
199.2098,0.99999999,0.99999999,0.99999844,0.99999107,0.99997467,0.99986169,0.99864468,0.99201731
199.2648,0.99999996,0.99999992,0.99999589,0.99998417,0.99996393,0.99984855,0.99855945,0.99199903
199.3198,0.99999981,0.99999959,0.99999072,0.99997407,0.99995083,0.99983628,0.99847023,0.99197998
199.3748,0.99999932,0.99999855,0.99998225,0.99996147,0.99993673,0.99982540,0.99837730,0.99196035
199.4299,0.99999821,0.99999632,0.99997127,0.99994827,0.99992355,0.99981637,0.99828096,0.99194039
199.4849,0.99999664,0.99999322,0.99996068,0.99993731,0.99991347,0.99980947,0.99818158,0.99192030
199.5399,0.99999550,0.99999100,0.99995449,0.99993143,0.99990833,0.99980477,0.99807956,0.99190032
199.5949,0.99999569,0.99999136,0.99995545,0.99993232,0.99990911,0.99980205,0.99797533,0.99188068
199.6499,0.99999705,0.99999402,0.99996312,0.99993972,0.99991569,0.99980072,0.99786940,0.99186163
199.7049,0.99999855,0.99999700,0.99997418,0.99995154,0.99992682,0.99979988,0.99776230,0.99184339
199.7599,0.99999949,0.99999892,0.99998471,0.99996485,0.99994057,0.99979825,0.99765460,0.99182620
199.8150,0.99999987,0.99999972,0.99999234,0.99997699,0.99995484,0.99979423,0.99754694,0.99181031
199.8700,0.99999998,0.99999995,0.99999676,0.99998641,0.99996787,0.99978598,0.99743995,0.99179594
199.9250,1.00000000,0.99999999,0.99999884,0.99999275,0.99997854,0.99977152,0.99733435,0.99178332
199.9800,1.00000000,1.00000000,0.99999965,0.99999651,0.99998637,0.99974884,0.99723085,0.99177269
200.0350,1.00000000,1.00000000,0.99999991,0.99999847,0.99999134,0.99971606,0.99713019,0.99176426
200.0900,1.00000000,1.00000000,0.99999998,0.99999933,0.99999349,0.99967165,0.99703313,0.99175824
200.1450,1.00000000,1.00000000,0.99999999,0.99999950,0.99999254,0.99961458,0.99694042,0.99175485
200.2001,1.00000000,1.00000000,0.99999999,0.99999898,0.99998751,0.99954449,0.99685283,0.99175428
200.2551,1.00000000,1.00000000,0.99999993,0.99999718,0.99997639,0.99946190,0.99677110,0.99175672
200.3101,1.00000000,1.00000000,0.99999965,0.99999252,0.99995608,0.99936829,0.99669595,0.99176235
200.3651,1.00000000,1.00000000,0.99999853,0.99998201,0.99992264,0.99926615,0.99662806,0.99177135
200.4201,0.99999999,0.99999998,0.99999481,0.99996093,0.99987219,0.99915894,0.99656808,0.99178386
200.4751,0.99999993,0.99999983,0.99998444,0.99992344,0.99980232,0.99905097,0.99651659,0.99180004
200.5301,0.99999954,0.99999895,0.99996055,0.99986462,0.99971391,0.99894711,0.99647413,0.99182001
200.5851,0.99999787,0.99999537,0.99991543,0.99978397,0.99961262,0.99885253,0.99644115,0.99184390
200.6402,0.99999298,0.99998530,0.99984667,0.99968891,0.99950924,0.99877226,0.99641802,0.99187181
200.6952,0.99998348,0.99996627,0.99976488,0.99959571,0.99941831,0.99871083,0.99640504,0.99190384
200.7502,0.99997221,0.99994412,0.99969508,0.99952586,0.99935491,0.99867182,0.99640241,0.99194005
200.8052,0.99996656,0.99993313,0.99966554,0.99949816,0.99933063,0.99865759,0.99641024,0.99198052
200.8602,0.99997123,0.99994220,0.99968970,0.99952061,0.99935011,0.99866904,0.99642853,0.99202529
200.9152,0.99998229,0.99996392,0.99975646,0.99958664,0.99940956,0.99870556,0.99645720,0.99207439
200.9702,0.99999220,0.99998372,0.99983821,0.99967820,0.99949799,0.99876508,0.99649605,0.99212784
201.0253,0.99999752,0.99999465,0.99990889,0.99977372,0.99960049,0.99884426,0.99654481,0.99218566
201.0803,0.99999939,0.99999864,0.99995631,0.99985614,0.99970234,0.99893883,0.99660310,0.99224781
201.1353,0.99999983,0.99999963,0.99998192,0.99991717,0.99979225,0.99904398,0.99667047,0.99231428
201.1903,0.99999991,0.99999981,0.99999332,0.99995666,0.99986404,0.99915473,0.99674637,0.99238503
201.2453,0.99999994,0.99999988,0.99999761,0.99997923,0.99991635,0.99926635,0.99683020,0.99246000
201.3003,0.99999997,0.99999994,0.99999908,0.99999070,0.99995131,0.99937466,0.99692127,0.99253912
201.3553,0.99999999,0.99999998,0.99999957,0.99999585,0.99997268,0.99947626,0.99701888,0.99262231
201.4104,1.00000000,0.99999999,0.99999972,0.99999774,0.99998451,0.99956867,0.99712224,0.99270948
201.4654,1.00000000,0.99999999,0.99999961,0.99999799,0.99999018,0.99965035,0.99723055,0.99280052
201.5204,0.99999999,0.99999997,0.99999921,0.99999734,0.99999218,0.99972063,0.99734300,0.99289532
201.5754,0.99999995,0.99999990,0.99999842,0.99999615,0.99999222,0.99977958,0.99745876,0.99299373
201.6304,0.99999986,0.99999971,0.99999727,0.99999470,0.99999137,0.99982788,0.99757698,0.99309562
201.6854,0.99999969,0.99999938,0.99999600,0.99999332,0.99999036,0.99986659,0.99769686,0.99320085
201.7404,0.99999953,0.99999905,0.99999503,0.99999239,0.99998965,0.99989700,0.99781760,0.99330924
201.7954,0.99999948,0.99999896,0.99999478,0.99999216,0.99998950,0.99992049,0.99793842,0.99342064
201.8505,0.99999959,0.99999917,0.99999536,0.99999271,0.99999001,0.99993841,0.99805860,0.99353487
201.9055,0.99999977,0.99999953,0.99999652,0.99999388,0.99999109,0.99995195,0.99817745,0.99365175
201.9605,0.99999991,0.99999980,0.99999779,0.99999537,0.99999256,0.99996217,0.99829434,0.99377108
202.0155,0.99999997,0.99999994,0.99999881,0.99999683,0.99999419,0.99996991,0.99840870,0.99389268
202.0705,0.99999999,0.99999999,0.99999946,0.99999805,0.99999575,0.99997585,0.99852000,0.99401636
202.1255,1.00000000,1.00000000,0.99999979,0.99999891,0.99999710,0.99998049,0.99862779,0.99414190
202.1805,1.00000000,1.00000000,0.99999993,0.99999945,0.99999814,0.99998419,0.99873167,0.99426910
202.2356,1.00000000,1.00000000,0.99999998,0.99999975,0.99999889,0.99998719,0.99883133,0.99439776
202.2906,1.00000000,1.00000000,1.00000000,0.99999990,0.99999938,0.99998967,0.99892649,0.99452768
202.3456,1.00000000,1.00000000,1.00000000,0.99999996,0.99999967,0.99999173,0.99901695,0.99465864
202.4006,1.00000000,1.00000000,1.00000000,0.99999999,0.99999984,0.99999345,0.99910257,0.99479044
202.4556,1.00000000,1.00000000,1.00000000,1.00000000,0.99999993,0.99999488,0.99918326,0.99492288
202.5106,1.00000000,1.00000000,1.00000000,1.00000000,0.99999997,0.99999606,0.99925898,0.99505574
202.5656,1.00000000,1.00000000,1.00000000,1.00000000,0.99999999,0.99999701,0.99932975,0.99518884
202.6207,1.00000000,1.00000000,1.00000000,1.00000000,1.00000000,0.99999777,0.99939562,0.99532196
202.6757,1.00000000,1.00000000,1.00000000,1.00000000,1.00000000,0.99999837,0.99945668,0.99545493
202.7307,1.00000000,1.00000000,1.00000000,1.00000000,1.00000000,0.99999883,0.99951306,0.99558754
202.7857,1.00000000,1.00000000,1.00000000,1.00000000,1.00000000,0.99999917,0.99956492,0.99571962
202.8407,1.00000000,1.00000000,1.00000000,1.00000000,1.00000000,0.99999943,0.99961244,0.99585098
202.8957,1.00000000,1.00000000,1.00000000,1.00000000,1.00000000,0.99999961,0.99965581,0.99598145
202.9507,1.00000000,1.00000000,1.00000000,1.00000000,1.00000000,0.99999974,0.99969525,0.99611087
203.0058,1.00000000,1.00000000,1.00000000,1.00000000,1.00000000,0.99999983,0.99973098,0.99623907
203.0608,1.00000000,1.00000000,1.00000000,1.00000000,1.00000000,0.99999989,0.99976323,0.99636591
203.1158,1.00000000,1.00000000,1.00000000,1.00000000,1.00000000,0.99999993,0.99979223,0.99649123
203.1708,1.00000000,1.00000000,1.00000000,1.00000000,1.00000000,0.99999996,0.99981822,0.99661490
203.2258,1.00000000,1.00000000,1.00000000,1.00000000,1.00000000,0.99999997,0.99984144,0.99673680
203.2808,1.00000000,1.00000000,1.00000000,1.00000000,1.00000000,0.99999998,0.99986209,0.99685679
203.3358,1.00000000,1.00000000,1.00000000,1.00000000,1.00000000,0.99999999,0.99988040,0.99697477
203.3908,1.00000000,1.00000000,1.00000000,1.00000000,1.00000000,0.99999999,0.99989659,0.99709062
203.4459,1.00000000,1.00000000,1.00000000,1.00000000,1.00000000,1.00000000,0.99991084,0.99720427
203.5009,1.00000000,1.00000000,1.00000000,1.00000000,1.00000000,1.00000000,0.99992335,0.99731561
203.5559,1.00000000,1.00000000,1.00000000,1.00000000,1.00000000,1.00000000,0.99993430,0.99742456
203.6109,1.00000000,1.00000000,1.00000000,1.00000000,1.00000000,1.00000000,0.99994384,0.99753106
203.6659,1.00000000,1.00000000,1.00000000,1.00000000,1.00000000,1.00000000,0.99995213,0.99763505
203.7209,1.00000000,1.00000000,1.00000000,1.00000000,1.00000000,1.00000000,0.99995931,0.99773646
203.7759,1.00000000,1.00000000,1.00000000,1.00000000,1.00000000,1.00000000,0.99996551,0.99783525
203.8310,1.00000000,1.00000000,1.00000000,1.00000000,1.00000000,1.00000000,0.99997085,0.99793139
203.8860,1.00000000,1.00000000,1.00000000,1.00000000,1.00000000,1.00000000,0.99997543,0.99802484
203.9410,1.00000000,1.00000000,1.00000000,1.00000000,1.00000000,1.00000000,0.99997935,0.99811557
203.9960,1.00000000,1.00000000,1.00000000,1.00000000,1.00000000,1.00000000,0.99998269,0.99820358
204.0510,1.00000000,1.00000000,1.00000000,1.00000000,1.00000000,1.00000000,0.99998553,0.99828885
204.1060,1.00000000,1.00000000,1.00000000,1.00000000,1.00000000,1.00000000,0.99998793,0.99837138
204.1610,1.00000000,1.00000000,1.00000000,1.00000000,1.00000000,1.00000000,0.99998996,0.99845117
204.2161,1.00000000,1.00000000,1.00000000,1.00000000,1.00000000,1.00000000,0.99999168,0.99852824
204.2711,1.00000000,1.00000000,1.00000000,1.00000000,1.00000000,1.00000000,0.99999312,0.99860259
204.3261,1.00000000,1.00000000,1.00000000,1.00000000,1.00000000,1.00000000,0.99999432,0.99867425
204.3811,1.00000000,1.00000000,1.00000000,1.00000000,1.00000000,1.00000000,0.99999533,0.99874325
204.4361,1.00000000,1.00000000,1.00000000,1.00000000,1.00000000,1.00000000,0.99999616,0.99880962
204.4911,1.00000000,1.00000000,1.00000000,1.00000000,1.00000000,1.00000000,0.99999686,0.99887339
204.5461,1.00000000,1.00000000,1.00000000,1.00000000,1.00000000,1.00000000,0.99999744,0.99893460
204.6012,1.00000000,1.00000000,1.00000000,1.00000000,1.00000000,1.00000000,0.99999791,0.99899330
204.6562,1.00000000,1.00000000,1.00000000,1.00000000,1.00000000,1.00000000,0.99999830,0.99904953
204.7112,1.00000000,1.00000000,1.00000000,1.00000000,1.00000000,1.00000000,0.99999863,0.99910334
204.7662,1.00000000,1.00000000,1.00000000,1.00000000,1.00000000,1.00000000,0.99999889,0.99915478
204.8212,1.00000000,1.00000000,1.00000000,1.00000000,1.00000000,1.00000000,0.99999910,0.99920392
204.8762,1.00000000,1.00000000,1.00000000,1.00000000,1.00000000,1.00000000,0.99999928,0.99925081
204.9312,1.00000000,1.00000000,1.00000000,1.00000000,1.00000000,1.00000000,0.99999942,0.99929550
204.9862,1.00000000,1.00000000,1.00000000,1.00000000,1.00000000,1.00000000,0.99999954,0.99933806
205.0413,1.00000000,1.00000000,1.00000000,1.00000000,1.00000000,1.00000000,0.99999963,0.99937855
205.0963,1.00000000,1.00000000,1.00000000,1.00000000,1.00000000,1.00000000,0.99999971,0.99941703
205.1513,1.00000000,1.00000000,1.00000000,1.00000000,1.00000000,1.00000000,0.99999977,0.99945358
205.2063,1.00000000,1.00000000,1.00000000,1.00000000,1.00000000,1.00000000,0.99999981,0.99948824
205.2613,1.00000000,1.00000000,1.00000000,1.00000000,1.00000000,1.00000000,0.99999985,0.99952110
205.3163,1.00000000,1.00000000,1.00000000,1.00000000,1.00000000,1.00000000,0.99999988,0.99955220
205.3713,1.00000000,1.00000000,1.00000000,1.00000000,1.00000000,1.00000000,0.99999991,0.99958163
205.4264,1.00000000,1.00000000,1.00000000,1.00000000,1.00000000,1.00000000,0.99999993,0.99960944
205.4814,1.00000000,1.00000000,1.00000000,1.00000000,1.00000000,1.00000000,0.99999994,0.99963569
205.5364,1.00000000,1.00000000,1.00000000,1.00000000,1.00000000,1.00000000,0.99999996,0.99966045
205.5914,1.00000000,1.00000000,1.00000000,1.00000000,1.00000000,1.00000000,0.99999997,0.99968379
205.6464,1.00000000,1.00000000,1.00000000,1.00000000,1.00000000,1.00000000,0.99999997,0.99970576
205.7014,1.00000000,1.00000000,1.00000000,1.00000000,1.00000000,1.00000000,0.99999998,0.99972642
205.7564,1.00000000,1.00000000,1.00000000,1.00000000,1.00000000,1.00000000,0.99999998,0.99974584
205.8115,1.00000000,1.00000000,1.00000000,1.00000000,1.00000000,1.00000000,0.99999999,0.99976407
205.8665,1.00000000,1.00000000,1.00000000,1.00000000,1.00000000,1.00000000,0.99999999,0.99978117
205.9215,1.00000000,1.00000000,1.00000000,1.00000000,1.00000000,1.00000000,0.99999999,0.99979720
205.9765,1.00000000,1.00000000,1.00000000,1.00000000,1.00000000,1.00000000,0.99999999,0.99981220
206.0315,1.00000000,1.00000000,1.00000000,1.00000000,1.00000000,1.00000000,1.00000000,0.99982623
206.0865,1.00000000,1.00000000,1.00000000,1.00000000,1.00000000,1.00000000,1.00000000,0.99983935
206.1415,1.00000000,1.00000000,1.00000000,1.00000000,1.00000000,1.00000000,1.00000000,0.99985160
206.1965,1.00000000,1.00000000,1.00000000,1.00000000,1.00000000,1.00000000,1.00000000,0.99986302
206.2516,1.00000000,1.00000000,1.00000000,1.00000000,1.00000000,1.00000000,1.00000000,0.99987366
206.3066,1.00000000,1.00000000,1.00000000,1.00000000,1.00000000,1.00000000,1.00000000,0.99988358
206.3616,1.00000000,1.00000000,1.00000000,1.00000000,1.00000000,1.00000000,1.00000000,0.99989280
206.4166,1.00000000,1.00000000,1.00000000,1.00000000,1.00000000,1.00000000,1.00000000,0.99990137
206.4716,1.00000000,1.00000000,1.00000000,1.00000000,1.00000000,1.00000000,1.00000000,0.99990933
206.5266,1.00000000,1.00000000,1.00000000,1.00000000,1.00000000,1.00000000,1.00000000,0.99991671
206.5816,1.00000000,1.00000000,1.00000000,1.00000000,1.00000000,1.00000000,1.00000000,0.99992356
206.6367,1.00000000,1.00000000,1.00000000,1.00000000,1.00000000,1.00000000,1.00000000,0.99992990
206.6917,1.00000000,1.00000000,1.00000000,1.00000000,1.00000000,1.00000000,1.00000000,0.99993576
206.7467,1.00000000,1.00000000,1.00000000,1.00000000,1.00000000,1.00000000,1.00000000,0.99994118
206.8017,1.00000000,1.00000000,1.00000000,1.00000000,1.00000000,1.00000000,1.00000000,0.99994619
206.8567,1.00000000,1.00000000,1.00000000,1.00000000,1.00000000,1.00000000,1.00000000,0.99995081
206.9117,1.00000000,1.00000000,1.00000000,1.00000000,1.00000000,1.00000000,1.00000000,0.99995507
206.9667,1.00000000,1.00000000,1.00000000,1.00000000,1.00000000,1.00000000,1.00000000,0.99995900
207.0218,1.00000000,1.00000000,1.00000000,1.00000000,1.00000000,1.00000000,1.00000000,0.99996261
207.0768,1.00000000,1.00000000,1.00000000,1.00000000,1.00000000,1.00000000,1.00000000,0.99996593
207.1318,1.00000000,1.00000000,1.00000000,1.00000000,1.00000000,1.00000000,1.00000000,0.99996898
207.1868,1.00000000,1.00000000,1.00000000,1.00000000,1.00000000,1.00000000,1.00000000,0.99997179
207.2418,1.00000000,1.00000000,1.00000000,1.00000000,1.00000000,1.00000000,1.00000000,0.99997435
207.2968,1.00000000,1.00000000,1.00000000,1.00000000,1.00000000,1.00000000,1.00000000,0.99997671
207.3518,1.00000000,1.00000000,1.00000000,1.00000000,1.00000000,1.00000000,1.00000000,0.99997886
207.4069,1.00000000,1.00000000,1.00000000,1.00000000,1.00000000,1.00000000,1.00000000,0.99998083
207.4619,1.00000000,1.00000000,1.00000000,1.00000000,1.00000000,1.00000000,1.00000000,0.99998263
207.5169,1.00000000,1.00000000,1.00000000,1.00000000,1.00000000,1.00000000,1.00000000,0.99998428
207.5719,1.00000000,1.00000000,1.00000000,1.00000000,1.00000000,1.00000000,1.00000000,0.99998578
207.6269,1.00000000,1.00000000,1.00000000,1.00000000,1.00000000,1.00000000,1.00000000,0.99998715
207.6819,1.00000000,1.00000000,1.00000000,1.00000000,1.00000000,1.00000000,1.00000000,0.99998839
207.7369,1.00000000,1.00000000,1.00000000,1.00000000,1.00000000,1.00000000,1.00000000,0.99998953
207.7919,1.00000000,1.00000000,1.00000000,1.00000000,1.00000000,1.00000000,1.00000000,0.99999056
207.8470,1.00000000,1.00000000,1.00000000,1.00000000,1.00000000,1.00000000,1.00000000,0.99999149
207.9020,1.00000000,1.00000000,1.00000000,1.00000000,1.00000000,1.00000000,1.00000000,0.99999234
207.9570,1.00000000,1.00000000,1.00000000,1.00000000,1.00000000,1.00000000,1.00000000,0.99999311
208.0120,1.00000000,1.00000000,1.00000000,1.00000000,1.00000000,1.00000000,1.00000000,0.99999381
208.0670,1.00000000,1.00000000,1.00000000,1.00000000,1.00000000,1.00000000,1.00000000,0.99999444
208.1220,1.00000000,1.00000000,1.00000000,1.00000000,1.00000000,1.00000000,1.00000000,0.99999501
208.1770,1.00000000,1.00000000,1.00000000,1.00000000,1.00000000,1.00000000,1.00000000,0.99999553
208.2321,1.00000000,1.00000000,1.00000000,1.00000000,1.00000000,1.00000000,1.00000000,0.99999599
208.2871,1.00000000,1.00000000,1.00000000,1.00000000,1.00000000,1.00000000,1.00000000,0.99999641
208.3421,1.00000000,1.00000000,1.00000000,1.00000000,1.00000000,1.00000000,1.00000000,0.99999679
208.3971,1.00000000,1.00000000,1.00000000,1.00000000,1.00000000,1.00000000,1.00000000,0.99999713
208.4521,1.00000000,1.00000000,1.00000000,1.00000000,1.00000000,1.00000000,1.00000000,0.99999744
208.5071,1.00000000,1.00000000,1.00000000,1.00000000,1.00000000,1.00000000,1.00000000,0.99999772
208.5621,1.00000000,1.00000000,1.00000000,1.00000000,1.00000000,1.00000000,1.00000000,0.99999796
208.6172,1.00000000,1.00000000,1.00000000,1.00000000,1.00000000,1.00000000,1.00000000,0.99999819
208.6722,1.00000000,1.00000000,1.00000000,1.00000000,1.00000000,1.00000000,1.00000000,0.99999839
208.7272,1.00000000,1.00000000,1.00000000,1.00000000,1.00000000,1.00000000,1.00000000,0.99999856
208.7822,1.00000000,1.00000000,1.00000000,1.00000000,1.00000000,1.00000000,1.00000000,0.99999872
208.8372,1.00000000,1.00000000,1.00000000,1.00000000,1.00000000,1.00000000,1.00000000,0.99999887
208.8922,1.00000000,1.00000000,1.00000000,1.00000000,1.00000000,1.00000000,1.00000000,0.99999899
208.9472,1.00000000,1.00000000,1.00000000,1.00000000,1.00000000,1.00000000,1.00000000,0.99999911
209.0023,1.00000000,1.00000000,1.00000000,1.00000000,1.00000000,1.00000000,1.00000000,0.99999921
209.0573,1.00000000,1.00000000,1.00000000,1.00000000,1.00000000,1.00000000,1.00000000,0.99999930
209.1123,1.00000000,1.00000000,1.00000000,1.00000000,1.00000000,1.00000000,1.00000000,0.99999938
209.1673,1.00000000,1.00000000,1.00000000,1.00000000,1.00000000,1.00000000,1.00000000,0.99999945
209.2223,1.00000000,1.00000000,1.00000000,1.00000000,1.00000000,1.00000000,1.00000000,0.99999952
209.2773,1.00000000,1.00000000,1.00000000,1.00000000,1.00000000,1.00000000,1.00000000,0.99999957
209.3323,1.00000000,1.00000000,1.00000000,1.00000000,1.00000000,1.00000000,1.00000000,0.99999962
209.3873,1.00000000,1.00000000,1.00000000,1.00000000,1.00000000,1.00000000,1.00000000,0.99999967
209.4424,1.00000000,1.00000000,1.00000000,1.00000000,1.00000000,1.00000000,1.00000000,0.99999971
209.4974,1.00000000,1.00000000,1.00000000,1.00000000,1.00000000,1.00000000,1.00000000,0.99999974
209.5524,1.00000000,1.00000000,1.00000000,1.00000000,1.00000000,1.00000000,1.00000000,0.99999978
209.6074,1.00000000,1.00000000,1.00000000,1.00000000,1.00000000,1.00000000,1.00000000,0.99999980
209.6624,1.00000000,1.00000000,1.00000000,1.00000000,1.00000000,1.00000000,1.00000000,0.99999983
209.7174,1.00000000,1.00000000,1.00000000,1.00000000,1.00000000,1.00000000,1.00000000,0.99999985
209.7724,1.00000000,1.00000000,1.00000000,1.00000000,1.00000000,1.00000000,1.00000000,0.99999987
209.8275,1.00000000,1.00000000,1.00000000,1.00000000,1.00000000,1.00000000,1.00000000,0.99999988
209.8825,1.00000000,1.00000000,1.00000000,1.00000000,1.00000000,1.00000000,1.00000000,0.99999990
209.9375,1.00000000,1.00000000,1.00000000,1.00000000,1.00000000,1.00000000,1.00000000,0.99999991
209.9925,1.00000000,1.00000000,1.00000000,1.00000000,1.00000000,1.00000000,1.00000000,0.99999992
210.0475,1.00000000,1.00000000,1.00000000,1.00000000,1.00000000,1.00000000,1.00000000,0.99999993
210.1025,1.00000000,1.00000000,1.00000000,1.00000000,1.00000000,1.00000000,1.00000000,0.99999994
210.1575,1.00000000,1.00000000,1.00000000,1.00000000,1.00000000,1.00000000,1.00000000,0.99999995
210.2126,1.00000000,1.00000000,1.00000000,1.00000000,1.00000000,1.00000000,1.00000000,0.99999996
210.2676,1.00000000,1.00000000,1.00000000,1.00000000,1.00000000,1.00000000,1.00000000,0.99999996
210.3226,1.00000000,1.00000000,1.00000000,1.00000000,1.00000000,1.00000000,1.00000000,0.99999997
210.3776,1.00000000,1.00000000,1.00000000,1.00000000,1.00000000,1.00000000,1.00000000,0.99999997
210.4326,1.00000000,1.00000000,1.00000000,1.00000000,1.00000000,1.00000000,1.00000000,0.99999997
210.4876,1.00000000,1.00000000,1.00000000,1.00000000,1.00000000,1.00000000,1.00000000,0.99999998
210.5426,1.00000000,1.00000000,1.00000000,1.00000000,1.00000000,1.00000000,1.00000000,0.99999998
210.5976,1.00000000,1.00000000,1.00000000,1.00000000,1.00000000,1.00000000,1.00000000,0.99999998
210.6527,1.00000000,1.00000000,1.00000000,1.00000000,1.00000000,1.00000000,1.00000000,0.99999999
210.7077,1.00000000,1.00000000,1.00000000,1.00000000,1.00000000,1.00000000,1.00000000,0.99999999
210.7627,1.00000000,1.00000000,1.00000000,1.00000000,1.00000000,1.00000000,1.00000000,0.99999999
210.8177,1.00000000,1.00000000,1.00000000,1.00000000,1.00000000,1.00000000,1.00000000,0.99999999
210.8727,1.00000000,1.00000000,1.00000000,1.00000000,1.00000000,1.00000000,1.00000000,0.99999999
210.9277,1.00000000,1.00000000,1.00000000,1.00000000,1.00000000,1.00000000,1.00000000,0.99999999
210.9827,1.00000000,1.00000000,1.00000000,1.00000000,1.00000000,1.00000000,1.00000000,0.99999999
211.0378,1.00000000,1.00000000,1.00000000,1.00000000,1.00000000,1.00000000,1.00000000,0.99999999
211.0928,1.00000000,1.00000000,1.00000000,1.00000000,1.00000000,1.00000000,1.00000000,1.00000000
211.1478,1.00000000,1.00000000,1.00000000,1.00000000,1.00000000,1.00000000,1.00000000,1.00000000
211.2028,1.00000000,1.00000000,1.00000000,1.00000000,1.00000000,1.00000000,1.00000000,1.00000000
211.2578,1.00000000,1.00000000,1.00000000,1.00000000,1.00000000,1.00000000,1.00000000,1.00000000
211.3128,1.00000000,1.00000000,1.00000000,1.00000000,1.00000000,1.00000000,1.00000000,1.00000000
211.3678,1.00000000,1.00000000,1.00000000,1.00000000,1.00000000,1.00000000,1.00000000,1.00000000
211.4229,1.00000000,1.00000000,1.00000000,1.00000000,1.00000000,1.00000000,1.00000000,1.00000000
211.4779,1.00000000,1.00000000,1.00000000,1.00000000,1.00000000,1.00000000,1.00000000,1.00000000
211.5329,1.00000000,1.00000000,1.00000000,1.00000000,1.00000000,1.00000000,1.00000000,1.00000000
211.5879,1.00000000,1.00000000,1.00000000,1.00000000,1.00000000,1.00000000,1.00000000,1.00000000
211.6429,1.00000000,1.00000000,1.00000000,1.00000000,1.00000000,1.00000000,1.00000000,1.00000000
211.6979,1.00000000,1.00000000,1.00000000,1.00000000,1.00000000,1.00000000,1.00000000,1.00000000
211.7529,1.00000000,1.00000000,1.00000000,1.00000000,1.00000000,1.00000000,1.00000000,1.00000000
211.8080,1.00000000,1.00000000,1.00000000,1.00000000,1.00000000,1.00000000,1.00000000,1.00000000
211.8630,1.00000000,1.00000000,1.00000000,1.00000000,1.00000000,1.00000000,1.00000000,1.00000000
211.9180,1.00000000,1.00000000,1.00000000,1.00000000,1.00000000,1.00000000,1.00000000,1.00000000
211.9730,1.00000000,1.00000000,1.00000000,1.00000000,1.00000000,1.00000000,1.00000000,1.00000000
212.0280,1.00000000,1.00000000,1.00000000,1.00000000,1.00000000,1.00000000,1.00000000,1.00000000
212.0830,1.00000000,1.00000000,1.00000000,1.00000000,1.00000000,1.00000000,1.00000000,1.00000000
212.1380,1.00000000,1.00000000,1.00000000,1.00000000,1.00000000,1.00000000,1.00000000,1.00000000
212.1930,1.00000000,1.00000000,1.00000000,1.00000000,1.00000000,1.00000000,1.00000000,1.00000000
212.2481,1.00000000,1.00000000,1.00000000,1.00000000,1.00000000,1.00000000,1.00000000,1.00000000
212.3031,1.00000000,1.00000000,1.00000000,1.00000000,1.00000000,1.00000000,1.00000000,1.00000000
212.3581,1.00000000,1.00000000,1.00000000,1.00000000,1.00000000,1.00000000,1.00000000,1.00000000
212.4131,1.00000000,1.00000000,1.00000000,1.00000000,1.00000000,1.00000000,1.00000000,1.00000000
212.4681,1.00000000,1.00000000,1.00000000,1.00000000,1.00000000,1.00000000,1.00000000,1.00000000
212.5231,1.00000000,1.00000000,1.00000000,1.00000000,1.00000000,1.00000000,1.00000000,1.00000000
212.5781,1.00000000,1.00000000,1.00000000,1.00000000,1.00000000,1.00000000,1.00000000,1.00000000
212.6332,1.00000000,1.00000000,1.00000000,1.00000000,1.00000000,1.00000000,1.00000000,1.00000000
212.6882,1.00000000,1.00000000,1.00000000,1.00000000,1.00000000,1.00000000,1.00000000,1.00000000
212.7432,1.00000000,1.00000000,1.00000000,1.00000000,1.00000000,1.00000000,1.00000000,1.00000000
212.7982,1.00000000,1.00000000,1.00000000,1.00000000,1.00000000,1.00000000,1.00000000,1.00000000
212.8532,1.00000000,1.00000000,1.00000000,1.00000000,1.00000000,1.00000000,1.00000000,1.00000000
212.9082,1.00000000,1.00000000,1.00000000,1.00000000,1.00000000,1.00000000,1.00000000,1.00000000
212.9632,1.00000000,1.00000000,1.00000000,1.00000000,1.00000000,1.00000000,1.00000000,1.00000000
213.0183,1.00000000,1.00000000,1.00000000,1.00000000,1.00000000,1.00000000,1.00000000,1.00000000
213.0733,1.00000000,1.00000000,1.00000000,1.00000000,1.00000000,1.00000000,1.00000000,1.00000000
213.1283,1.00000000,1.00000000,1.00000000,1.00000000,1.00000000,1.00000000,1.00000000,1.00000000
213.1833,1.00000000,1.00000000,1.00000000,1.00000000,1.00000000,1.00000000,1.00000000,1.00000000
213.2383,1.00000000,1.00000000,1.00000000,1.00000000,1.00000000,1.00000000,1.00000000,1.00000000
213.2933,1.00000000,1.00000000,1.00000000,1.00000000,1.00000000,1.00000000,1.00000000,1.00000000
213.3483,1.00000000,1.00000000,1.00000000,1.00000000,1.00000000,1.00000000,1.00000000,1.00000000
213.4034,1.00000000,1.00000000,1.00000000,1.00000000,1.00000000,1.00000000,1.00000000,1.00000000
213.4584,1.00000000,1.00000000,1.00000000,1.00000000,1.00000000,1.00000000,1.00000000,1.00000000
213.5134,1.00000000,1.00000000,1.00000000,1.00000000,1.00000000,1.00000000,1.00000000,1.00000000
213.5684,1.00000000,1.00000000,1.00000000,1.00000000,1.00000000,1.00000000,1.00000000,1.00000000
213.6234,1.00000000,1.00000000,1.00000000,1.00000000,1.00000000,1.00000000,1.00000000,1.00000000
213.6784,1.00000000,1.00000000,1.00000000,1.00000000,1.00000000,1.00000000,1.00000000,1.00000000
213.7334,1.00000000,1.00000000,1.00000000,1.00000000,1.00000000,1.00000000,1.00000000,1.00000000
213.7884,1.00000000,1.00000000,1.00000000,1.00000000,1.00000000,1.00000000,1.00000000,1.00000000
213.8435,1.00000000,1.00000000,1.00000000,1.00000000,1.00000000,1.00000000,1.00000000,1.00000000
213.8985,1.00000000,1.00000000,1.00000000,1.00000000,1.00000000,1.00000000,1.00000000,1.00000000
213.9535,1.00000000,1.00000000,1.00000000,1.00000000,1.00000000,1.00000000,1.00000000,1.00000000
214.0085,1.00000000,1.00000000,1.00000000,1.00000000,1.00000000,1.00000000,1.00000000,1.00000000
214.0635,1.00000000,1.00000000,1.00000000,1.00000000,1.00000000,1.00000000,1.00000000,1.00000000
214.1185,1.00000000,1.00000000,1.00000000,1.00000000,1.00000000,1.00000000,1.00000000,1.00000000
214.1735,1.00000000,1.00000000,1.00000000,1.00000000,1.00000000,1.00000000,1.00000000,1.00000000
214.2286,1.00000000,1.00000000,1.00000000,1.00000000,1.00000000,1.00000000,1.00000000,1.00000000
214.2836,1.00000000,1.00000000,1.00000000,1.00000000,1.00000000,1.00000000,1.00000000,1.00000000
214.3386,1.00000000,1.00000000,1.00000000,1.00000000,1.00000000,1.00000000,1.00000000,1.00000000
214.3936,1.00000000,1.00000000,1.00000000,1.00000000,1.00000000,1.00000000,1.00000000,1.00000000
214.4486,1.00000000,1.00000000,1.00000000,1.00000000,1.00000000,1.00000000,1.00000000,1.00000000
214.5036,1.00000000,1.00000000,1.00000000,1.00000000,1.00000000,1.00000000,1.00000000,1.00000000
214.5586,1.00000000,1.00000000,1.00000000,1.00000000,1.00000000,1.00000000,1.00000000,1.00000000
214.6137,1.00000000,1.00000000,1.00000000,1.00000000,1.00000000,1.00000000,1.00000000,1.00000000
214.6687,1.00000000,1.00000000,1.00000000,1.00000000,1.00000000,1.00000000,1.00000000,1.00000000
214.7237,1.00000000,1.00000000,1.00000000,1.00000000,1.00000000,1.00000000,1.00000000,1.00000000
214.7787,1.00000000,1.00000000,1.00000000,1.00000000,1.00000000,1.00000000,1.00000000,1.00000000
214.8337,1.00000000,1.00000000,1.00000000,1.00000000,1.00000000,1.00000000,1.00000000,1.00000000
214.8887,1.00000000,1.00000000,1.00000000,1.00000000,1.00000000,1.00000000,1.00000000,1.00000000
214.9437,1.00000000,1.00000000,1.00000000,1.00000000,1.00000000,1.00000000,1.00000000,1.00000000
214.9987,1.00000000,1.00000000,1.00000000,1.00000000,1.00000000,1.00000000,1.00000000,1.00000000
215.0538,1.00000000,1.00000000,1.00000000,1.00000000,1.00000000,1.00000000,1.00000000,1.00000000
215.1088,1.00000000,1.00000000,1.00000000,1.00000000,1.00000000,1.00000000,1.00000000,1.00000000
215.1638,1.00000000,1.00000000,1.00000000,1.00000000,1.00000000,1.00000000,1.00000000,1.00000000
215.2188,1.00000000,1.00000000,1.00000000,1.00000000,1.00000000,1.00000000,1.00000000,1.00000000
215.2738,1.00000000,1.00000000,1.00000000,1.00000000,1.00000000,1.00000000,1.00000000,1.00000000
215.3288,1.00000000,1.00000000,1.00000000,1.00000000,1.00000000,1.00000000,1.00000000,1.00000000
215.3838,1.00000000,1.00000000,1.00000000,1.00000000,1.00000000,1.00000000,1.00000000,1.00000000
215.4389,1.00000000,1.00000000,1.00000000,1.00000000,1.00000000,1.00000000,1.00000000,1.00000000
215.4939,1.00000000,1.00000000,1.00000000,1.00000000,1.00000000,1.00000000,1.00000000,1.00000000
215.5489,1.00000000,1.00000000,1.00000000,1.00000000,1.00000000,1.00000000,1.00000000,1.00000000
215.6039,1.00000000,1.00000000,1.00000000,1.00000000,1.00000000,1.00000000,1.00000000,1.00000000
215.6589,1.00000000,1.00000000,1.00000000,1.00000000,1.00000000,1.00000000,1.00000000,1.00000000
215.7139,1.00000000,1.00000000,1.00000000,1.00000000,1.00000000,1.00000000,1.00000000,1.00000000
215.7689,1.00000000,1.00000000,1.00000000,1.00000000,1.00000000,1.00000000,1.00000000,1.00000000
215.8240,1.00000000,1.00000000,1.00000000,1.00000000,1.00000000,1.00000000,1.00000000,1.00000000
215.8790,1.00000000,1.00000000,1.00000000,1.00000000,1.00000000,1.00000000,1.00000000,1.00000000
215.9340,1.00000000,1.00000000,1.00000000,1.00000000,1.00000000,1.00000000,1.00000000,1.00000000
215.9890,1.00000000,1.00000000,1.00000000,1.00000000,1.00000000,1.00000000,1.00000000,1.00000000
216.0440,1.00000000,1.00000000,1.00000000,1.00000000,1.00000000,1.00000000,1.00000000,1.00000000
216.0990,1.00000000,1.00000000,1.00000000,1.00000000,1.00000000,1.00000000,1.00000000,1.00000000
216.1540,1.00000000,1.00000000,1.00000000,1.00000000,1.00000000,1.00000000,1.00000000,1.00000000
216.2091,1.00000000,1.00000000,1.00000000,1.00000000,1.00000000,1.00000000,1.00000000,1.00000000
216.2641,1.00000000,1.00000000,1.00000000,1.00000000,1.00000000,1.00000000,1.00000000,1.00000000
216.3191,1.00000000,1.00000000,1.00000000,1.00000000,1.00000000,1.00000000,1.00000000,1.00000000
216.3741,1.00000000,1.00000000,1.00000000,1.00000000,1.00000000,1.00000000,1.00000000,1.00000000
216.4291,1.00000000,1.00000000,1.00000000,1.00000000,1.00000000,1.00000000,1.00000000,1.00000000
216.4841,1.00000000,1.00000000,1.00000000,1.00000000,1.00000000,1.00000000,1.00000000,1.00000000
216.5391,1.00000000,1.00000000,1.00000000,1.00000000,1.00000000,1.00000000,1.00000000,1.00000000
216.5941,1.00000000,1.00000000,1.00000000,1.00000000,1.00000000,1.00000000,1.00000000,1.00000000
216.6492,1.00000000,1.00000000,1.00000000,1.00000000,1.00000000,1.00000000,1.00000000,1.00000000
216.7042,1.00000000,1.00000000,1.00000000,1.00000000,1.00000000,1.00000000,1.00000000,1.00000000
216.7592,1.00000000,1.00000000,1.00000000,1.00000000,1.00000000,1.00000000,1.00000000,1.00000000
216.8142,1.00000000,1.00000000,1.00000000,1.00000000,1.00000000,1.00000000,1.00000000,1.00000000
216.8692,1.00000000,1.00000000,1.00000000,1.00000000,1.00000000,1.00000000,1.00000000,1.00000000
216.9242,1.00000000,1.00000000,1.00000000,1.00000000,1.00000000,1.00000000,1.00000000,1.00000000
216.9792,1.00000000,1.00000000,1.00000000,1.00000000,1.00000000,1.00000000,1.00000000,1.00000000
217.0343,1.00000000,1.00000000,1.00000000,1.00000000,1.00000000,1.00000000,1.00000000,1.00000000
217.0893,1.00000000,1.00000000,1.00000000,1.00000000,1.00000000,1.00000000,1.00000000,1.00000000
217.1443,1.00000000,1.00000000,1.00000000,1.00000000,1.00000000,1.00000000,1.00000000,1.00000000
217.1993,1.00000000,1.00000000,1.00000000,1.00000000,1.00000000,1.00000000,1.00000000,1.00000000
217.2543,1.00000000,1.00000000,1.00000000,1.00000000,1.00000000,1.00000000,1.00000000,0.99999999
217.3093,1.00000000,1.00000000,1.00000000,1.00000000,1.00000000,1.00000000,1.00000000,0.99999999
217.3643,1.00000000,1.00000000,1.00000000,1.00000000,1.00000000,1.00000000,1.00000000,0.99999999
217.4194,1.00000000,1.00000000,1.00000000,1.00000000,1.00000000,1.00000000,1.00000000,0.99999999
217.4744,1.00000000,1.00000000,1.00000000,1.00000000,1.00000000,1.00000000,1.00000000,0.99999999
217.5294,1.00000000,1.00000000,1.00000000,1.00000000,1.00000000,1.00000000,1.00000000,0.99999999
217.5844,1.00000000,1.00000000,1.00000000,1.00000000,1.00000000,1.00000000,1.00000000,0.99999999
217.6394,1.00000000,1.00000000,1.00000000,1.00000000,1.00000000,1.00000000,1.00000000,0.99999999
217.6944,1.00000000,1.00000000,1.00000000,1.00000000,1.00000000,1.00000000,1.00000000,0.99999999
217.7494,1.00000000,1.00000000,1.00000000,1.00000000,1.00000000,1.00000000,1.00000000,0.99999999
217.8045,1.00000000,1.00000000,1.00000000,1.00000000,1.00000000,1.00000000,1.00000000,0.99999998
217.8595,1.00000000,1.00000000,1.00000000,1.00000000,1.00000000,1.00000000,1.00000000,0.99999998
217.9145,1.00000000,1.00000000,1.00000000,1.00000000,1.00000000,1.00000000,1.00000000,0.99999998
217.9695,1.00000000,1.00000000,1.00000000,1.00000000,1.00000000,1.00000000,1.00000000,0.99999998
218.0245,1.00000000,1.00000000,1.00000000,1.00000000,1.00000000,1.00000000,1.00000000,0.99999997
218.0795,1.00000000,1.00000000,1.00000000,1.00000000,1.00000000,1.00000000,1.00000000,0.99999997
218.1345,1.00000000,1.00000000,1.00000000,1.00000000,1.00000000,1.00000000,1.00000000,0.99999997
218.1895,1.00000000,1.00000000,1.00000000,1.00000000,1.00000000,1.00000000,1.00000000,0.99999996
218.2446,1.00000000,1.00000000,1.00000000,1.00000000,1.00000000,1.00000000,1.00000000,0.99999996
218.2996,1.00000000,1.00000000,1.00000000,1.00000000,1.00000000,1.00000000,1.00000000,0.99999996
218.3546,1.00000000,1.00000000,1.00000000,1.00000000,1.00000000,1.00000000,1.00000000,0.99999995
218.4096,1.00000000,1.00000000,1.00000000,1.00000000,1.00000000,1.00000000,1.00000000,0.99999995
218.4646,1.00000000,1.00000000,1.00000000,1.00000000,1.00000000,1.00000000,1.00000000,0.99999994
218.5196,1.00000000,1.00000000,1.00000000,1.00000000,1.00000000,1.00000000,1.00000000,0.99999993
218.5746,1.00000000,1.00000000,1.00000000,1.00000000,1.00000000,1.00000000,1.00000000,0.99999993
218.6297,1.00000000,1.00000000,1.00000000,1.00000000,1.00000000,1.00000000,1.00000000,0.99999992
218.6847,1.00000000,1.00000000,1.00000000,1.00000000,1.00000000,1.00000000,1.00000000,0.99999991
218.7397,1.00000000,1.00000000,1.00000000,1.00000000,1.00000000,1.00000000,1.00000000,0.99999990
218.7947,1.00000000,1.00000000,1.00000000,1.00000000,1.00000000,1.00000000,1.00000000,0.99999989
218.8497,1.00000000,1.00000000,1.00000000,1.00000000,1.00000000,1.00000000,1.00000000,0.99999988
218.9047,1.00000000,1.00000000,1.00000000,1.00000000,1.00000000,1.00000000,1.00000000,0.99999987
218.9597,1.00000000,1.00000000,1.00000000,1.00000000,1.00000000,1.00000000,1.00000000,0.99999986
219.0148,1.00000000,1.00000000,1.00000000,1.00000000,1.00000000,1.00000000,1.00000000,0.99999984
219.0698,1.00000000,1.00000000,1.00000000,1.00000000,1.00000000,1.00000000,1.00000000,0.99999983
219.1248,1.00000000,1.00000000,1.00000000,1.00000000,1.00000000,1.00000000,1.00000000,0.99999981
219.1798,1.00000000,1.00000000,1.00000000,1.00000000,1.00000000,1.00000000,1.00000000,0.99999979
219.2348,1.00000000,1.00000000,1.00000000,1.00000000,1.00000000,1.00000000,1.00000000,0.99999978
219.2898,1.00000000,1.00000000,1.00000000,1.00000000,1.00000000,1.00000000,1.00000000,0.99999975
219.3448,1.00000000,1.00000000,1.00000000,1.00000000,1.00000000,1.00000000,1.00000000,0.99999973
219.3998,1.00000000,1.00000000,1.00000000,1.00000000,1.00000000,1.00000000,1.00000000,0.99999971
219.4549,1.00000000,1.00000000,1.00000000,1.00000000,1.00000000,1.00000000,1.00000000,0.99999968
219.5099,1.00000000,1.00000000,1.00000000,1.00000000,1.00000000,1.00000000,1.00000000,0.99999965
219.5649,1.00000000,1.00000000,1.00000000,1.00000000,1.00000000,1.00000000,1.00000000,0.99999962
219.6199,1.00000000,1.00000000,1.00000000,1.00000000,1.00000000,1.00000000,1.00000000,0.99999959
219.6749,1.00000000,1.00000000,1.00000000,1.00000000,1.00000000,1.00000000,1.00000000,0.99999955
219.7299,1.00000000,1.00000000,1.00000000,1.00000000,1.00000000,1.00000000,1.00000000,0.99999951
219.7849,1.00000000,1.00000000,1.00000000,1.00000000,1.00000000,1.00000000,1.00000000,0.99999947
219.8400,1.00000000,1.00000000,1.00000000,1.00000000,1.00000000,1.00000000,1.00000000,0.99999942
219.8950,1.00000000,1.00000000,1.00000000,1.00000000,1.00000000,1.00000000,1.00000000,0.99999937
219.9500,1.00000000,1.00000000,1.00000000,1.00000000,1.00000000,1.00000000,1.00000000,0.99999932
220.0050,1.00000000,1.00000000,1.00000000,1.00000000,1.00000000,1.00000000,1.00000000,0.99999927
220.0600,1.00000000,1.00000000,1.00000000,1.00000000,1.00000000,1.00000000,1.00000000,0.99999921
220.1150,1.00000000,1.00000000,1.00000000,1.00000000,1.00000000,1.00000000,1.00000000,0.99999914
220.1700,1.00000000,1.00000000,1.00000000,1.00000000,1.00000000,1.00000000,1.00000000,0.99999907
220.2251,1.00000000,1.00000000,1.00000000,1.00000000,1.00000000,1.00000000,1.00000000,0.99999900
220.2801,1.00000000,1.00000000,1.00000000,1.00000000,1.00000000,1.00000000,1.00000000,0.99999892
220.3351,1.00000000,1.00000000,1.00000000,1.00000000,1.00000000,1.00000000,1.00000000,0.99999884
220.3901,1.00000000,1.00000000,1.00000000,1.00000000,1.00000000,1.00000000,1.00000000,0.99999875
220.4451,1.00000000,1.00000000,1.00000000,1.00000000,1.00000000,1.00000000,1.00000000,0.99999866
220.5001,1.00000000,1.00000000,1.00000000,1.00000000,1.00000000,1.00000000,1.00000000,0.99999855
220.5551,1.00000000,1.00000000,1.00000000,1.00000000,1.00000000,1.00000000,1.00000000,0.99999845
220.6102,1.00000000,1.00000000,1.00000000,1.00000000,1.00000000,1.00000000,1.00000000,0.99999833
220.6652,1.00000000,1.00000000,1.00000000,1.00000000,1.00000000,1.00000000,1.00000000,0.99999821
220.7202,1.00000000,1.00000000,1.00000000,1.00000000,1.00000000,1.00000000,1.00000000,0.99999809
220.7752,1.00000000,1.00000000,1.00000000,1.00000000,1.00000000,1.00000000,1.00000000,0.99999795
220.8302,1.00000000,1.00000000,1.00000000,1.00000000,1.00000000,1.00000000,1.00000000,0.99999781
220.8852,1.00000000,1.00000000,1.00000000,1.00000000,1.00000000,1.00000000,1.00000000,0.99999765
220.9402,1.00000000,1.00000000,1.00000000,1.00000000,1.00000000,1.00000000,1.00000000,0.99999749
220.9952,1.00000000,1.00000000,1.00000000,1.00000000,1.00000000,1.00000000,1.00000000,0.99999733
221.0503,1.00000000,1.00000000,1.00000000,1.00000000,1.00000000,1.00000000,1.00000000,0.99999715
221.1053,1.00000000,1.00000000,1.00000000,1.00000000,1.00000000,1.00000000,1.00000000,0.99999696
221.1603,1.00000000,1.00000000,1.00000000,1.00000000,1.00000000,1.00000000,1.00000000,0.99999676
221.2153,1.00000000,1.00000000,1.00000000,1.00000000,1.00000000,1.00000000,1.00000000,0.99999656
221.2703,1.00000000,1.00000000,1.00000000,1.00000000,1.00000000,1.00000000,1.00000000,0.99999634
221.3253,1.00000000,1.00000000,1.00000000,1.00000000,1.00000000,1.00000000,1.00000000,0.99999611
221.3803,1.00000000,1.00000000,1.00000000,1.00000000,1.00000000,1.00000000,0.99999999,0.99999587
221.4354,1.00000000,1.00000000,1.00000000,1.00000000,1.00000000,1.00000000,0.99999999,0.99999562
221.4904,1.00000000,1.00000000,1.00000000,1.00000000,1.00000000,1.00000000,0.99999999,0.99999536
221.5454,1.00000000,1.00000000,1.00000000,1.00000000,1.00000000,1.00000000,0.99999999,0.99999508
221.6004,1.00000000,1.00000000,1.00000000,1.00000000,1.00000000,1.00000000,0.99999999,0.99999480
221.6554,1.00000000,1.00000000,1.00000000,1.00000000,1.00000000,1.00000000,0.99999998,0.99999450
221.7104,1.00000000,1.00000000,1.00000000,1.00000000,1.00000000,1.00000000,0.99999998,0.99999418
221.7654,1.00000000,1.00000000,1.00000000,1.00000000,1.00000000,1.00000000,0.99999997,0.99999386
221.8205,1.00000000,1.00000000,1.00000000,1.00000000,1.00000000,1.00000000,0.99999997,0.99999352
221.8755,1.00000000,1.00000000,1.00000000,1.00000000,1.00000000,1.00000000,0.99999996,0.99999317
221.9305,1.00000000,1.00000000,1.00000000,1.00000000,1.00000000,1.00000000,0.99999995,0.99999281
221.9855,1.00000000,1.00000000,1.00000000,1.00000000,1.00000000,1.00000000,0.99999994,0.99999243
222.0405,1.00000000,1.00000000,1.00000000,1.00000000,1.00000000,1.00000000,0.99999993,0.99999204
222.0955,1.00000000,1.00000000,1.00000000,1.00000000,1.00000000,1.00000000,0.99999992,0.99999163
222.1505,1.00000000,1.00000000,1.00000000,1.00000000,1.00000000,1.00000000,0.99999990,0.99999121
222.2056,1.00000000,1.00000000,1.00000000,1.00000000,1.00000000,1.00000000,0.99999988,0.99999078
222.2606,1.00000000,1.00000000,1.00000000,1.00000000,1.00000000,1.00000000,0.99999986,0.99999033
222.3156,1.00000000,1.00000000,1.00000000,1.00000000,1.00000000,1.00000000,0.99999984,0.99998987
222.3706,1.00000000,1.00000000,1.00000000,1.00000000,1.00000000,1.00000000,0.99999981,0.99998939
222.4256,1.00000000,1.00000000,1.00000000,1.00000000,1.00000000,1.00000000,0.99999977,0.99998890
222.4806,1.00000000,1.00000000,1.00000000,1.00000000,1.00000000,1.00000000,0.99999973,0.99998840
222.5356,1.00000000,1.00000000,1.00000000,1.00000000,1.00000000,1.00000000,0.99999969,0.99998789
222.5906,1.00000000,1.00000000,1.00000000,1.00000000,1.00000000,1.00000000,0.99999964,0.99998736
222.6457,1.00000000,1.00000000,1.00000000,1.00000000,1.00000000,1.00000000,0.99999958,0.99998681
222.7007,1.00000000,1.00000000,1.00000000,1.00000000,1.00000000,1.00000000,0.99999951,0.99998626
222.7557,1.00000000,1.00000000,1.00000000,1.00000000,1.00000000,1.00000000,0.99999943,0.99998569
222.8107,1.00000000,1.00000000,1.00000000,1.00000000,1.00000000,1.00000000,0.99999935,0.99998511
222.8657,1.00000000,1.00000000,1.00000000,1.00000000,1.00000000,1.00000000,0.99999925,0.99998452
222.9207,1.00000000,1.00000000,1.00000000,1.00000000,1.00000000,1.00000000,0.99999915,0.99998391
222.9757,1.00000000,1.00000000,1.00000000,1.00000000,1.00000000,1.00000000,0.99999903,0.99998330
223.0308,1.00000000,1.00000000,1.00000000,1.00000000,1.00000000,1.00000000,0.99999889,0.99998267
223.0858,1.00000000,1.00000000,1.00000000,1.00000000,1.00000000,1.00000000,0.99999875,0.99998204
223.1408,1.00000000,1.00000000,1.00000000,1.00000000,1.00000000,1.00000000,0.99999859,0.99998139
223.1958,1.00000000,1.00000000,1.00000000,1.00000000,1.00000000,1.00000000,0.99999841,0.99998074
223.2508,1.00000000,1.00000000,1.00000000,1.00000000,1.00000000,1.00000000,0.99999821,0.99998008
223.3058,1.00000000,1.00000000,1.00000000,1.00000000,1.00000000,1.00000000,0.99999800,0.99997942
223.3608,1.00000000,1.00000000,1.00000000,1.00000000,1.00000000,1.00000000,0.99999777,0.99997874
223.4159,1.00000000,1.00000000,1.00000000,1.00000000,1.00000000,1.00000000,0.99999752,0.99997806
223.4709,1.00000000,1.00000000,1.00000000,1.00000000,1.00000000,1.00000000,0.99999725,0.99997738
223.5259,1.00000000,1.00000000,1.00000000,1.00000000,1.00000000,1.00000000,0.99999696,0.99997669
223.5809,1.00000000,1.00000000,1.00000000,1.00000000,1.00000000,1.00000000,0.99999665,0.99997600
223.6359,1.00000000,1.00000000,1.00000000,1.00000000,1.00000000,0.99999999,0.99999631,0.99997531
223.6909,1.00000000,1.00000000,1.00000000,1.00000000,1.00000000,0.99999999,0.99999596,0.99997461
223.7459,1.00000000,1.00000000,1.00000000,1.00000000,1.00000000,0.99999998,0.99999559,0.99997392
223.8010,1.00000000,1.00000000,1.00000000,1.00000000,1.00000000,0.99999998,0.99999520,0.99997323
223.8560,1.00000000,1.00000000,1.00000000,1.00000000,1.00000000,0.99999996,0.99999479,0.99997254
223.9110,1.00000000,1.00000000,1.00000000,1.00000000,1.00000000,0.99999994,0.99999435,0.99997185
223.9660,1.00000000,1.00000000,1.00000000,1.00000000,1.00000000,0.99999992,0.99999391,0.99997117
224.0210,1.00000000,1.00000000,1.00000000,1.00000000,1.00000000,0.99999988,0.99999344,0.99997049
224.0760,1.00000000,1.00000000,1.00000000,1.00000000,1.00000000,0.99999984,0.99999296,0.99996982
224.1310,1.00000000,1.00000000,1.00000000,1.00000000,1.00000000,0.99999977,0.99999247,0.99996915
224.1860,1.00000000,1.00000000,1.00000000,1.00000000,1.00000000,0.99999969,0.99999196,0.99996850
224.2411,1.00000000,1.00000000,1.00000000,1.00000000,1.00000000,0.99999959,0.99999145,0.99996785
224.2961,1.00000000,1.00000000,1.00000000,1.00000000,0.99999999,0.99999946,0.99999092,0.99996722
224.3511,1.00000000,1.00000000,1.00000000,1.00000000,0.99999998,0.99999931,0.99999040,0.99996660
224.4061,1.00000000,1.00000000,1.00000000,1.00000000,0.99999997,0.99999912,0.99998987,0.99996599
224.4611,1.00000000,1.00000000,1.00000000,0.99999999,0.99999994,0.99999890,0.99998933,0.99996539
224.5161,1.00000000,1.00000000,1.00000000,0.99999998,0.99999990,0.99999865,0.99998881,0.99996481
224.5711,1.00000000,1.00000000,0.99999999,0.99999995,0.99999983,0.99999836,0.99998828,0.99996425
224.6262,1.00000000,1.00000000,0.99999998,0.99999990,0.99999974,0.99999805,0.99998777,0.99996371
224.6812,1.00000000,1.00000000,0.99999995,0.99999982,0.99999961,0.99999771,0.99998727,0.99996318
224.7362,1.00000000,0.99999999,0.99999989,0.99999972,0.99999946,0.99999735,0.99998677,0.99996267
224.7912,0.99999999,0.99999998,0.99999980,0.99999959,0.99999929,0.99999699,0.99998630,0.99996218
224.8462,0.99999998,0.99999996,0.99999970,0.99999946,0.99999911,0.99999662,0.99998584,0.99996172
224.9012,0.99999996,0.99999993,0.99999961,0.99999934,0.99999892,0.99999627,0.99998541,0.99996128
224.9562,0.99999996,0.99999992,0.99999956,0.99999923,0.99999874,0.99999595,0.99998499,0.99996086
225.0113,0.99999997,0.99999993,0.99999955,0.99999913,0.99999855,0.99999567,0.99998461,0.99996046
225.0663,0.99999998,0.99999995,0.99999955,0.99999903,0.99999836,0.99999543,0.99998425,0.99996009
225.1213,0.99999998,0.99999996,0.99999949,0.99999890,0.99999819,0.99999526,0.99998391,0.99995975
225.1763,0.99999997,0.99999993,0.99999936,0.99999875,0.99999805,0.99999516,0.99998361,0.99995943
225.2313,0.99999994,0.99999987,0.99999920,0.99999862,0.99999797,0.99999513,0.99998334,0.99995913
225.2863,0.99999991,0.99999983,0.99999909,0.99999856,0.99999796,0.99999517,0.99998310,0.99995887
225.3413,0.99999991,0.99999982,0.99999910,0.99999861,0.99999804,0.99999528,0.99998289,0.99995863
225.3963,0.99999994,0.99999987,0.99999924,0.99999876,0.99999821,0.99999546,0.99998272,0.99995842
225.4514,0.99999997,0.99999993,0.99999946,0.99999900,0.99999846,0.99999568,0.99998258,0.99995824
225.5064,0.99999999,0.99999997,0.99999967,0.99999926,0.99999875,0.99999595,0.99998247,0.99995809
225.5614,1.00000000,0.99999999,0.99999983,0.99999951,0.99999905,0.99999623,0.99998240,0.99995797
225.6164,1.00000000,1.00000000,0.99999993,0.99999971,0.99999932,0.99999653,0.99998236,0.99995788
225.6714,1.00000000,1.00000000,0.99999997,0.99999984,0.99999954,0.99999681,0.99998235,0.99995781
225.7264,1.00000000,1.00000000,0.99999999,0.99999992,0.99999970,0.99999706,0.99998238,0.99995778
225.7814,1.00000000,1.00000000,1.00000000,0.99999996,0.99999979,0.99999728,0.99998244,0.99995777
225.8365,1.00000000,1.00000000,1.00000000,0.99999997,0.99999984,0.99999745,0.99998253,0.99995779
225.8915,1.00000000,1.00000000,1.00000000,0.99999996,0.99999984,0.99999757,0.99998264,0.99995784
225.9465,1.00000000,1.00000000,0.99999999,0.99999993,0.99999979,0.99999763,0.99998279,0.99995792
226.0015,1.00000000,1.00000000,0.99999997,0.99999988,0.99999972,0.99999764,0.99998297,0.99995803
226.0565,1.00000000,1.00000000,0.99999993,0.99999980,0.99999962,0.99999760,0.99998317,0.99995817
226.1115,0.99999999,0.99999999,0.99999986,0.99999971,0.99999951,0.99999752,0.99998339,0.99995833
226.1665,0.99999999,0.99999997,0.99999978,0.99999961,0.99999939,0.99999740,0.99998364,0.99995852
226.2216,0.99999997,0.99999995,0.99999971,0.99999953,0.99999928,0.99999727,0.99998392,0.99995874
226.2766,0.99999997,0.99999994,0.99999968,0.99999947,0.99999917,0.99999713,0.99998421,0.99995898
226.3316,0.99999997,0.99999994,0.99999968,0.99999943,0.99999907,0.99999699,0.99998453,0.99995924
226.3866,0.99999998,0.99999996,0.99999971,0.99999940,0.99999898,0.99999687,0.99998486,0.99995953
226.4416,0.99999999,0.99999998,0.99999972,0.99999935,0.99999888,0.99999677,0.99998522,0.99995984
226.4966,0.99999999,0.99999998,0.99999968,0.99999928,0.99999879,0.99999670,0.99998559,0.99996017
226.5516,0.99999998,0.99999995,0.99999958,0.99999919,0.99999871,0.99999668,0.99998597,0.99996053
226.6067,0.99999996,0.99999991,0.99999947,0.99999910,0.99999867,0.99999671,0.99998637,0.99996090
226.6617,0.99999994,0.99999988,0.99999940,0.99999906,0.99999867,0.99999678,0.99998678,0.99996129
226.7167,0.99999994,0.99999989,0.99999941,0.99999909,0.99999873,0.99999689,0.99998720,0.99996170
226.7717,0.99999996,0.99999992,0.99999951,0.99999920,0.99999884,0.99999705,0.99998764,0.99996212
226.8267,0.99999998,0.99999996,0.99999966,0.99999936,0.99999901,0.99999724,0.99998808,0.99996256
226.8817,0.99999999,0.99999999,0.99999980,0.99999953,0.99999920,0.99999747,0.99998853,0.99996301
226.9367,1.00000000,1.00000000,0.99999990,0.99999969,0.99999940,0.99999771,0.99998898,0.99996347
226.9917,1.00000000,1.00000000,0.99999996,0.99999982,0.99999957,0.99999797,0.99998943,0.99996395
227.0468,1.00000000,1.00000000,0.99999998,0.99999990,0.99999971,0.99999823,0.99998989,0.99996443
227.1018,1.00000000,1.00000000,1.00000000,0.99999995,0.99999982,0.99999848,0.99999035,0.99996492
227.1568,1.00000000,1.00000000,1.00000000,0.99999998,0.99999990,0.99999872,0.99999081,0.99996541
227.2118,1.00000000,1.00000000,1.00000000,0.99999999,0.99999994,0.99999894,0.99999127,0.99996591
227.2668,1.00000000,1.00000000,1.00000000,1.00000000,0.99999997,0.99999914,0.99999172,0.99996641
227.3218,1.00000000,1.00000000,1.00000000,1.00000000,0.99999999,0.99999931,0.99999217,0.99996692
227.3768,1.00000000,1.00000000,1.00000000,1.00000000,0.99999999,0.99999946,0.99999261,0.99996742
227.4319,1.00000000,1.00000000,1.00000000,1.00000000,1.00000000,0.99999958,0.99999304,0.99996792
227.4869,1.00000000,1.00000000,1.00000000,1.00000000,1.00000000,0.99999969,0.99999346,0.99996841
227.5419,1.00000000,1.00000000,1.00000000,1.00000000,1.00000000,0.99999977,0.99999388,0.99996890
227.5969,1.00000000,1.00000000,1.00000000,1.00000000,1.00000000,0.99999983,0.99999428,0.99996938
227.6519,1.00000000,1.00000000,1.00000000,1.00000000,1.00000000,0.99999988,0.99999467,0.99996986
227.7069,1.00000000,1.00000000,1.00000000,1.00000000,1.00000000,0.99999992,0.99999504,0.99997032
227.7619,1.00000000,1.00000000,1.00000000,1.00000000,1.00000000,0.99999994,0.99999540,0.99997077
227.8170,1.00000000,1.00000000,1.00000000,1.00000000,1.00000000,0.99999996,0.99999575,0.99997120
227.8720,1.00000000,1.00000000,1.00000000,1.00000000,1.00000000,0.99999997,0.99999608,0.99997162
227.9270,1.00000000,1.00000000,1.00000000,1.00000000,1.00000000,0.99999998,0.99999639,0.99997203
227.9820,1.00000000,1.00000000,1.00000000,1.00000000,1.00000000,0.99999999,0.99999669,0.99997241
228.0370,1.00000000,1.00000000,1.00000000,1.00000000,1.00000000,0.99999999,0.99999697,0.99997277
228.0920,1.00000000,1.00000000,1.00000000,1.00000000,1.00000000,1.00000000,0.99999724,0.99997312
228.1470,1.00000000,1.00000000,1.00000000,1.00000000,1.00000000,1.00000000,0.99999749,0.99997343
228.2021,1.00000000,1.00000000,1.00000000,1.00000000,1.00000000,1.00000000,0.99999772,0.99997373
228.2571,1.00000000,1.00000000,1.00000000,1.00000000,1.00000000,1.00000000,0.99999794,0.99997399
228.3121,1.00000000,1.00000000,1.00000000,1.00000000,1.00000000,1.00000000,0.99999814,0.99997423
228.3671,1.00000000,1.00000000,1.00000000,1.00000000,1.00000000,1.00000000,0.99999833,0.99997444
228.4221,1.00000000,1.00000000,1.00000000,1.00000000,1.00000000,1.00000000,0.99999850,0.99997462
228.4771,1.00000000,1.00000000,1.00000000,1.00000000,1.00000000,1.00000000,0.99999866,0.99997476
228.5321,1.00000000,1.00000000,1.00000000,1.00000000,1.00000000,1.00000000,0.99999880,0.99997487
228.5871,1.00000000,1.00000000,1.00000000,1.00000000,1.00000000,1.00000000,0.99999893,0.99997495
228.6422,1.00000000,1.00000000,1.00000000,1.00000000,1.00000000,1.00000000,0.99999905,0.99997499
228.6972,1.00000000,1.00000000,1.00000000,1.00000000,1.00000000,1.00000000,0.99999916,0.99997500
228.7522,1.00000000,1.00000000,1.00000000,1.00000000,1.00000000,1.00000000,0.99999925,0.99997497
228.8072,1.00000000,1.00000000,1.00000000,1.00000000,1.00000000,1.00000000,0.99999933,0.99997489
228.8622,1.00000000,1.00000000,1.00000000,1.00000000,1.00000000,1.00000000,0.99999941,0.99997478
228.9172,1.00000000,1.00000000,1.00000000,1.00000000,1.00000000,1.00000000,0.99999947,0.99997463
228.9722,1.00000000,1.00000000,1.00000000,1.00000000,1.00000000,1.00000000,0.99999952,0.99997444
229.0273,1.00000000,1.00000000,1.00000000,1.00000000,1.00000000,1.00000000,0.99999957,0.99997420
229.0823,1.00000000,1.00000000,1.00000000,1.00000000,1.00000000,1.00000000,0.99999960,0.99997392
229.1373,1.00000000,1.00000000,1.00000000,1.00000000,1.00000000,1.00000000,0.99999963,0.99997360
229.1923,1.00000000,1.00000000,1.00000000,1.00000000,1.00000000,1.00000000,0.99999965,0.99997324
229.2473,1.00000000,1.00000000,1.00000000,1.00000000,1.00000000,1.00000000,0.99999966,0.99997283
229.3023,1.00000000,1.00000000,1.00000000,1.00000000,1.00000000,1.00000000,0.99999966,0.99997238
229.3573,1.00000000,1.00000000,1.00000000,1.00000000,1.00000000,1.00000000,0.99999965,0.99997188
229.4124,1.00000000,1.00000000,1.00000000,1.00000000,1.00000000,1.00000000,0.99999963,0.99997134
229.4674,1.00000000,1.00000000,1.00000000,1.00000000,1.00000000,1.00000000,0.99999961,0.99997075
229.5224,1.00000000,1.00000000,1.00000000,1.00000000,1.00000000,1.00000000,0.99999957,0.99997012
229.5774,1.00000000,1.00000000,1.00000000,1.00000000,1.00000000,1.00000000,0.99999952,0.99996944
229.6324,1.00000000,1.00000000,1.00000000,1.00000000,1.00000000,1.00000000,0.99999946,0.99996872
229.6874,1.00000000,1.00000000,1.00000000,1.00000000,1.00000000,1.00000000,0.99999938,0.99996796
229.7424,1.00000000,1.00000000,1.00000000,1.00000000,1.00000000,1.00000000,0.99999929,0.99996715
229.7974,1.00000000,1.00000000,1.00000000,1.00000000,1.00000000,1.00000000,0.99999919,0.99996630
229.8525,1.00000000,1.00000000,1.00000000,1.00000000,1.00000000,1.00000000,0.99999907,0.99996540
229.9075,1.00000000,1.00000000,1.00000000,1.00000000,1.00000000,1.00000000,0.99999893,0.99996447
229.9625,1.00000000,1.00000000,1.00000000,1.00000000,1.00000000,1.00000000,0.99999877,0.99996349
230.0175,1.00000000,1.00000000,1.00000000,1.00000000,1.00000000,1.00000000,0.99999859,0.99996248
230.0725,1.00000000,1.00000000,1.00000000,1.00000000,1.00000000,1.00000000,0.99999838,0.99996142
230.1275,1.00000000,1.00000000,1.00000000,1.00000000,1.00000000,1.00000000,0.99999815,0.99996033
230.1825,1.00000000,1.00000000,1.00000000,1.00000000,1.00000000,1.00000000,0.99999789,0.99995920
230.2376,1.00000000,1.00000000,1.00000000,1.00000000,1.00000000,1.00000000,0.99999760,0.99995803
230.2926,1.00000000,1.00000000,1.00000000,1.00000000,1.00000000,1.00000000,0.99999728,0.99995684
230.3476,1.00000000,1.00000000,1.00000000,1.00000000,1.00000000,1.00000000,0.99999693,0.99995561
230.4026,1.00000000,1.00000000,1.00000000,1.00000000,1.00000000,1.00000000,0.99999653,0.99995435
230.4576,1.00000000,1.00000000,1.00000000,1.00000000,1.00000000,1.00000000,0.99999610,0.99995306
230.5126,1.00000000,1.00000000,1.00000000,1.00000000,1.00000000,1.00000000,0.99999563,0.99995174
230.5676,1.00000000,1.00000000,1.00000000,1.00000000,1.00000000,1.00000000,0.99999512,0.99995039
230.6227,1.00000000,1.00000000,1.00000000,1.00000000,1.00000000,1.00000000,0.99999457,0.99994903
230.6777,1.00000000,1.00000000,1.00000000,1.00000000,1.00000000,1.00000000,0.99999397,0.99994764
230.7327,1.00000000,1.00000000,1.00000000,1.00000000,1.00000000,1.00000000,0.99999333,0.99994623
230.7877,1.00000000,1.00000000,1.00000000,1.00000000,1.00000000,0.99999999,0.99999264,0.99994481
230.8427,1.00000000,1.00000000,1.00000000,1.00000000,1.00000000,0.99999999,0.99999190,0.99994337
230.8977,1.00000000,1.00000000,1.00000000,1.00000000,1.00000000,0.99999999,0.99999112,0.99994192
230.9527,1.00000000,1.00000000,1.00000000,1.00000000,1.00000000,0.99999998,0.99999029,0.99994046
231.0078,1.00000000,1.00000000,1.00000000,1.00000000,1.00000000,0.99999996,0.99998942,0.99993899
231.0628,1.00000000,1.00000000,1.00000000,1.00000000,1.00000000,0.99999994,0.99998851,0.99993751
231.1178,1.00000000,1.00000000,1.00000000,1.00000000,1.00000000,0.99999991,0.99998755,0.99993604
231.1728,1.00000000,1.00000000,1.00000000,1.00000000,1.00000000,0.99999987,0.99998656,0.99993456
231.2278,1.00000000,1.00000000,1.00000000,1.00000000,1.00000000,0.99999981,0.99998553,0.99993308
231.2828,1.00000000,1.00000000,1.00000000,1.00000000,1.00000000,0.99999973,0.99998447,0.99993161
231.3378,1.00000000,1.00000000,1.00000000,1.00000000,1.00000000,0.99999961,0.99998338,0.99993015
231.3928,1.00000000,1.00000000,1.00000000,1.00000000,1.00000000,0.99999945,0.99998227,0.99992870
231.4479,1.00000000,1.00000000,1.00000000,1.00000000,1.00000000,0.99999925,0.99998114,0.99992726
231.5029,1.00000000,1.00000000,1.00000000,1.00000000,0.99999999,0.99999899,0.99998000,0.99992583
231.5579,1.00000000,1.00000000,1.00000000,1.00000000,0.99999999,0.99999866,0.99997884,0.99992443
231.6129,1.00000000,1.00000000,1.00000000,1.00000000,0.99999997,0.99999825,0.99997769,0.99992304
231.6679,1.00000000,1.00000000,1.00000000,0.99999999,0.99999994,0.99999776,0.99997654,0.99992168
231.7229,1.00000000,1.00000000,1.00000000,0.99999998,0.99999989,0.99999719,0.99997540,0.99992034
231.7779,1.00000000,1.00000000,1.00000000,0.99999996,0.99999980,0.99999652,0.99997427,0.99991904
231.8330,1.00000000,1.00000000,0.99999999,0.99999991,0.99999965,0.99999578,0.99997317,0.99991776
231.8880,1.00000000,1.00000000,0.99999997,0.99999981,0.99999942,0.99999496,0.99997210,0.99991652
231.9430,1.00000000,1.00000000,0.99999991,0.99999965,0.99999911,0.99999409,0.99997106,0.99991531
231.9980,1.00000000,0.99999999,0.99999980,0.99999940,0.99999870,0.99999318,0.99997005,0.99991414
232.0530,0.99999999,0.99999997,0.99999961,0.99999906,0.99999820,0.99999227,0.99996910,0.99991302
232.1080,0.99999996,0.99999992,0.99999934,0.99999865,0.99999762,0.99999139,0.99996819,0.99991193
232.1630,0.99999993,0.99999985,0.99999905,0.99999820,0.99999700,0.99999057,0.99996734,0.99991089
232.2181,0.99999990,0.99999979,0.99999878,0.99999775,0.99999639,0.99998985,0.99996654,0.99990990
232.2731,0.99999989,0.99999978,0.99999856,0.99999732,0.99999582,0.99998927,0.99996580,0.99990896
232.3281,0.99999990,0.99999979,0.99999836,0.99999694,0.99999535,0.99998884,0.99996513,0.99990806
232.3831,0.99999989,0.99999977,0.99999816,0.99999665,0.99999504,0.99998859,0.99996452,0.99990722
232.4381,0.99999985,0.99999969,0.99999796,0.99999650,0.99999493,0.99998853,0.99996397,0.99990644
232.4931,0.99999981,0.99999961,0.99999789,0.99999654,0.99999504,0.99998867,0.99996350,0.99990571
232.5481,0.99999982,0.99999963,0.99999804,0.99999680,0.99999538,0.99998900,0.99996308,0.99990504
232.6032,0.99999987,0.99999975,0.99999841,0.99999727,0.99999592,0.99998949,0.99996274,0.99990443
232.6582,0.99999994,0.99999987,0.99999890,0.99999786,0.99999658,0.99999012,0.99996246,0.99990387
232.7132,0.99999998,0.99999995,0.99999935,0.99999847,0.99999730,0.99999085,0.99996224,0.99990338
232.7682,0.99999999,0.99999999,0.99999967,0.99999901,0.99999799,0.99999165,0.99996208,0.99990296
232.8232,1.00000000,1.00000000,0.99999986,0.99999942,0.99999859,0.99999248,0.99996198,0.99990259
232.8782,1.00000000,1.00000000,0.99999995,0.99999969,0.99999907,0.99999329,0.99996193,0.99990229
232.9332,1.00000000,1.00000000,0.99999999,0.99999985,0.99999942,0.99999406,0.99996194,0.99990205
232.9882,1.00000000,1.00000000,1.00000000,0.99999993,0.99999965,0.99999475,0.99996200,0.99990188
233.0433,1.00000000,1.00000000,1.00000000,0.99999997,0.99999978,0.99999534,0.99996211,0.99990177
233.0983,1.00000000,1.00000000,1.00000000,0.99999998,0.99999984,0.99999581,0.99996225,0.99990173
233.1533,1.00000000,1.00000000,1.00000000,0.99999997,0.99999983,0.99999617,0.99996244,0.99990176
233.2083,1.00000000,1.00000000,0.99999999,0.99999994,0.99999977,0.99999640,0.99996267,0.99990185
233.2633,1.00000000,1.00000000,0.99999998,0.99999988,0.99999966,0.99999651,0.99996293,0.99990200
233.3183,1.00000000,1.00000000,0.99999994,0.99999978,0.99999951,0.99999651,0.99996323,0.99990222
233.3733,1.00000000,0.99999999,0.99999987,0.99999964,0.99999933,0.99999641,0.99996356,0.99990251
233.4284,0.99999999,0.99999998,0.99999975,0.99999947,0.99999913,0.99999623,0.99996392,0.99990285
233.4834,0.99999997,0.99999995,0.99999960,0.99999929,0.99999895,0.99999597,0.99996430,0.99990327
233.5384,0.99999995,0.99999991,0.99999946,0.99999915,0.99999881,0.99999565,0.99996472,0.99990374
233.5934,0.99999994,0.99999988,0.99999939,0.99999908,0.99999872,0.99999528,0.99996516,0.99990428
233.6484,0.99999994,0.99999989,0.99999941,0.99999909,0.99999868,0.99999487,0.99996562,0.99990487
233.7034,0.99999996,0.99999992,0.99999952,0.99999917,0.99999867,0.99999444,0.99996612,0.99990553
233.7584,0.99999998,0.99999996,0.99999966,0.99999928,0.99999866,0.99999400,0.99996663,0.99990624
233.8135,0.99999999,0.99999999,0.99999978,0.99999936,0.99999860,0.99999356,0.99996718,0.99990701
233.8685,1.00000000,1.00000000,0.99999983,0.99999934,0.99999844,0.99999315,0.99996775,0.99990783
233.9235,1.00000000,1.00000000,0.99999978,0.99999917,0.99999816,0.99999278,0.99996835,0.99990871
233.9785,0.99999999,0.99999998,0.99999959,0.99999884,0.99999777,0.99999247,0.99996897,0.99990964
234.0335,0.99999997,0.99999993,0.99999925,0.99999840,0.99999733,0.99999224,0.99996962,0.99991062
234.0885,0.99999992,0.99999984,0.99999883,0.99999792,0.99999690,0.99999210,0.99997030,0.99991165
234.1435,0.99999986,0.99999972,0.99999844,0.99999754,0.99999659,0.99999206,0.99997100,0.99991273
234.1985,0.99999982,0.99999965,0.99999824,0.99999736,0.99999645,0.99999214,0.99997173,0.99991384
234.2536,0.99999984,0.99999968,0.99999833,0.99999744,0.99999653,0.99999234,0.99997249,0.99991501
234.3086,0.99999990,0.99999979,0.99999865,0.99999775,0.99999682,0.99999265,0.99997327,0.99991621
234.3636,0.99999995,0.99999990,0.99999908,0.99999822,0.99999727,0.99999307,0.99997408,0.99991745
234.4186,0.99999998,0.99999997,0.99999947,0.99999873,0.99999781,0.99999357,0.99997491,0.99991872
234.4736,1.00000000,0.99999999,0.99999974,0.99999918,0.99999835,0.99999414,0.99997576,0.99992003
234.5286,1.00000000,1.00000000,0.99999989,0.99999953,0.99999884,0.99999475,0.99997662,0.99992137
234.5836,1.00000000,1.00000000,0.99999996,0.99999975,0.99999924,0.99999538,0.99997751,0.99992274
234.6387,1.00000000,1.00000000,0.99999999,0.99999988,0.99999953,0.99999602,0.99997840,0.99992414
234.6937,1.00000000,1.00000000,1.00000000,0.99999995,0.99999973,0.99999662,0.99997931,0.99992556
234.7487,1.00000000,1.00000000,1.00000000,0.99999998,0.99999985,0.99999719,0.99998023,0.99992700
234.8037,1.00000000,1.00000000,1.00000000,0.99999999,0.99999993,0.99999771,0.99998115,0.99992847
234.8587,1.00000000,1.00000000,1.00000000,1.00000000,0.99999997,0.99999817,0.99998207,0.99992995
234.9137,1.00000000,1.00000000,1.00000000,1.00000000,0.99999998,0.99999856,0.99998298,0.99993145
234.9687,1.00000000,1.00000000,1.00000000,1.00000000,0.99999999,0.99999889,0.99998390,0.99993296
235.0238,1.00000000,1.00000000,1.00000000,1.00000000,1.00000000,0.99999916,0.99998480,0.99993448
235.0788,1.00000000,1.00000000,1.00000000,1.00000000,1.00000000,0.99999938,0.99998569,0.99993601
235.1338,1.00000000,1.00000000,1.00000000,1.00000000,1.00000000,0.99999955,0.99998656,0.99993754
235.1888,1.00000000,1.00000000,1.00000000,1.00000000,1.00000000,0.99999968,0.99998742,0.99993908
235.2438,1.00000000,1.00000000,1.00000000,1.00000000,1.00000000,0.99999977,0.99998825,0.99994063
235.2988,1.00000000,1.00000000,1.00000000,1.00000000,1.00000000,0.99999985,0.99998906,0.99994217
235.3538,1.00000000,1.00000000,1.00000000,1.00000000,1.00000000,0.99999990,0.99998984,0.99994371
235.4089,1.00000000,1.00000000,1.00000000,1.00000000,1.00000000,0.99999993,0.99999059,0.99994525
235.4639,1.00000000,1.00000000,1.00000000,1.00000000,1.00000000,0.99999996,0.99999131,0.99994678
235.5189,1.00000000,1.00000000,1.00000000,1.00000000,1.00000000,0.99999997,0.99999200,0.99994830
235.5739,1.00000000,1.00000000,1.00000000,1.00000000,1.00000000,0.99999998,0.99999266,0.99994982
235.6289,1.00000000,1.00000000,1.00000000,1.00000000,1.00000000,0.99999999,0.99999328,0.99995132
235.6839,1.00000000,1.00000000,1.00000000,1.00000000,1.00000000,0.99999999,0.99999387,0.99995281
235.7389,1.00000000,1.00000000,1.00000000,1.00000000,1.00000000,1.00000000,0.99999442,0.99995429
235.7939,1.00000000,1.00000000,1.00000000,1.00000000,1.00000000,1.00000000,0.99999494,0.99995575
235.8490,1.00000000,1.00000000,1.00000000,1.00000000,1.00000000,1.00000000,0.99999543,0.99995719
235.9040,1.00000000,1.00000000,1.00000000,1.00000000,1.00000000,1.00000000,0.99999588,0.99995862
235.9590,1.00000000,1.00000000,1.00000000,1.00000000,1.00000000,1.00000000,0.99999630,0.99996002
236.0140,1.00000000,1.00000000,1.00000000,1.00000000,1.00000000,1.00000000,0.99999668,0.99996141
236.0690,1.00000000,1.00000000,1.00000000,1.00000000,1.00000000,1.00000000,0.99999704,0.99996277
236.1240,1.00000000,1.00000000,1.00000000,1.00000000,1.00000000,1.00000000,0.99999736,0.99996411
236.1790,1.00000000,1.00000000,1.00000000,1.00000000,1.00000000,1.00000000,0.99999766,0.99996543
236.2341,1.00000000,1.00000000,1.00000000,1.00000000,1.00000000,1.00000000,0.99999793,0.99996672
236.2891,1.00000000,1.00000000,1.00000000,1.00000000,1.00000000,1.00000000,0.99999817,0.99996798
236.3441,1.00000000,1.00000000,1.00000000,1.00000000,1.00000000,1.00000000,0.99999839,0.99996922
236.3991,1.00000000,1.00000000,1.00000000,1.00000000,1.00000000,1.00000000,0.99999859,0.99997043
236.4541,1.00000000,1.00000000,1.00000000,1.00000000,1.00000000,1.00000000,0.99999877,0.99997161
236.5091,1.00000000,1.00000000,1.00000000,1.00000000,1.00000000,1.00000000,0.99999893,0.99997277
236.5641,1.00000000,1.00000000,1.00000000,1.00000000,1.00000000,1.00000000,0.99999907,0.99997389
236.6192,1.00000000,1.00000000,1.00000000,1.00000000,1.00000000,1.00000000,0.99999919,0.99997499
236.6742,1.00000000,1.00000000,1.00000000,1.00000000,1.00000000,1.00000000,0.99999930,0.99997606
236.7292,1.00000000,1.00000000,1.00000000,1.00000000,1.00000000,1.00000000,0.99999940,0.99997710
236.7842,1.00000000,1.00000000,1.00000000,1.00000000,1.00000000,1.00000000,0.99999949,0.99997811
236.8392,1.00000000,1.00000000,1.00000000,1.00000000,1.00000000,1.00000000,0.99999956,0.99997909
236.8942,1.00000000,1.00000000,1.00000000,1.00000000,1.00000000,1.00000000,0.99999963,0.99998004
236.9492,1.00000000,1.00000000,1.00000000,1.00000000,1.00000000,1.00000000,0.99999968,0.99998096
237.0043,1.00000000,1.00000000,1.00000000,1.00000000,1.00000000,1.00000000,0.99999973,0.99998185
237.0593,1.00000000,1.00000000,1.00000000,1.00000000,1.00000000,1.00000000,0.99999977,0.99998272
237.1143,1.00000000,1.00000000,1.00000000,1.00000000,1.00000000,1.00000000,0.99999981,0.99998355
237.1693,1.00000000,1.00000000,1.00000000,1.00000000,1.00000000,1.00000000,0.99999984,0.99998435
237.2243,1.00000000,1.00000000,1.00000000,1.00000000,1.00000000,1.00000000,0.99999987,0.99998513
237.2793,1.00000000,1.00000000,1.00000000,1.00000000,1.00000000,1.00000000,0.99999989,0.99998588
237.3343,1.00000000,1.00000000,1.00000000,1.00000000,1.00000000,1.00000000,0.99999991,0.99998660
237.3893,1.00000000,1.00000000,1.00000000,1.00000000,1.00000000,1.00000000,0.99999992,0.99998729
237.4444,1.00000000,1.00000000,1.00000000,1.00000000,1.00000000,1.00000000,0.99999994,0.99998795
237.4994,1.00000000,1.00000000,1.00000000,1.00000000,1.00000000,1.00000000,0.99999995,0.99998859
237.5544,1.00000000,1.00000000,1.00000000,1.00000000,1.00000000,1.00000000,0.99999996,0.99998921
237.6094,1.00000000,1.00000000,1.00000000,1.00000000,1.00000000,1.00000000,0.99999997,0.99998979
237.6644,1.00000000,1.00000000,1.00000000,1.00000000,1.00000000,1.00000000,0.99999997,0.99999036
237.7194,1.00000000,1.00000000,1.00000000,1.00000000,1.00000000,1.00000000,0.99999998,0.99999089
237.7744,1.00000000,1.00000000,1.00000000,1.00000000,1.00000000,1.00000000,0.99999998,0.99999141
237.8295,1.00000000,1.00000000,1.00000000,1.00000000,1.00000000,1.00000000,0.99999999,0.99999190
237.8845,1.00000000,1.00000000,1.00000000,1.00000000,1.00000000,1.00000000,0.99999999,0.99999237
237.9395,1.00000000,1.00000000,1.00000000,1.00000000,1.00000000,1.00000000,0.99999999,0.99999282
237.9945,1.00000000,1.00000000,1.00000000,1.00000000,1.00000000,1.00000000,0.99999999,0.99999324
238.0495,1.00000000,1.00000000,1.00000000,1.00000000,1.00000000,1.00000000,0.99999999,0.99999365
238.1045,1.00000000,1.00000000,1.00000000,1.00000000,1.00000000,1.00000000,1.00000000,0.99999403
238.1595,1.00000000,1.00000000,1.00000000,1.00000000,1.00000000,1.00000000,1.00000000,0.99999440
238.2146,1.00000000,1.00000000,1.00000000,1.00000000,1.00000000,1.00000000,1.00000000,0.99999475
238.2696,1.00000000,1.00000000,1.00000000,1.00000000,1.00000000,1.00000000,1.00000000,0.99999508
238.3246,1.00000000,1.00000000,1.00000000,1.00000000,1.00000000,1.00000000,1.00000000,0.99999539
238.3796,1.00000000,1.00000000,1.00000000,1.00000000,1.00000000,1.00000000,1.00000000,0.99999569
238.4346,1.00000000,1.00000000,1.00000000,1.00000000,1.00000000,1.00000000,1.00000000,0.99999597
238.4896,1.00000000,1.00000000,1.00000000,1.00000000,1.00000000,1.00000000,1.00000000,0.99999623
238.5446,1.00000000,1.00000000,1.00000000,1.00000000,1.00000000,1.00000000,1.00000000,0.99999648
238.5996,1.00000000,1.00000000,1.00000000,1.00000000,1.00000000,1.00000000,1.00000000,0.99999672
238.6547,1.00000000,1.00000000,1.00000000,1.00000000,1.00000000,1.00000000,1.00000000,0.99999694
238.7097,1.00000000,1.00000000,1.00000000,1.00000000,1.00000000,1.00000000,1.00000000,0.99999715
238.7647,1.00000000,1.00000000,1.00000000,1.00000000,1.00000000,1.00000000,1.00000000,0.99999735
238.8197,1.00000000,1.00000000,1.00000000,1.00000000,1.00000000,1.00000000,1.00000000,0.99999753
238.8747,1.00000000,1.00000000,1.00000000,1.00000000,1.00000000,1.00000000,1.00000000,0.99999771
238.9297,1.00000000,1.00000000,1.00000000,1.00000000,1.00000000,1.00000000,1.00000000,0.99999787
238.9847,1.00000000,1.00000000,1.00000000,1.00000000,1.00000000,1.00000000,1.00000000,0.99999802
239.0398,1.00000000,1.00000000,1.00000000,1.00000000,1.00000000,1.00000000,1.00000000,0.99999817
239.0948,1.00000000,1.00000000,1.00000000,1.00000000,1.00000000,1.00000000,1.00000000,0.99999830
239.1498,1.00000000,1.00000000,1.00000000,1.00000000,1.00000000,1.00000000,1.00000000,0.99999843
239.2048,1.00000000,1.00000000,1.00000000,1.00000000,1.00000000,1.00000000,1.00000000,0.99999855
239.2598,1.00000000,1.00000000,1.00000000,1.00000000,1.00000000,1.00000000,1.00000000,0.99999866
239.3148,1.00000000,1.00000000,1.00000000,1.00000000,1.00000000,1.00000000,1.00000000,0.99999876
239.3698,1.00000000,1.00000000,1.00000000,1.00000000,1.00000000,1.00000000,1.00000000,0.99999885
239.4249,1.00000000,1.00000000,1.00000000,1.00000000,1.00000000,1.00000000,1.00000000,0.99999894
239.4799,1.00000000,1.00000000,1.00000000,1.00000000,1.00000000,1.00000000,1.00000000,0.99999903
239.5349,1.00000000,1.00000000,1.00000000,1.00000000,1.00000000,1.00000000,1.00000000,0.99999910
239.5899,1.00000000,1.00000000,1.00000000,1.00000000,1.00000000,1.00000000,1.00000000,0.99999917
239.6449,1.00000000,1.00000000,1.00000000,1.00000000,1.00000000,1.00000000,1.00000000,0.99999924
239.6999,1.00000000,1.00000000,1.00000000,1.00000000,1.00000000,1.00000000,1.00000000,0.99999930
239.7549,1.00000000,1.00000000,1.00000000,1.00000000,1.00000000,1.00000000,1.00000000,0.99999936
239.8100,1.00000000,1.00000000,1.00000000,1.00000000,1.00000000,1.00000000,1.00000000,0.99999941
239.8650,1.00000000,1.00000000,1.00000000,1.00000000,1.00000000,1.00000000,1.00000000,0.99999946
239.9200,1.00000000,1.00000000,1.00000000,1.00000000,1.00000000,1.00000000,1.00000000,0.99999951
239.9750,1.00000000,1.00000000,1.00000000,1.00000000,1.00000000,1.00000000,1.00000000,0.99999955
240.0300,1.00000000,1.00000000,1.00000000,1.00000000,1.00000000,1.00000000,1.00000000,0.99999959
240.0850,1.00000000,1.00000000,1.00000000,1.00000000,1.00000000,1.00000000,1.00000000,0.99999962
240.1400,1.00000000,1.00000000,1.00000000,1.00000000,1.00000000,1.00000000,1.00000000,0.99999966
240.1950,1.00000000,1.00000000,1.00000000,1.00000000,1.00000000,1.00000000,1.00000000,0.99999969
240.2501,1.00000000,1.00000000,1.00000000,1.00000000,1.00000000,1.00000000,1.00000000,0.99999971
240.3051,1.00000000,1.00000000,1.00000000,1.00000000,1.00000000,1.00000000,1.00000000,0.99999974
240.3601,1.00000000,1.00000000,1.00000000,1.00000000,1.00000000,1.00000000,1.00000000,0.99999976
240.4151,1.00000000,1.00000000,1.00000000,1.00000000,1.00000000,1.00000000,1.00000000,0.99999978
240.4701,1.00000000,1.00000000,1.00000000,1.00000000,1.00000000,1.00000000,1.00000000,0.99999980
240.5251,1.00000000,1.00000000,1.00000000,1.00000000,1.00000000,1.00000000,1.00000000,0.99999982
240.5801,1.00000000,1.00000000,1.00000000,1.00000000,1.00000000,1.00000000,1.00000000,0.99999984
240.6352,1.00000000,1.00000000,1.00000000,1.00000000,1.00000000,1.00000000,1.00000000,0.99999985
240.6902,1.00000000,1.00000000,1.00000000,1.00000000,1.00000000,1.00000000,1.00000000,0.99999987
240.7452,1.00000000,1.00000000,1.00000000,1.00000000,1.00000000,1.00000000,1.00000000,0.99999988
240.8002,1.00000000,1.00000000,1.00000000,1.00000000,1.00000000,1.00000000,1.00000000,0.99999989
240.8552,1.00000000,1.00000000,1.00000000,1.00000000,1.00000000,1.00000000,1.00000000,0.99999990
240.9102,1.00000000,1.00000000,1.00000000,1.00000000,1.00000000,1.00000000,1.00000000,0.99999991
240.9652,1.00000000,1.00000000,1.00000000,1.00000000,1.00000000,1.00000000,1.00000000,0.99999992
241.0203,1.00000000,1.00000000,1.00000000,1.00000000,1.00000000,1.00000000,1.00000000,0.99999993
241.0753,1.00000000,1.00000000,1.00000000,1.00000000,1.00000000,1.00000000,1.00000000,0.99999994
241.1303,1.00000000,1.00000000,1.00000000,1.00000000,1.00000000,1.00000000,1.00000000,0.99999994
241.1853,1.00000000,1.00000000,1.00000000,1.00000000,1.00000000,1.00000000,1.00000000,0.99999995
241.2403,1.00000000,1.00000000,1.00000000,1.00000000,1.00000000,1.00000000,1.00000000,0.99999995
241.2953,1.00000000,1.00000000,1.00000000,1.00000000,1.00000000,1.00000000,1.00000000,0.99999996
241.3503,1.00000000,1.00000000,1.00000000,1.00000000,1.00000000,1.00000000,1.00000000,0.99999996
241.4054,1.00000000,1.00000000,1.00000000,1.00000000,1.00000000,1.00000000,1.00000000,0.99999997
241.4604,1.00000000,1.00000000,1.00000000,1.00000000,1.00000000,1.00000000,1.00000000,0.99999997
241.5154,1.00000000,1.00000000,1.00000000,1.00000000,1.00000000,1.00000000,1.00000000,0.99999997
241.5704,1.00000000,1.00000000,1.00000000,1.00000000,1.00000000,1.00000000,1.00000000,0.99999998
241.6254,1.00000000,1.00000000,1.00000000,1.00000000,1.00000000,1.00000000,1.00000000,0.99999998
241.6804,1.00000000,1.00000000,1.00000000,1.00000000,1.00000000,1.00000000,1.00000000,0.99999998
241.7354,1.00000000,1.00000000,1.00000000,1.00000000,1.00000000,1.00000000,1.00000000,0.99999998
241.7904,1.00000000,1.00000000,1.00000000,1.00000000,1.00000000,1.00000000,1.00000000,0.99999998
241.8455,1.00000000,1.00000000,1.00000000,1.00000000,1.00000000,1.00000000,1.00000000,0.99999999
241.9005,1.00000000,1.00000000,1.00000000,1.00000000,1.00000000,1.00000000,1.00000000,0.99999999
241.9555,1.00000000,1.00000000,1.00000000,1.00000000,1.00000000,1.00000000,1.00000000,0.99999999
242.0105,1.00000000,1.00000000,1.00000000,1.00000000,1.00000000,1.00000000,1.00000000,0.99999999
242.0655,1.00000000,1.00000000,1.00000000,1.00000000,1.00000000,1.00000000,1.00000000,0.99999999
242.1205,1.00000000,1.00000000,1.00000000,1.00000000,1.00000000,1.00000000,1.00000000,0.99999999
242.1755,1.00000000,1.00000000,1.00000000,1.00000000,1.00000000,1.00000000,1.00000000,0.99999999
242.2306,1.00000000,1.00000000,1.00000000,1.00000000,1.00000000,1.00000000,1.00000000,0.99999999
242.2856,1.00000000,1.00000000,1.00000000,1.00000000,1.00000000,1.00000000,1.00000000,0.99999999
242.3406,1.00000000,1.00000000,1.00000000,1.00000000,1.00000000,1.00000000,1.00000000,1.00000000
242.3956,1.00000000,1.00000000,1.00000000,1.00000000,1.00000000,1.00000000,1.00000000,1.00000000
242.4506,1.00000000,1.00000000,1.00000000,1.00000000,1.00000000,1.00000000,1.00000000,1.00000000
242.5056,1.00000000,1.00000000,1.00000000,1.00000000,1.00000000,1.00000000,1.00000000,1.00000000
242.5606,1.00000000,1.00000000,1.00000000,1.00000000,1.00000000,1.00000000,1.00000000,1.00000000
242.6157,1.00000000,1.00000000,1.00000000,1.00000000,1.00000000,1.00000000,1.00000000,1.00000000
242.6707,1.00000000,1.00000000,1.00000000,1.00000000,1.00000000,1.00000000,1.00000000,1.00000000
242.7257,1.00000000,1.00000000,1.00000000,1.00000000,1.00000000,1.00000000,1.00000000,1.00000000
242.7807,1.00000000,1.00000000,1.00000000,1.00000000,1.00000000,1.00000000,1.00000000,1.00000000
242.8357,1.00000000,1.00000000,1.00000000,1.00000000,1.00000000,1.00000000,1.00000000,1.00000000
242.8907,1.00000000,1.00000000,1.00000000,1.00000000,1.00000000,1.00000000,1.00000000,1.00000000
242.9457,1.00000000,1.00000000,1.00000000,1.00000000,1.00000000,1.00000000,1.00000000,1.00000000
243.0008,1.00000000,1.00000000,1.00000000,1.00000000,1.00000000,1.00000000,1.00000000,1.00000000
243.0558,1.00000000,1.00000000,1.00000000,1.00000000,1.00000000,1.00000000,1.00000000,1.00000000
243.1108,1.00000000,1.00000000,1.00000000,1.00000000,1.00000000,1.00000000,1.00000000,1.00000000
243.1658,1.00000000,1.00000000,1.00000000,1.00000000,1.00000000,1.00000000,1.00000000,1.00000000
243.2208,1.00000000,1.00000000,1.00000000,1.00000000,1.00000000,1.00000000,1.00000000,1.00000000
243.2758,1.00000000,1.00000000,1.00000000,1.00000000,1.00000000,1.00000000,1.00000000,1.00000000
243.3308,1.00000000,1.00000000,1.00000000,1.00000000,1.00000000,1.00000000,1.00000000,1.00000000
243.3858,1.00000000,1.00000000,1.00000000,1.00000000,1.00000000,1.00000000,1.00000000,1.00000000
243.4409,1.00000000,1.00000000,1.00000000,1.00000000,1.00000000,1.00000000,1.00000000,1.00000000
243.4959,1.00000000,1.00000000,1.00000000,1.00000000,1.00000000,1.00000000,1.00000000,1.00000000
243.5509,1.00000000,1.00000000,1.00000000,1.00000000,1.00000000,1.00000000,1.00000000,1.00000000
243.6059,1.00000000,1.00000000,1.00000000,1.00000000,1.00000000,1.00000000,1.00000000,1.00000000
243.6609,1.00000000,1.00000000,1.00000000,1.00000000,1.00000000,1.00000000,1.00000000,1.00000000
243.7159,1.00000000,1.00000000,1.00000000,1.00000000,1.00000000,1.00000000,1.00000000,1.00000000
243.7709,1.00000000,1.00000000,1.00000000,1.00000000,1.00000000,1.00000000,1.00000000,1.00000000
243.8260,1.00000000,1.00000000,1.00000000,1.00000000,1.00000000,1.00000000,1.00000000,1.00000000
243.8810,1.00000000,1.00000000,1.00000000,1.00000000,1.00000000,1.00000000,1.00000000,1.00000000
243.9360,1.00000000,1.00000000,1.00000000,1.00000000,1.00000000,1.00000000,1.00000000,1.00000000
243.9910,1.00000000,1.00000000,1.00000000,1.00000000,1.00000000,1.00000000,1.00000000,1.00000000
244.0460,1.00000000,1.00000000,1.00000000,1.00000000,1.00000000,1.00000000,1.00000000,1.00000000
244.1010,1.00000000,1.00000000,1.00000000,1.00000000,1.00000000,1.00000000,1.00000000,1.00000000
244.1560,1.00000000,1.00000000,1.00000000,1.00000000,1.00000000,1.00000000,1.00000000,1.00000000
244.2111,1.00000000,1.00000000,1.00000000,1.00000000,1.00000000,1.00000000,1.00000000,1.00000000
244.2661,1.00000000,1.00000000,1.00000000,1.00000000,1.00000000,1.00000000,1.00000000,1.00000000
244.3211,1.00000000,1.00000000,1.00000000,1.00000000,1.00000000,1.00000000,1.00000000,1.00000000
244.3761,1.00000000,1.00000000,1.00000000,1.00000000,1.00000000,1.00000000,1.00000000,1.00000000
244.4311,1.00000000,1.00000000,1.00000000,1.00000000,1.00000000,1.00000000,1.00000000,1.00000000
244.4861,1.00000000,1.00000000,1.00000000,1.00000000,1.00000000,1.00000000,1.00000000,1.00000000
244.5411,1.00000000,1.00000000,1.00000000,1.00000000,1.00000000,1.00000000,1.00000000,1.00000000
244.5961,1.00000000,1.00000000,1.00000000,1.00000000,1.00000000,1.00000000,1.00000000,1.00000000
244.6512,1.00000000,1.00000000,1.00000000,1.00000000,1.00000000,1.00000000,1.00000000,1.00000000
244.7062,1.00000000,1.00000000,1.00000000,1.00000000,1.00000000,1.00000000,1.00000000,1.00000000
244.7612,1.00000000,1.00000000,1.00000000,1.00000000,1.00000000,1.00000000,1.00000000,1.00000000
244.8162,1.00000000,1.00000000,1.00000000,1.00000000,1.00000000,1.00000000,1.00000000,1.00000000
244.8712,1.00000000,1.00000000,1.00000000,1.00000000,1.00000000,1.00000000,1.00000000,1.00000000
244.9262,1.00000000,1.00000000,1.00000000,1.00000000,1.00000000,1.00000000,1.00000000,1.00000000
244.9812,1.00000000,1.00000000,1.00000000,1.00000000,1.00000000,1.00000000,1.00000000,1.00000000
245.0363,1.00000000,1.00000000,1.00000000,1.00000000,1.00000000,1.00000000,1.00000000,1.00000000
245.0913,1.00000000,1.00000000,1.00000000,1.00000000,1.00000000,1.00000000,1.00000000,1.00000000
245.1463,1.00000000,1.00000000,1.00000000,1.00000000,1.00000000,1.00000000,1.00000000,1.00000000
245.2013,1.00000000,1.00000000,1.00000000,1.00000000,1.00000000,1.00000000,1.00000000,1.00000000
245.2563,1.00000000,1.00000000,1.00000000,1.00000000,1.00000000,1.00000000,1.00000000,1.00000000
245.3113,1.00000000,1.00000000,1.00000000,1.00000000,1.00000000,1.00000000,1.00000000,1.00000000
245.3663,1.00000000,1.00000000,1.00000000,1.00000000,1.00000000,1.00000000,1.00000000,1.00000000
245.4214,1.00000000,1.00000000,1.00000000,1.00000000,1.00000000,1.00000000,1.00000000,1.00000000
245.4764,1.00000000,1.00000000,1.00000000,1.00000000,1.00000000,1.00000000,1.00000000,1.00000000
245.5314,1.00000000,1.00000000,1.00000000,1.00000000,1.00000000,1.00000000,1.00000000,1.00000000
245.5864,1.00000000,1.00000000,1.00000000,1.00000000,1.00000000,1.00000000,1.00000000,1.00000000
245.6414,1.00000000,1.00000000,1.00000000,1.00000000,1.00000000,1.00000000,1.00000000,1.00000000
245.6964,1.00000000,1.00000000,1.00000000,1.00000000,1.00000000,1.00000000,1.00000000,1.00000000
245.7514,1.00000000,1.00000000,1.00000000,1.00000000,1.00000000,1.00000000,1.00000000,1.00000000
245.8065,1.00000000,1.00000000,1.00000000,1.00000000,1.00000000,1.00000000,1.00000000,1.00000000
245.8615,1.00000000,1.00000000,1.00000000,1.00000000,1.00000000,1.00000000,1.00000000,1.00000000
245.9165,1.00000000,1.00000000,1.00000000,1.00000000,1.00000000,1.00000000,1.00000000,1.00000000
245.9715,1.00000000,1.00000000,1.00000000,1.00000000,1.00000000,1.00000000,1.00000000,1.00000000
246.0265,1.00000000,1.00000000,1.00000000,1.00000000,1.00000000,1.00000000,1.00000000,1.00000000
246.0815,1.00000000,1.00000000,1.00000000,1.00000000,1.00000000,1.00000000,1.00000000,1.00000000
246.1365,1.00000000,1.00000000,1.00000000,1.00000000,1.00000000,1.00000000,1.00000000,1.00000000
246.1915,1.00000000,1.00000000,1.00000000,1.00000000,1.00000000,1.00000000,1.00000000,1.00000000
246.2466,1.00000000,1.00000000,1.00000000,1.00000000,1.00000000,1.00000000,1.00000000,1.00000000
246.3016,1.00000000,1.00000000,1.00000000,1.00000000,1.00000000,1.00000000,1.00000000,1.00000000
246.3566,1.00000000,1.00000000,1.00000000,1.00000000,1.00000000,1.00000000,1.00000000,1.00000000
246.4116,1.00000000,1.00000000,1.00000000,1.00000000,1.00000000,1.00000000,1.00000000,1.00000000
246.4666,1.00000000,1.00000000,1.00000000,1.00000000,1.00000000,1.00000000,1.00000000,1.00000000
246.5216,1.00000000,1.00000000,1.00000000,1.00000000,1.00000000,1.00000000,1.00000000,1.00000000
246.5766,1.00000000,1.00000000,1.00000000,1.00000000,1.00000000,1.00000000,1.00000000,0.99999999
246.6317,1.00000000,1.00000000,1.00000000,1.00000000,1.00000000,1.00000000,1.00000000,0.99999999
246.6867,1.00000000,1.00000000,1.00000000,1.00000000,1.00000000,1.00000000,1.00000000,0.99999999
246.7417,1.00000000,1.00000000,1.00000000,1.00000000,1.00000000,1.00000000,1.00000000,0.99999999
246.7967,1.00000000,1.00000000,1.00000000,1.00000000,1.00000000,1.00000000,1.00000000,0.99999999
246.8517,1.00000000,1.00000000,1.00000000,1.00000000,1.00000000,1.00000000,1.00000000,0.99999999
246.9067,1.00000000,1.00000000,1.00000000,1.00000000,1.00000000,1.00000000,1.00000000,0.99999999
246.9617,1.00000000,1.00000000,1.00000000,1.00000000,1.00000000,1.00000000,1.00000000,0.99999999
247.0168,1.00000000,1.00000000,1.00000000,1.00000000,1.00000000,1.00000000,1.00000000,0.99999998
247.0718,1.00000000,1.00000000,1.00000000,1.00000000,1.00000000,1.00000000,1.00000000,0.99999998
247.1268,1.00000000,1.00000000,1.00000000,1.00000000,1.00000000,1.00000000,1.00000000,0.99999998
247.1818,1.00000000,1.00000000,1.00000000,1.00000000,1.00000000,1.00000000,1.00000000,0.99999997
247.2368,1.00000000,1.00000000,1.00000000,1.00000000,1.00000000,1.00000000,1.00000000,0.99999997
247.2918,1.00000000,1.00000000,1.00000000,1.00000000,1.00000000,1.00000000,1.00000000,0.99999997
247.3468,1.00000000,1.00000000,1.00000000,1.00000000,1.00000000,1.00000000,1.00000000,0.99999996
247.4019,1.00000000,1.00000000,1.00000000,1.00000000,1.00000000,1.00000000,1.00000000,0.99999996
247.4569,1.00000000,1.00000000,1.00000000,1.00000000,1.00000000,1.00000000,1.00000000,0.99999995
247.5119,1.00000000,1.00000000,1.00000000,1.00000000,1.00000000,1.00000000,1.00000000,0.99999994
247.5669,1.00000000,1.00000000,1.00000000,1.00000000,1.00000000,1.00000000,1.00000000,0.99999993
247.6219,1.00000000,1.00000000,1.00000000,1.00000000,1.00000000,1.00000000,1.00000000,0.99999993
247.6769,1.00000000,1.00000000,1.00000000,1.00000000,1.00000000,1.00000000,1.00000000,0.99999991
247.7319,1.00000000,1.00000000,1.00000000,1.00000000,1.00000000,1.00000000,1.00000000,0.99999990
247.7869,1.00000000,1.00000000,1.00000000,1.00000000,1.00000000,1.00000000,1.00000000,0.99999989
247.8420,1.00000000,1.00000000,1.00000000,1.00000000,1.00000000,1.00000000,1.00000000,0.99999987
247.8970,1.00000000,1.00000000,1.00000000,1.00000000,1.00000000,1.00000000,1.00000000,0.99999986
247.9520,1.00000000,1.00000000,1.00000000,1.00000000,1.00000000,1.00000000,1.00000000,0.99999984
248.0070,1.00000000,1.00000000,1.00000000,1.00000000,1.00000000,1.00000000,1.00000000,0.99999981
248.0620,1.00000000,1.00000000,1.00000000,1.00000000,1.00000000,1.00000000,1.00000000,0.99999979
248.1170,1.00000000,1.00000000,1.00000000,1.00000000,1.00000000,1.00000000,1.00000000,0.99999976
248.1720,1.00000000,1.00000000,1.00000000,1.00000000,1.00000000,1.00000000,1.00000000,0.99999973
248.2271,1.00000000,1.00000000,1.00000000,1.00000000,1.00000000,1.00000000,1.00000000,0.99999969
248.2821,1.00000000,1.00000000,1.00000000,1.00000000,1.00000000,1.00000000,1.00000000,0.99999965
248.3371,1.00000000,1.00000000,1.00000000,1.00000000,1.00000000,1.00000000,1.00000000,0.99999961
248.3921,1.00000000,1.00000000,1.00000000,1.00000000,1.00000000,1.00000000,1.00000000,0.99999956
248.4471,1.00000000,1.00000000,1.00000000,1.00000000,1.00000000,1.00000000,1.00000000,0.99999950
248.5021,1.00000000,1.00000000,1.00000000,1.00000000,1.00000000,1.00000000,1.00000000,0.99999944
248.5571,1.00000000,1.00000000,1.00000000,1.00000000,1.00000000,1.00000000,1.00000000,0.99999937
248.6122,1.00000000,1.00000000,1.00000000,1.00000000,1.00000000,1.00000000,1.00000000,0.99999929
248.6672,1.00000000,1.00000000,1.00000000,1.00000000,1.00000000,1.00000000,1.00000000,0.99999920
248.7222,1.00000000,1.00000000,1.00000000,1.00000000,1.00000000,1.00000000,1.00000000,0.99999910
248.7772,1.00000000,1.00000000,1.00000000,1.00000000,1.00000000,1.00000000,1.00000000,0.99999899
248.8322,1.00000000,1.00000000,1.00000000,1.00000000,1.00000000,1.00000000,1.00000000,0.99999886
248.8872,1.00000000,1.00000000,1.00000000,1.00000000,1.00000000,1.00000000,1.00000000,0.99999872
248.9422,1.00000000,1.00000000,1.00000000,1.00000000,1.00000000,1.00000000,1.00000000,0.99999857
248.9972,1.00000000,1.00000000,1.00000000,1.00000000,1.00000000,1.00000000,1.00000000,0.99999840
249.0523,1.00000000,1.00000000,1.00000000,1.00000000,1.00000000,1.00000000,1.00000000,0.99999821
249.1073,1.00000000,1.00000000,1.00000000,1.00000000,1.00000000,1.00000000,1.00000000,0.99999800
249.1623,1.00000000,1.00000000,1.00000000,1.00000000,1.00000000,1.00000000,1.00000000,0.99999776
249.2173,1.00000000,1.00000000,1.00000000,1.00000000,1.00000000,1.00000000,1.00000000,0.99999750
249.2723,1.00000000,1.00000000,1.00000000,1.00000000,1.00000000,1.00000000,1.00000000,0.99999721
249.3273,1.00000000,1.00000000,1.00000000,1.00000000,1.00000000,1.00000000,1.00000000,0.99999689
249.3823,1.00000000,1.00000000,1.00000000,1.00000000,1.00000000,1.00000000,1.00000000,0.99999654
249.4374,1.00000000,1.00000000,1.00000000,1.00000000,1.00000000,1.00000000,1.00000000,0.99999615
249.4924,1.00000000,1.00000000,1.00000000,1.00000000,1.00000000,1.00000000,1.00000000,0.99999572
249.5474,1.00000000,1.00000000,1.00000000,1.00000000,1.00000000,1.00000000,1.00000000,0.99999524
249.6024,1.00000000,1.00000000,1.00000000,1.00000000,1.00000000,1.00000000,1.00000000,0.99999472
249.6574,1.00000000,1.00000000,1.00000000,1.00000000,1.00000000,1.00000000,1.00000000,0.99999414
249.7124,1.00000000,1.00000000,1.00000000,1.00000000,1.00000000,1.00000000,1.00000000,0.99999351
249.7674,1.00000000,1.00000000,1.00000000,1.00000000,1.00000000,1.00000000,1.00000000,0.99999281
249.8225,1.00000000,1.00000000,1.00000000,1.00000000,1.00000000,1.00000000,1.00000000,0.99999204
249.8775,1.00000000,1.00000000,1.00000000,1.00000000,1.00000000,1.00000000,1.00000000,0.99999119
249.9325,1.00000000,1.00000000,1.00000000,1.00000000,1.00000000,1.00000000,1.00000000,0.99999027
249.9875,1.00000000,1.00000000,1.00000000,1.00000000,1.00000000,1.00000000,1.00000000,0.99998925
250.0425,1.00000000,1.00000000,1.00000000,1.00000000,1.00000000,1.00000000,1.00000000,0.99998814
250.0975,1.00000000,1.00000000,1.00000000,1.00000000,1.00000000,1.00000000,1.00000000,0.99998692
250.1525,1.00000000,1.00000000,1.00000000,1.00000000,1.00000000,1.00000000,1.00000000,0.99998559
250.2076,1.00000000,1.00000000,1.00000000,1.00000000,1.00000000,1.00000000,1.00000000,0.99998414
250.2626,1.00000000,1.00000000,1.00000000,1.00000000,1.00000000,1.00000000,1.00000000,0.99998255
250.3176,1.00000000,1.00000000,1.00000000,1.00000000,1.00000000,1.00000000,1.00000000,0.99998081
250.3726,1.00000000,1.00000000,1.00000000,1.00000000,1.00000000,1.00000000,1.00000000,0.99997892
250.4276,1.00000000,1.00000000,1.00000000,1.00000000,1.00000000,1.00000000,1.00000000,0.99997687
250.4826,1.00000000,1.00000000,1.00000000,1.00000000,1.00000000,1.00000000,1.00000000,0.99997463
250.5376,1.00000000,1.00000000,1.00000000,1.00000000,1.00000000,1.00000000,1.00000000,0.99997219
250.5926,1.00000000,1.00000000,1.00000000,1.00000000,1.00000000,1.00000000,1.00000000,0.99996954
250.6477,1.00000000,1.00000000,1.00000000,1.00000000,1.00000000,1.00000000,1.00000000,0.99996666
250.7027,1.00000000,1.00000000,1.00000000,1.00000000,1.00000000,1.00000000,1.00000000,0.99996354
250.7577,1.00000000,1.00000000,1.00000000,1.00000000,1.00000000,1.00000000,1.00000000,0.99996016
250.8127,1.00000000,1.00000000,1.00000000,1.00000000,1.00000000,1.00000000,1.00000000,0.99995649
250.8677,1.00000000,1.00000000,1.00000000,1.00000000,1.00000000,1.00000000,1.00000000,0.99995252
250.9227,1.00000000,1.00000000,1.00000000,1.00000000,1.00000000,1.00000000,1.00000000,0.99994823
250.9777,1.00000000,1.00000000,1.00000000,1.00000000,1.00000000,1.00000000,1.00000000,0.99994359
251.0328,1.00000000,1.00000000,1.00000000,1.00000000,1.00000000,1.00000000,1.00000000,0.99993858
251.0878,1.00000000,1.00000000,1.00000000,1.00000000,1.00000000,1.00000000,1.00000000,0.99993318
251.1428,1.00000000,1.00000000,1.00000000,1.00000000,1.00000000,1.00000000,1.00000000,0.99992735
251.1978,1.00000000,1.00000000,1.00000000,1.00000000,1.00000000,1.00000000,1.00000000,0.99992107
251.2528,1.00000000,1.00000000,1.00000000,1.00000000,1.00000000,1.00000000,1.00000000,0.99991430
251.3078,1.00000000,1.00000000,1.00000000,1.00000000,1.00000000,1.00000000,1.00000000,0.99990703
251.3628,1.00000000,1.00000000,1.00000000,1.00000000,1.00000000,1.00000000,1.00000000,0.99989921
251.4179,1.00000000,1.00000000,1.00000000,1.00000000,1.00000000,1.00000000,1.00000000,0.99989081
251.4729,1.00000000,1.00000000,1.00000000,1.00000000,1.00000000,1.00000000,1.00000000,0.99988179
251.5279,1.00000000,1.00000000,1.00000000,1.00000000,1.00000000,1.00000000,1.00000000,0.99987212
251.5829,1.00000000,1.00000000,1.00000000,1.00000000,1.00000000,1.00000000,1.00000000,0.99986175
251.6379,1.00000000,1.00000000,1.00000000,1.00000000,1.00000000,1.00000000,0.99999999,0.99985065
251.6929,1.00000000,1.00000000,1.00000000,1.00000000,1.00000000,1.00000000,0.99999999,0.99983878
251.7479,1.00000000,1.00000000,1.00000000,1.00000000,1.00000000,1.00000000,0.99999999,0.99982608
251.8030,1.00000000,1.00000000,1.00000000,1.00000000,1.00000000,1.00000000,0.99999999,0.99981251
251.8580,1.00000000,1.00000000,1.00000000,1.00000000,1.00000000,1.00000000,0.99999998,0.99979802
251.9130,1.00000000,1.00000000,1.00000000,1.00000000,1.00000000,1.00000000,0.99999998,0.99978257
251.9680,1.00000000,1.00000000,1.00000000,1.00000000,1.00000000,1.00000000,0.99999997,0.99976609
252.0230,1.00000000,1.00000000,1.00000000,1.00000000,1.00000000,1.00000000,0.99999996,0.99974854
252.0780,1.00000000,1.00000000,1.00000000,1.00000000,1.00000000,1.00000000,0.99999995,0.99972986
252.1330,1.00000000,1.00000000,1.00000000,1.00000000,1.00000000,1.00000000,0.99999993,0.99970999
252.1880,1.00000000,1.00000000,1.00000000,1.00000000,1.00000000,1.00000000,0.99999991,0.99968887
252.2431,1.00000000,1.00000000,1.00000000,1.00000000,1.00000000,1.00000000,0.99999988,0.99966644
252.2981,1.00000000,1.00000000,1.00000000,1.00000000,1.00000000,1.00000000,0.99999985,0.99964263
252.3531,1.00000000,1.00000000,1.00000000,1.00000000,1.00000000,1.00000000,0.99999981,0.99961739
252.4081,1.00000000,1.00000000,1.00000000,1.00000000,1.00000000,1.00000000,0.99999976,0.99959064
252.4631,1.00000000,1.00000000,1.00000000,1.00000000,1.00000000,1.00000000,0.99999969,0.99956231
252.5181,1.00000000,1.00000000,1.00000000,1.00000000,1.00000000,1.00000000,0.99999961,0.99953234
252.5731,1.00000000,1.00000000,1.00000000,1.00000000,1.00000000,1.00000000,0.99999951,0.99950065
252.6282,1.00000000,1.00000000,1.00000000,1.00000000,1.00000000,1.00000000,0.99999939,0.99946716
252.6832,1.00000000,1.00000000,1.00000000,1.00000000,1.00000000,1.00000000,0.99999924,0.99943181
252.7382,1.00000000,1.00000000,1.00000000,1.00000000,1.00000000,1.00000000,0.99999905,0.99939452
252.7932,1.00000000,1.00000000,1.00000000,1.00000000,1.00000000,1.00000000,0.99999882,0.99935520
252.8482,1.00000000,1.00000000,1.00000000,1.00000000,1.00000000,1.00000000,0.99999854,0.99931378
252.9032,1.00000000,1.00000000,1.00000000,1.00000000,1.00000000,1.00000000,0.99999820,0.99927018
252.9582,1.00000000,1.00000000,1.00000000,1.00000000,1.00000000,1.00000000,0.99999779,0.99922432
253.0133,1.00000000,1.00000000,1.00000000,1.00000000,1.00000000,1.00000000,0.99999729,0.99917612
253.0683,1.00000000,1.00000000,1.00000000,1.00000000,1.00000000,1.00000000,0.99999669,0.99912549
253.1233,1.00000000,1.00000000,1.00000000,1.00000000,1.00000000,1.00000000,0.99999597,0.99907235
253.1783,1.00000000,1.00000000,1.00000000,1.00000000,1.00000000,1.00000000,0.99999511,0.99901662
253.2333,1.00000000,1.00000000,1.00000000,1.00000000,1.00000000,1.00000000,0.99999408,0.99895822
253.2883,1.00000000,1.00000000,1.00000000,1.00000000,1.00000000,1.00000000,0.99999287,0.99889706
253.3433,1.00000000,1.00000000,1.00000000,1.00000000,1.00000000,1.00000000,0.99999143,0.99883307
253.3983,1.00000000,1.00000000,1.00000000,1.00000000,1.00000000,1.00000000,0.99998974,0.99876615
253.4534,1.00000000,1.00000000,1.00000000,1.00000000,1.00000000,1.00000000,0.99998775,0.99869623
253.5084,1.00000000,1.00000000,1.00000000,1.00000000,1.00000000,1.00000000,0.99998542,0.99862323
253.5634,1.00000000,1.00000000,1.00000000,1.00000000,1.00000000,1.00000000,0.99998271,0.99854707
253.6184,1.00000000,1.00000000,1.00000000,1.00000000,1.00000000,1.00000000,0.99997956,0.99846767
253.6734,1.00000000,1.00000000,1.00000000,1.00000000,1.00000000,1.00000000,0.99997592,0.99838496
253.7284,1.00000000,1.00000000,1.00000000,1.00000000,1.00000000,1.00000000,0.99997171,0.99829887
253.7834,1.00000000,1.00000000,1.00000000,1.00000000,1.00000000,1.00000000,0.99996689,0.99820933
253.8385,1.00000000,1.00000000,1.00000000,1.00000000,1.00000000,1.00000000,0.99996136,0.99811626
253.8935,1.00000000,1.00000000,1.00000000,1.00000000,1.00000000,1.00000000,0.99995506,0.99801961
253.9485,1.00000000,1.00000000,1.00000000,1.00000000,1.00000000,1.00000000,0.99994789,0.99791931
254.0035,1.00000000,1.00000000,1.00000000,1.00000000,1.00000000,1.00000000,0.99993978,0.99781531
254.0585,1.00000000,1.00000000,1.00000000,1.00000000,1.00000000,1.00000000,0.99993064,0.99770756
254.1135,1.00000000,1.00000000,1.00000000,1.00000000,1.00000000,1.00000000,0.99992035,0.99759601
254.1685,1.00000000,1.00000000,1.00000000,1.00000000,1.00000000,1.00000000,0.99990884,0.99748062
254.2236,1.00000000,1.00000000,1.00000000,1.00000000,1.00000000,1.00000000,0.99989600,0.99736134
254.2786,1.00000000,1.00000000,1.00000000,1.00000000,1.00000000,1.00000000,0.99988172,0.99723815
254.3336,1.00000000,1.00000000,1.00000000,1.00000000,1.00000000,1.00000000,0.99986591,0.99711103
254.3886,1.00000000,1.00000000,1.00000000,1.00000000,1.00000000,1.00000000,0.99984846,0.99697995
254.4436,1.00000000,1.00000000,1.00000000,1.00000000,1.00000000,1.00000000,0.99982929,0.99684490
254.4986,1.00000000,1.00000000,1.00000000,1.00000000,1.00000000,0.99999999,0.99980829,0.99670589
254.5536,1.00000000,1.00000000,1.00000000,1.00000000,1.00000000,0.99999999,0.99978537,0.99656290
254.6087,1.00000000,1.00000000,1.00000000,1.00000000,1.00000000,0.99999998,0.99976046,0.99641596
254.6637,1.00000000,1.00000000,1.00000000,1.00000000,1.00000000,0.99999997,0.99973347,0.99626509
254.7187,1.00000000,1.00000000,1.00000000,1.00000000,1.00000000,0.99999994,0.99970435,0.99611031
254.7737,1.00000000,1.00000000,1.00000000,1.00000000,1.00000000,0.99999989,0.99967304,0.99595165
254.8287,1.00000000,1.00000000,1.00000000,1.00000000,1.00000000,0.99999980,0.99963949,0.99578918
254.8837,1.00000000,1.00000000,1.00000000,1.00000000,1.00000000,0.99999965,0.99960367,0.99562294
254.9387,1.00000000,1.00000000,1.00000000,1.00000000,1.00000000,0.99999941,0.99956556,0.99545301
254.9937,1.00000000,1.00000000,1.00000000,1.00000000,1.00000000,0.99999903,0.99952517,0.99527945
255.0488,1.00000000,1.00000000,1.00000000,1.00000000,1.00000000,0.99999842,0.99948248,0.99510237
255.1038,1.00000000,1.00000000,1.00000000,1.00000000,1.00000000,0.99999748,0.99943754,0.99492186
255.1588,1.00000000,1.00000000,1.00000000,1.00000000,1.00000000,0.99999606,0.99939036,0.99473802
255.2138,1.00000000,1.00000000,1.00000000,1.00000000,1.00000000,0.99999396,0.99934100,0.99455098
255.2688,1.00000000,1.00000000,1.00000000,1.00000000,1.00000000,0.99999092,0.99928949,0.99436088
255.3238,1.00000000,1.00000000,1.00000000,1.00000000,1.00000000,0.99998661,0.99923592,0.99416786
255.3788,1.00000000,1.00000000,1.00000000,1.00000000,1.00000000,0.99998064,0.99918033,0.99397208
255.4339,1.00000000,1.00000000,1.00000000,1.00000000,0.99999999,0.99997254,0.99912280,0.99377370
255.4889,1.00000000,1.00000000,1.00000000,1.00000000,0.99999997,0.99996181,0.99906339,0.99357290
255.5439,1.00000000,1.00000000,1.00000000,1.00000000,0.99999990,0.99994790,0.99900217,0.99336988
255.5989,1.00000000,1.00000000,1.00000000,1.00000000,0.99999974,0.99993031,0.99893919,0.99316484
255.6539,1.00000000,1.00000000,1.00000000,0.99999998,0.99999933,0.99990858,0.99887448,0.99295799
255.7089,1.00000000,1.00000000,1.00000000,0.99999993,0.99999842,0.99988240,0.99880808,0.99274957
255.7639,1.00000000,1.00000000,1.00000000,0.99999975,0.99999651,0.99985164,0.99873999,0.99253980
255.8190,1.00000000,1.00000000,0.99999998,0.99999923,0.99999280,0.99981645,0.99867021,0.99232893
255.8740,1.00000000,1.00000000,0.99999992,0.99999788,0.99998608,0.99977731,0.99859868,0.99211724
255.9290,1.00000000,1.00000000,0.99999964,0.99999471,0.99997482,0.99973504,0.99852535,0.99190497
255.9840,1.00000000,1.00000000,0.99999866,0.99998810,0.99995739,0.99969085,0.99845012,0.99169242
256.0390,0.99999999,0.99999997,0.99999573,0.99997584,0.99993254,0.99964627,0.99837286,0.99147987
256.0940,0.99999990,0.99999977,0.99998853,0.99995572,0.99990007,0.99960308,0.99829342,0.99126761
256.1490,0.99999949,0.99999887,0.99997394,0.99992677,0.99986152,0.99956323,0.99821162,0.99105596
256.2041,0.99999810,0.99999598,0.99994992,0.99989070,0.99982046,0.99952867,0.99812726,0.99084522
256.2591,0.99999498,0.99998967,0.99991858,0.99985279,0.99978222,0.99950121,0.99804009,0.99063571
256.3141,0.99999050,0.99998082,0.99988806,0.99982108,0.99975285,0.99948235,0.99794988,0.99042777
256.3691,0.99998716,0.99997430,0.99986985,0.99980375,0.99973758,0.99947316,0.99785637,0.99022172
256.4241,0.99998758,0.99997512,0.99987201,0.99980576,0.99973932,0.99947417,0.99775929,0.99001789
256.4791,0.99999141,0.99998260,0.99989355,0.99982650,0.99975773,0.99948530,0.99765838,0.98981664
256.5341,0.99999575,0.99999122,0.99992512,0.99986015,0.99978934,0.99950591,0.99755340,0.98961829
256.5891,0.99999850,0.99999680,0.99995545,0.99989827,0.99982863,0.99953480,0.99744412,0.98942320
256.6442,0.99999962,0.99999916,0.99997759,0.99993323,0.99986957,0.99957036,0.99733034,0.98923170
256.6992,0.99999993,0.99999984,0.99999046,0.99996045,0.99990713,0.99961068,0.99721192,0.98904415
256.7542,0.99999999,0.99999998,0.99999657,0.99997886,0.99993813,0.99965370,0.99708877,0.98886090
256.8092,1.00000000,1.00000000,0.99999896,0.99998980,0.99996144,0.99969735,0.99696084,0.98868227
256.8642,1.00000000,1.00000000,0.99999973,0.99999556,0.99997751,0.99973967,0.99682820,0.98850861
256.9192,1.00000000,1.00000000,0.99999994,0.99999826,0.99998773,0.99977886,0.99669097,0.98834026
256.9742,1.00000000,1.00000000,0.99999999,0.99999938,0.99999374,0.99981334,0.99654937,0.98817754
257.0293,1.00000000,1.00000000,1.00000000,0.99999980,0.99999701,0.99984172,0.99640373,0.98802077
257.0843,1.00000000,1.00000000,1.00000000,0.99999994,0.99999866,0.99986273,0.99625448,0.98787028
257.1393,1.00000000,1.00000000,1.00000000,0.99999999,0.99999944,0.99987518,0.99610215,0.98772636
257.1943,1.00000000,1.00000000,1.00000000,1.00000000,0.99999978,0.99987781,0.99594740,0.98758932
257.2493,1.00000000,1.00000000,1.00000000,1.00000000,0.99999991,0.99986927,0.99579098,0.98745943
257.3043,1.00000000,1.00000000,1.00000000,1.00000000,0.99999993,0.99984802,0.99563376,0.98733697
257.3593,1.00000000,1.00000000,1.00000000,1.00000000,0.99999986,0.99981235,0.99547670,0.98722220
257.4144,1.00000000,1.00000000,1.00000000,1.00000000,0.99999962,0.99976043,0.99532086,0.98711535
257.4694,1.00000000,1.00000000,1.00000000,0.99999998,0.99999897,0.99969045,0.99516737,0.98701667
257.5244,1.00000000,1.00000000,1.00000000,0.99999993,0.99999738,0.99960080,0.99501744,0.98692636
257.5794,1.00000000,1.00000000,1.00000000,0.99999972,0.99999375,0.99949036,0.99487233,0.98684462
257.6344,1.00000000,1.00000000,0.99999999,0.99999905,0.99998607,0.99935878,0.99473332,0.98677163
257.6894,1.00000000,1.00000000,0.99999995,0.99999706,0.99997096,0.99920679,0.99460172,0.98670754
257.7444,1.00000000,1.00000000,0.99999971,0.99999176,0.99994335,0.99903647,0.99447885,0.98665249
257.7994,1.00000000,1.00000000,0.99999869,0.99997917,0.99989662,0.99885142,0.99436599,0.98660661
257.8545,1.00000000,0.99999999,0.99999497,0.99995248,0.99982349,0.99865683,0.99426436,0.98656997
257.9095,0.99999995,0.99999989,0.99998367,0.99990214,0.99971803,0.99845936,0.99417516,0.98654267
257.9645,0.99999966,0.99999920,0.99995511,0.99981816,0.99957858,0.99826687,0.99409945,0.98652476
258.0195,0.99999814,0.99999588,0.99989565,0.99969507,0.99941075,0.99808794,0.99403824,0.98651625
258.0745,0.99999281,0.99998470,0.99979486,0.99953855,0.99922913,0.99793128,0.99399238,0.98651717
258.1295,0.99998010,0.99995892,0.99965892,0.99936985,0.99905651,0.99780502,0.99396260,0.98652748
258.1845,0.99996064,0.99992035,0.99952037,0.99922343,0.99891962,0.99771608,0.99394947,0.98654716
258.2396,0.99994431,0.99988846,0.99942957,0.99913639,0.99884256,0.99766947,0.99395340,0.98657614
258.2946,0.99994366,0.99988719,0.99942624,0.99913330,0.99883987,0.99766789,0.99397463,0.98661433
258.3496,0.99995923,0.99991760,0.99951191,0.99921507,0.99891209,0.99771144,0.99401323,0.98666161
258.4046,0.99997891,0.99995653,0.99964884,0.99935850,0.99904553,0.99779759,0.99406908,0.98671787
258.4596,0.99999220,0.99998344,0.99978632,0.99952688,0.99921654,0.99792148,0.99414190,0.98678292
258.5146,0.99999793,0.99999544,0.99989004,0.99968511,0.99939834,0.99807633,0.99423122,0.98685661
258.5696,0.99999961,0.99999909,0.99995214,0.99981087,0.99956771,0.99825406,0.99433641,0.98693872
258.6247,0.99999995,0.99999987,0.99998238,0.99989749,0.99970942,0.99844602,0.99445670,0.98702903
258.6797,0.99999999,0.99999999,0.99999452,0.99994986,0.99981725,0.99864361,0.99459115,0.98712729
258.7347,1.00000000,1.00000000,0.99999856,0.99997787,0.99989247,0.99883897,0.99473871,0.98723323
258.7897,1.00000000,1.00000000,0.99999968,0.99999118,0.99994081,0.99902541,0.99489820,0.98734658
258.8447,1.00000000,1.00000000,0.99999994,0.99999683,0.99996951,0.99919773,0.99506838,0.98746702
258.8997,1.00000000,1.00000000,0.99999999,0.99999897,0.99998531,0.99935235,0.99524790,0.98759422
258.9547,1.00000000,1.00000000,1.00000000,0.99999970,0.99999338,0.99948728,0.99543538,0.98772786
259.0098,1.00000000,1.00000000,1.00000000,0.99999992,0.99999721,0.99960195,0.99562938,0.98786757
259.0648,1.00000000,1.00000000,1.00000000,0.99999998,0.99999890,0.99969694,0.99582847,0.98801297
259.1198,1.00000000,1.00000000,1.00000000,1.00000000,0.99999959,0.99977373,0.99603122,0.98816369
259.1748,1.00000000,1.00000000,1.00000000,1.00000000,0.99999986,0.99983433,0.99623621,0.98831932
259.2298,1.00000000,1.00000000,1.00000000,1.00000000,0.99999995,0.99988104,0.99644207,0.98847945
259.2848,1.00000000,1.00000000,1.00000000,1.00000000,0.99999999,0.99991624,0.99664750,0.98864366
259.3398,1.00000000,1.00000000,1.00000000,1.00000000,1.00000000,0.99994216,0.99685124,0.98881153
259.3948,1.00000000,1.00000000,1.00000000,1.00000000,1.00000000,0.99996083,0.99705216,0.98898260
259.4499,1.00000000,1.00000000,1.00000000,1.00000000,1.00000000,0.99997399,0.99724917,0.98915644
259.5049,1.00000000,1.00000000,1.00000000,1.00000000,1.00000000,0.99998306,0.99744132,0.98933260
259.5599,1.00000000,1.00000000,1.00000000,1.00000000,1.00000000,0.99998918,0.99762776,0.98951062
259.6149,1.00000000,1.00000000,1.00000000,1.00000000,1.00000000,0.99999322,0.99780774,0.98969005
259.6699,1.00000000,1.00000000,1.00000000,1.00000000,1.00000000,0.99999584,0.99798062,0.98987044
259.7249,1.00000000,1.00000000,1.00000000,1.00000000,1.00000000,0.99999749,0.99814589,0.99005131
259.7799,1.00000000,1.00000000,1.00000000,1.00000000,1.00000000,0.99999852,0.99830313,0.99023222
259.8350,1.00000000,1.00000000,1.00000000,1.00000000,1.00000000,0.99999914,0.99845205,0.99041271
259.8900,1.00000000,1.00000000,1.00000000,1.00000000,1.00000000,0.99999951,0.99859245,0.99059234
259.9450,1.00000000,1.00000000,1.00000000,1.00000000,1.00000000,0.99999973,0.99872420,0.99077066
260.0000,1.00000000,1.00000000,1.00000000,1.00000000,1.00000000,0.99999985,0.99884730,0.99094724
